contrast,model,industry,train_year,test_year,repeat,paired_status,rank_ic_difference,rank_icir_difference,net_cumulative_return_difference,gross_cumulative_return_difference,net_cagr_difference,benchmark_net_cagr_difference,relative_cumulative_return_difference,excess_cagr_difference,max_drawdown_difference,sharpe_difference,turnover_two_sided_daily_mean_difference,factor_count_difference,planned_request_difference,observed_request_difference,known_token_difference,usage_pair_complete
M3-M2,deepseek,ALL,2011,2012,1,both_valid_evaluated,-0.013840045562657069,-0.22496666103174517,-0.07711774449083353,-0.08463204551762371,-0.08104070768223393,0.0,-0.07096599654279867,-0.08104070768223393,-0.020584395749695616,-0.293437229438437,-0.020249891178080792,-1.0,9.0,9.0,22564.0,True
M3-M2,deepseek,ALL,2012,2013,2,both_valid_evaluated,0.0052704506129315765,-0.025326804325969787,0.02977467790046573,0.03030731600221337,0.03237692535585612,0.0,0.023581624093584885,0.03237692535585612,-0.01933373609553002,0.12358282927933928,0.0021124194526923046,-8.0,9.0,9.0,24427.0,True
M3-M2,deepseek,ALL,2014,2015,2,both_valid_evaluated,0.022392393922856482,0.23258834344077572,0.1793843169304412,0.1747095809647743,0.1905736052731961,0.0,0.10092700648961439,0.1905736052731961,0.02352570213138394,0.17901002224595808,-0.02644892210959149,-1.0,9.0,9.0,26600.0,True
M3-M2,deepseek,ALL,2014,2015,3,both_valid_evaluated,-0.06392078939464521,-0.5494257575135741,-0.48214865861102885,-0.4583288744361935,-0.5132486309538531,0.0,-0.27127132198219694,-0.5132486309538531,-0.05796873149307724,-0.5793243027374209,0.09512167298458016,2.0,9.0,9.0,28237.0,True
M3-M2,deepseek,ALL,2017,2018,1,both_valid_evaluated,-0.02841687181408554,-0.38008222908259137,-0.03134708049416035,-0.03636024139045935,-0.03220356554545556,0.0,-0.04531078615883222,-0.03220356554545556,-0.011009910020413405,-0.25433236059750586,-0.018390343531573344,-2.0,9.0,9.0,27164.0,True
M3-M2,deepseek,ALL,2017,2018,3,both_valid_evaluated,-0.00458196941910162,-0.10533671218965335,-0.03094597482618877,-0.03674122695512905,-0.031819145494625944,0.0,-0.044731006068882806,-0.031819145494625944,-0.019694861366646443,-0.1728436064870884,-0.026355283952737146,-1.0,9.0,9.0,26503.0,True
M3-M2,deepseek,ALL,2019,2020,2,both_valid_evaluated,0.00033213250151756246,-0.060322081665214355,-0.026628941023636,-0.024015047529130307,-0.027861064554208337,0.0,-0.022993117319213496,-0.027861064554208337,-0.007040104526997437,-0.11752430727364316,0.016150209291764722,-3.0,9.0,9.0,28839.0,True
M3-M2,deepseek,ALL,2019,2020,3,both_valid_evaluated,0.0025881886319251493,-0.03396418396431816,0.006443965533863505,-0.00613276630716153,0.0067424130388265,0.0,0.005564128719560357,0.0067424130388265,0.011487454128033203,0.05887395692455477,-0.04513095959769525,-7.0,9.0,9.0,26387.0,True
M3-M2,deepseek,ALL,2020,2021,2,both_valid_evaluated,0.015221966237361467,0.1903091082102053,0.03676675904039617,0.03396666774383039,0.03865567787676327,0.0,0.02922449869261523,0.03865567787676327,-0.016880299802808807,0.11835885657804313,-0.013587114869845235,-1.0,9.0,9.0,27574.0,True
M3-M2,deepseek,ALL,2020,2021,3,both_valid_evaluated,-0.015728770027112406,0.10196469070841752,0.02216346770506239,0.03698930797607258,0.02330439788385008,0.0,0.017616897705309276,0.02330439788385008,-0.006982605537483089,0.04925070742521109,0.04104290340194017,-6.0,9.0,9.0,23781.0,True
M3-M2,deepseek,ALL,2022,2023,2,both_valid_evaluated,0.004450798984687823,0.06633396924835355,0.02009369603662603,0.0051048086062408515,0.02107425111102068,0.0,0.019166758003978046,0.02107425111102068,0.016043867387708244,0.15466648959345286,-0.0589153232376738,5.0,9.0,9.0,26994.0,True
M3-M2,deepseek,ALL,2022,2023,3,both_valid_evaluated,0.014463593510543174,0.04102258027427397,0.012466858702360861,0.014854003972763152,0.013075978012488054,0.0,0.011891752686135515,0.013075978012488054,0.015664025845439244,0.09403020158077557,0.0071893474887799735,1.0,9.0,9.0,24078.0,True
M3-M2,deepseek,C26,2015,2016,1,both_valid_evaluated,-0.016017816045002034,-0.2558021278506508,-0.12477800863903021,-0.13603133297970338,-0.1306424577072447,0.0,-0.10997502861475006,-0.1306424577072447,-0.006983113825984044,-0.35768075960916756,-0.009987570718282518,4.0,9.0,9.0,30428.0,True
M3-M2,deepseek,C26,2015,2016,2,both_valid_evaluated,-0.00968370705646078,-0.06032044001035275,-0.014059441022219676,-0.016586025517237646,-0.014685977454109267,0.0,-0.012391505887860088,-0.014685977454109267,0.0019729052532763136,-0.03217068412217372,-0.008260731023570084,2.0,9.0,9.0,29840.0,True
M3-M2,deepseek,C26,2017,2018,3,both_valid_evaluated,0.0014221327855584824,0.009816418315653164,0.022719522144885373,0.025520650611316253,0.02330247934117058,0.0,0.0325980254628232,0.02330247934117058,-0.003492999915451489,0.1698684240755317,0.0103021340876302,0.0,9.0,9.0,24703.0,True
M3-M2,deepseek,C26,2018,2019,3,both_valid_evaluated,-0.011610914281095994,-0.1485344531840878,0.00985987462968052,0.022209282023404775,0.010313337081267138,0.0,0.007724780783601393,0.010313337081267138,0.001006346157525373,0.03796392633087442,0.0372908889752083,0.0,9.0,9.0,25312.0,True
M3-M2,deepseek,C26,2019,2020,2,both_valid_evaluated,-0.009909101826879221,-0.08251508363073828,0.10981791262860763,0.12277242073911965,0.11509037759310292,0.0,0.0889729818295959,0.11509037759310292,0.0008990636891755832,0.3647398278134083,0.025143570953203853,2.0,9.0,9.0,33130.0,True
M3-M2,deepseek,C26,2019,2020,3,both_valid_evaluated,-0.012539677428884267,-0.10911712684234387,-0.19444087774053043,-0.20493755057332486,-0.20367027792987957,0.0,-0.15753335924937462,-0.20367027792987957,0.009044000669810148,-0.6567108550208338,-0.0015342076344883049,3.0,9.0,9.0,29344.0,True
M3-M2,deepseek,C26,2020,2021,1,both_valid_evaluated,0.004571732491358029,0.15797524887698355,0.31685041990046425,0.337156618142086,0.3357706719308968,0.0,0.20432590884950708,0.3357706719308968,-0.02376647723455505,0.7781565867114006,0.014541075639292939,1.0,9.0,9.0,28752.0,True
M3-M2,deepseek,C26,2020,2021,3,both_valid_evaluated,-0.012825021639939066,-0.01609852331973377,-0.18262224477124,-0.16384870097405746,-0.19355309581642577,0.0,-0.11776678771876892,-0.19355309581642577,-0.015544992152098702,-0.7147014216616159,0.07172907264591918,5.0,9.0,9.0,29133.0,True
M3-M2,deepseek,C26,2023,2024,1,both_valid_evaluated,-0.007408413213825779,0.0018752390542428055,0.04259333830704515,0.046176091285239584,0.044594585803401365,0.0,0.044051181302908304,0.044594585803401365,-0.0032282806871941627,0.1311731989144302,0.007369025646892763,0.0,9.0,9.0,27262.0,True
M3-M2,deepseek,C26,2023,2024,2,both_valid_evaluated,-0.009974644705833396,-0.06369943434775949,-0.012084949610839946,-0.029077957749199745,-0.012641041354841454,0.0,-0.01249858140975002,-0.012641041354841454,-0.013551430828962818,-0.03955712970129416,-0.06869274023436643,-1.0,9.0,9.0,25933.0,True
M3-M2,deepseek,C26,2023,2024,3,both_valid_evaluated,0.015162112447743029,0.10440510731949126,0.06926888668078113,0.06608508343238184,0.07249960688308121,0.0,0.07163975417538415,0.07249960688308121,0.038645524799517106,0.20233765604090637,-0.02410172926777082,2.0,9.0,9.0,29469.0,True
M3-M2,deepseek,C35,2015,2016,2,both_valid_evaluated,0.017255626446087455,0.1671004769398845,0.06682862994200423,0.06976046504393607,0.06968467858480909,0.0,0.06683845572879976,0.06968467858480909,0.010661953578951056,0.19077702011298303,0.0045824200492704525,5.0,9.0,9.0,28844.0,True
M3-M2,deepseek,C35,2015,2016,3,both_valid_evaluated,-0.021611671125326512,-0.18373833219813285,-0.08941976228592341,-0.10170638788460118,-0.09306736831877149,0.0,-0.08943290963789341,-0.09306736831877149,-0.032759974609125386,-0.24397583196325595,-0.028661537125391295,0.0,9.0,9.0,29624.0,True
M3-M2,deepseek,C35,2016,2017,1,both_valid_evaluated,-0.006513629551501053,-0.015002507942539989,-0.018198950068040065,-0.014716770614780827,-0.018767589243694816,0.0,-0.02291615863657226,-0.018767589243694816,-0.038058705478189125,-0.18644294699869468,0.020032997386092904,4.0,9.0,9.0,31011.0,True
M3-M2,deepseek,C35,2016,2017,3,both_valid_evaluated,0.0130951144580824,0.08568414207411482,0.09039425185728056,0.08871615321233439,0.09303338212354739,0.0,0.1138246441498576,0.09303338212354739,0.0863780311976644,0.5686081826327521,-0.032935084254493124,-2.0,9.0,9.0,27052.0,True
M3-M2,deepseek,C35,2017,2018,1,both_valid_evaluated,0.013010144164337156,-0.005122233644373364,0.03289271938191751,0.023866379429523854,0.03390197147651952,0.0,0.046643617783768354,0.03390197147651952,0.016850951554902904,0.15833311709238562,-0.05261879012071442,-1.0,9.0,9.0,27615.0,True
M3-M2,deepseek,C35,2017,2018,2,both_valid_evaluated,-0.0017506197397572365,0.1629628613995821,0.017986889222267544,0.03130612556300949,0.018445450517497908,0.0,0.025506361339757366,0.018445450517497908,0.03986627737232873,0.49534958190417844,0.07240644873023717,0.0,9.0,9.0,27191.0,True
M3-M2,deepseek,C35,2018,2019,3,both_valid_evaluated,-0.00767772902456984,-0.21263450417914798,-0.09225110858269026,-0.11404451299575635,-0.09682981384223721,0.0,-0.0707581873944998,-0.09682981384223721,0.03916940737823593,-0.21094038616826682,-0.04930496362731687,2.0,9.0,9.0,27027.0,True
M3-M2,deepseek,C35,2019,2020,1,both_valid_evaluated,0.008074934628336514,0.05460208274579864,0.080938816761841,0.07454114851764704,0.08526918511813864,0.0,0.06089381414705208,0.08526918511813864,-0.003306477540936159,0.2707906431977374,-0.029124162121703212,-8.0,9.0,9.0,31037.0,True
M3-M2,deepseek,C35,2019,2020,2,both_valid_evaluated,-0.019568538486379898,-0.13161371234136798,0.03917394041860822,0.0447806554007768,0.04115327624974463,0.0,0.029472269829166287,0.04115327624974463,-0.021120904505437244,0.12632372390475954,0.010051970058105292,1.0,9.0,9.0,33644.0,True
M3-M2,deepseek,C35,2019,2020,3,both_valid_evaluated,0.005325676822886323,0.002585197629882907,0.05307930620361745,0.05359601894505395,0.055881510974059356,0.0,0.039933885079246445,0.055881510974059356,-0.0002762741592328144,0.21022529314777105,-0.006432787441309706,3.0,9.0,9.0,27805.0,True
M3-M2,deepseek,C35,2020,2021,1,both_valid_evaluated,0.009130973946356383,0.027555765620580208,0.08714800154987135,0.10045464523167169,0.09151972796642793,0.0,0.06427548526351323,0.09151972796642793,0.018055350778476642,0.49481109698269465,0.03347355694432594,1.0,9.0,9.0,28367.0,True
M3-M2,deepseek,C35,2020,2021,2,both_valid_evaluated,-0.010986290489624996,-0.0721378914542265,0.0017287363531874878,0.006538524800496104,0.0018124972795063865,0.0,0.0012750191171074787,0.0018124972795063865,-0.003612583746731124,-0.021772147708678524,0.014462547366086598,0.0,9.0,9.0,26112.0,True
M3-M2,deepseek,C35,2021,2022,3,both_valid_evaluated,0.03967716948898027,0.5810788592388173,-0.0273185189038615,-0.019112972884265056,-0.028413034615200505,0.0,-0.03150861705343688,-0.028413034615200505,0.013694916810175095,-0.14798885152870175,0.04225681496549599,2.0,9.0,9.0,31016.0,True
M3-M2,deepseek,C39,2015,2016,1,both_valid_evaluated,-0.0055403901740873895,-0.012089269343831532,-0.08578936000930137,-0.09025746250486333,-0.0891038601409796,0.0,-0.08464923679480296,-0.0891038601409796,-0.024895340828308354,-0.2339767677574125,-0.008309210036240633,5.0,9.0,9.0,27084.0,True
M3-M2,deepseek,C39,2016,2017,1,both_valid_evaluated,0.0013352604013716247,0.011982405454760564,0.00602778480722399,0.013133636476040045,0.006203154954659729,0.0,0.00681298669527286,0.006203154954659729,0.007624360449332013,0.06552405855730736,0.02934471324320878,0.0,9.0,9.0,25908.0,True
M3-M2,deepseek,C39,2016,2017,2,both_valid_evaluated,0.01908722487277964,0.10929732696256374,-0.05932457374778377,-0.0588379365867715,-0.06119874568678785,0.0,-0.06705241553447572,-0.06119874568678785,-0.033157816110676586,-0.24542463129883918,0.015702776920376083,2.0,9.0,9.0,26552.0,True
M3-M2,deepseek,C39,2016,2017,3,both_valid_evaluated,0.014747398352287559,0.09368945726773895,0.05096010339711121,0.05199956704581721,0.05247912979089653,0.0,0.057598357860777716,0.05247912979089653,-0.015123633405072057,0.32556052173737604,-0.008198328096244323,3.0,9.0,9.0,27976.0,True
M3-M2,deepseek,C39,2017,2018,1,both_valid_evaluated,-0.01795274795529308,-0.16563171715407699,-0.023500406247419336,-0.024870534157683477,-0.024046959508217114,0.0,-0.034155764408761446,-0.024046959508217114,-0.053824994528443804,-0.28420912536142895,0.00453469259197492,-1.0,9.0,9.0,28091.0,True
M3-M2,deepseek,C39,2017,2018,2,both_valid_evaluated,0.0028252490677365127,-0.01902236304275101,0.06545162790099524,0.06252649725109038,0.06713202797131745,0.0,0.09512815902924232,0.06713202797131745,0.05670036808406387,0.33196552152344494,-0.024807120892961484,0.0,9.0,9.0,27925.0,True
M3-M2,deepseek,C39,2017,2018,3,both_valid_evaluated,0.017378675162089068,0.19980205842185772,0.054629445259160136,0.05010017518945509,0.056010095121070136,0.0,0.07939907261212154,0.056010095121070136,0.035933302605195894,0.3190595366784805,-0.03772352183228811,1.0,9.0,9.0,25744.0,True
M3-M2,deepseek,C39,2018,2019,1,both_valid_evaluated,0.020723584438072415,0.14130754707318677,0.007568519372587401,-0.021278263007385778,0.00798348020355144,0.0,0.0048939982137963245,0.00798348020355144,-0.003351885955565348,0.03309767833477406,-0.06950312836561168,1.0,9.0,9.0,28213.0,True
M3-M2,deepseek,C39,2018,2019,2,both_valid_evaluated,-0.017805031567899608,-0.0951471536387109,-0.06611640560988263,-0.08764311919133383,-0.0698580100102546,0.0,-0.042752558991837164,-0.0698580100102546,0.0026580869578882727,-0.1356903096714437,-0.04546647563732811,-1.0,9.0,9.0,24731.0,True
M3-M2,deepseek,C39,2018,2019,3,both_valid_evaluated,0.026615239137262506,0.177358914559406,0.1363963262429977,0.1405218319233894,0.14393051336732166,0.0,0.08819735329202516,0.14393051336732166,-0.006398130551271808,0.2251063417064887,-0.0024362824529146065,0.0,9.0,9.0,26074.0,True
M3-M2,deepseek,C39,2021,2022,1,both_valid_evaluated,0.0238704540837978,0.208756393718733,0.06465653299708163,0.04548792421884584,0.06713402501974775,0.0,0.08286406797874601,0.06713402501974775,-0.00010121656258255118,0.24919212853431927,-0.10167657375989386,1.0,9.0,9.0,25525.0,True
M3-M2,deepseek,C39,2021,2022,2,both_valid_evaluated,-0.012627546611811688,0.021499896625118198,-0.044325190051303975,-0.04554704725727243,-0.04605826662513046,0.0,-0.05680733858321596,-0.04605826662513046,-0.01820109365804279,-0.1833293140602545,0.0013601009848543955,1.0,9.0,9.0,26068.0,True
M3-M2,deepseek,C39,2022,2023,1,both_valid_evaluated,-0.015701123871671357,0.0674013907960993,0.011321429822324758,0.01611896785565725,0.011953625709816063,0.0,0.009388042800217544,0.011953625709816063,-0.008713872789834598,0.01848373463079822,0.013986710717058981,-5.0,9.0,9.0,33017.0,True
M3-M2,deepseek,C39,2022,2023,3,both_valid_evaluated,-0.005560128687332994,-0.13150434445970305,-0.03027786724659509,-0.0439371836334459,-0.03188992510920374,0.0,-0.025107245115791876,-0.03188992510920374,0.01102863775373597,-0.09144968052834301,-0.04182418322700768,3.0,9.0,9.0,26593.0,True
M3-M2,deepseek,C39,2023,2024,1,both_valid_evaluated,-0.017845386441890793,0.1046771531923602,-0.04050983953845799,-0.04116032726284513,-0.04274268248327151,0.0,-0.03656085711179857,-0.04274268248327151,0.09835536180190885,-0.036458083963096466,0.0033496847177872657,-2.0,9.0,9.0,24347.0,True
M3-M2,deepseek,C39,2023,2024,2,both_valid_evaluated,0.004458701794957304,0.04722874479780892,0.011923225827775275,0.009294896915829298,0.012541195064208699,0.0,0.010760925265753007,0.012541195064208699,-0.05403093554674898,0.00926620514902654,-0.013807342173538573,1.0,9.0,9.0,26681.0,True
M3-M2,glm,ALL,2008,2009,1,both_valid_evaluated,0.005466530008144593,-0.015524544336023016,0.04143961612738334,0.05537212298144878,0.044709304952951445,0.0,0.017238118556344828,0.044709304952951445,-0.01210209589733835,0.013433671975899841,0.018019901295336982,2.0,9.0,9.0,28204.0,True
M3-M2,glm,ALL,2009,2010,1,both_valid_evaluated,-0.017949520930742723,-0.11565559817913823,-0.12438209938494738,-0.13243560535962318,-0.13074103358517442,0.0,-0.10905132312286558,-0.13074103358517442,-0.01021989892159425,-0.41466901105831694,-0.0029988957049243703,-1.0,9.0,9.0,28998.0,True
M3-M2,glm,ALL,2010,2011,1,both_valid_evaluated,0.00987228314270442,0.09630639143456438,-0.020157818692015383,0.0021162649607331385,-0.020673605647871574,0.0,-0.028512035866423924,-0.020673605647871574,-0.03482604653903232,-0.0922342966271732,0.1260564761030691,5.0,9.0,9.0,32758.0,True
M3-M2,glm,ALL,2011,2012,1,both_valid_evaluated,-0.039431119105654014,-0.24265723289022478,-0.15786712938280156,-0.15797398729908818,-0.16555333898684976,0.0,-0.14527393444880987,-0.16555333898684976,-0.03118230602779315,-0.5635075700635717,0.022752883227172283,-3.0,9.0,9.0,27004.0,True
M3-M2,glm,ALL,2014,2015,1,both_valid_evaluated,-0.02488044779945149,-0.20151219774511908,-0.3460840517345001,-0.3279568638891699,-0.3690477419614768,0.0,-0.19471728595373383,-0.3690477419614768,-0.04702960146937607,-0.34673774604202645,0.06393402138550056,-1.0,9.0,9.0,25584.0,True
M3-M2,glm,ALL,2016,2017,1,both_valid_evaluated,-0.011414651663271921,-0.1395731901656962,0.0011710617168154691,-0.0020345727503803257,0.0012077814323487868,0.0,0.0013798386453245381,0.0012077814323487868,-0.012313817790704285,0.04214673634189803,-0.013134939005667243,4.0,9.0,9.0,27244.0,True
M3-M2,glm,ALL,2016,2017,2,both_valid_evaluated,0.011797049425177564,0.1106330500966331,0.035585234763386375,0.039513291778042525,0.03672753488228453,0.0,0.0419293718037268,0.03672753488228453,0.005158688926492072,0.22260541760848895,0.013618403725829703,-1.0,9.0,9.0,25767.0,True
M3-M2,glm,ALL,2016,2017,3,both_valid_evaluated,0.01867055451015122,0.11556012360902401,0.049318029967017396,0.03986011498123043,0.05079668430951889,0.0,0.05811045027141537,0.05079668430951889,0.02857185807791829,0.3318384612288843,-0.05467645472307009,-2.0,9.0,9.0,23939.0,True
M3-M2,glm,ALL,2017,2018,1,both_valid_evaluated,0.0036110220625375777,-0.026982759373211485,0.013792886051639974,0.01319637077403879,0.01415990833685754,0.0,0.019936992553913235,0.01415990833685754,0.01591782189341373,0.013502597733013877,-0.003983501520917754,-1.0,9.0,9.0,26594.0,True
M3-M2,glm,C26,2016,2017,2,both_valid_evaluated,0.008142447960552558,0.06216288216320451,-0.04848555110637687,-0.05254015572844417,-0.04994026547953079,0.0,-0.05662614918017894,-0.04994026547953079,-0.0010714997459867481,-0.3563652968260934,-0.014262741981352592,0.0,9.0,9.0,25195.0,True
M3-M2,glm,C26,2016,2017,3,both_valid_evaluated,-0.006026724635887184,-0.008900212587642148,0.03604121187637732,0.04502727232152104,0.03709406545104077,0.0,0.04209243772167337,0.03709406545104077,-0.005712899970290564,0.2865137279187502,0.03914916882444398,2.0,9.0,9.0,28890.0,True
M3-M2,glm,C26,2017,2018,1,both_valid_evaluated,-0.014444792219495909,-0.14685972064075198,0.0361779040434147,0.055172580260010595,0.037091124964075184,0.0,0.05190814444415137,0.037091124964075184,0.03194103554447447,0.1973202620193757,0.105743755399098,-1.0,9.0,9.0,25958.0,True
M3-M2,glm,C35,2016,2017,1,both_valid_evaluated,0.014751589551773296,0.11670701765442065,0.022159483684832892,0.01239041034484345,0.02282440292800847,0.0,0.027903271426517495,0.02282440292800847,0.012010352025431437,0.06068947597642127,-0.052463492012222085,6.0,9.0,9.0,25750.0,True
M3-M2,glm,C35,2016,2017,3,both_valid_evaluated,-0.0061837718833674185,-0.07481285612539657,0.01197139256241031,0.012880128838099303,0.012314786939664701,0.0,0.01507440429449014,0.012314786939664701,0.017869454235633575,0.2894866019394886,0.005803159610257763,4.0,9.0,9.0,28768.0,True
M3-M2,glm,C39,2016,2017,1,both_valid_evaluated,-0.00725883550585176,-0.05944596850067088,-0.03477043365636978,-0.05727450817545543,-0.0358252989327259,0.0,-0.039299760934699,-0.0358252989327259,-0.03548106389902783,-0.22412481371298343,-0.09546286343568547,2.0,9.0,9.0,26510.0,True
M3-M2,glm,C39,2016,2017,2,both_valid_evaluated,-0.005028711111220656,-0.023927736498073143,-0.016096816852355533,-0.020396556991780557,-0.016628199625102646,0.0,-0.018193648671716023,-0.016628199625102646,0.00042692909653962996,-0.11013838346759641,-0.016260786272570216,0.0,9.0,9.0,24200.0,True
M3-M2,glm,C39,2016,2017,3,both_valid_evaluated,0.019025609040256183,0.09967399813967853,0.05543928503776341,0.04236424914082737,0.05715066515847933,0.0,0.06266101452478157,0.05715066515847933,0.02102364111712063,0.2787385663479356,-0.0744690375315876,4.0,9.0,9.0,26119.0,True
M3-M2,glm,C39,2017,2018,1,both_valid_evaluated,0.005027695582421193,0.03657090489967568,0.04025132924774155,0.0358655634293088,0.04121157367250228,0.0,0.058501751180421446,0.04121157367250228,0.05459942358860703,0.1914822295743952,-0.038306347329135015,0.0,9.0,9.0,26199.0,True
M3-M0,deepseek,ALL,2011,2012,1,both_valid_evaluated,0.005421530598253725,-0.1901058430800317,0.09419612070559569,0.02869338665436283,0.09869683291790365,0.0,0.08668201618802418,0.09869683291790365,0.08297351767304095,0.3633519498309996,-0.2351570542887524,-1.0,9.0,9.0,71906.0,True
M3-M0,deepseek,ALL,2012,2013,2,both_valid_evaluated,0.016758610836734245,-0.06507664782939215,0.07501502473687016,0.04503257593043175,0.08148813740392269,0.0,0.05941209912091683,0.08148813740392269,-0.007874712402368145,0.4281752992638117,-0.09272017554352394,0.0,9.0,9.0,72733.0,True
M3-M0,deepseek,ALL,2014,2015,2,both_valid_evaluated,-0.015403072379359756,0.036827257513639466,-0.016438241778944374,-0.026815942606722043,-0.017496025992083997,0.0,-0.009248648728554798,-0.017496025992083997,0.015866117220667775,-0.01880440712597986,-0.0251533022470824,-6.0,9.0,9.0,71788.0,True
M3-M0,deepseek,ALL,2014,2015,3,both_valid_evaluated,-0.05855126751372091,-0.4779662080176007,-0.17867691390546536,-0.20636614953930454,-0.18966902757827775,0.0,-0.10052900029311851,-0.18966902757827775,-0.005645708251135528,-0.26782191505075215,-0.024608364573826647,0.0,9.0,9.0,75364.0,True
M3-M0,deepseek,ALL,2017,2018,1,both_valid_evaluated,-0.026502941992768904,-0.21940510120711554,-0.0261917994849159,-0.023357833354127222,-0.026903470243606398,0.0,-0.03785906077591883,-0.026903470243606398,-0.0014201936685848127,-0.19684428072787208,0.023385796061120262,-2.0,9.0,9.0,74171.0,True
M3-M0,deepseek,ALL,2017,2018,3,both_valid_evaluated,-0.00017793350961460563,0.29092051460037927,0.033085750189530416,0.03265367688065357,0.03395681419547969,0.0,0.04782395451536936,0.03395681419547969,0.016431729848421117,0.501693900226885,-0.0063699973259507825,1.0,9.0,9.0,73857.0,True
M3-M0,deepseek,ALL,2019,2020,2,both_valid_evaluated,0.013251370348359194,0.09340715715165232,0.04664869359571666,0.04961776598422918,0.04874009119906586,0.0,0.040279441968132046,0.04874009119906586,0.007799015931258091,0.18972696940614925,0.0024248470444020176,1.0,9.0,9.0,82582.0,True
M3-M0,deepseek,ALL,2019,2020,3,both_valid_evaluated,0.0054653553919409015,-0.011552615451423609,0.017151291036353156,0.009926210595256002,0.017942090148676204,0.0,0.014809512951521664,0.017942090148676204,0.002653456365743212,0.09567402320447715,-0.028066185830900897,-4.0,9.0,9.0,77071.0,True
M3-M0,deepseek,ALL,2020,2021,2,both_valid_evaluated,0.03314114124581567,0.2984046155125808,0.10152649249414769,0.08930754753573833,0.10662683381313665,0.0,0.08069954830397419,0.10662683381313665,-0.017602429318645196,0.539494704465838,-0.053219989868957124,0.0,9.0,9.0,74804.0,True
M3-M0,deepseek,ALL,2020,2021,3,both_valid_evaluated,-0.01322047906730299,0.08214448796654039,0.06770253066364895,0.07374688802515239,0.07113398521515557,0.0,0.05381416721263521,0.07113398521515557,-0.013764621416382683,0.23229277234749124,0.007572402457806077,-1.0,9.0,9.0,73912.0,True
M3-M0,deepseek,ALL,2022,2023,2,both_valid_evaluated,0.012729484965905716,0.028160557276997067,0.033326128387471954,0.021906691889870267,0.03494246484207464,0.0,0.03178876782289741,0.03494246484207464,0.015024774161700227,0.24472884920579419,-0.04480523217465378,5.0,9.0,9.0,76571.0,True
M3-M0,deepseek,ALL,2022,2023,3,both_valid_evaluated,0.015550989378610311,0.05221776519353627,0.0400471749984499,0.034869196575755934,0.04197887273424028,0.0,0.03819976725731011,0.04197887273424028,0.027237040740596075,0.27307770306575974,-0.026026192089509625,2.0,9.0,9.0,74108.0,True
M3-M0,deepseek,C26,2015,2016,1,both_valid_evaluated,0.04033269400807468,0.2518340012605599,0.09341487798342829,0.07848941846881052,0.09748745902089073,0.0,0.08233264812704721,0.09748745902089073,-0.0016824027163089283,0.2451580493931489,-0.059414083771090254,7.0,9.0,9.0,76447.0,True
M3-M0,deepseek,C26,2015,2016,2,both_valid_evaluated,0.00531490872136034,0.03456972513480627,-0.09667299680606112,-0.11685982311612997,-0.10110525746258525,0.0,-0.08520424156452422,-0.10110525746258525,-0.03415365089670652,-0.2601227412005501,-0.05354334273832906,1.0,9.0,9.0,77037.0,True
M3-M0,deepseek,C26,2018,2019,3,both_valid_evaluated,-0.0015270621907444437,-0.025348020562495688,-0.0034938881832689006,-0.00014687890642783863,-0.003655289526083294,0.0,-0.0027373086689076453,-0.003655289526083294,0.010159078901980756,-0.006811190830092517,0.010545113885415541,0.0,9.0,9.0,72654.0,True
M3-M0,deepseek,C26,2019,2020,2,both_valid_evaluated,-0.0031114762070223803,-0.024222008677067308,0.07589919114849475,0.08913142262829266,0.07959120480786974,0.0,0.061492494196041525,0.07959120480786974,-0.013052317679367875,0.23340075333496668,0.03357497549634467,3.0,9.0,9.0,82841.0,True
M3-M0,deepseek,C26,2019,2020,3,both_valid_evaluated,-0.008089877223696834,-0.06807298221997754,-0.13836164011679775,-0.15018566815993362,-0.1447851506981226,0.0,-0.1120987223064196,-0.1447851506981226,-0.00032613804913028677,-0.5000880212964272,-0.013032942368352174,2.0,9.0,9.0,80249.0,True
M3-M0,deepseek,C26,2020,2021,1,both_valid_evaluated,0.013624389658040404,0.14929675812426485,0.21912488511496697,0.21482219991142304,0.23252051975294985,0.0,0.14130608164169212,0.23252051975294985,0.06726676047907265,0.9144085773286024,-0.03692167547142183,1.0,9.0,9.0,76139.0,True
M3-M0,deepseek,C26,2020,2021,3,both_valid_evaluated,-0.005066034672572713,-0.10515321644324921,-0.2574426035610813,-0.27161637668889016,-0.2731180027110278,0.0,-0.1660158568378285,-0.2731180027110278,0.0073155788452978765,-0.7195180720392649,0.0020681797048937023,5.0,9.0,9.0,76830.0,True
M3-M0,deepseek,C26,2023,2024,1,both_valid_evaluated,0.007087138384567815,0.06336988429850421,0.03580996759503319,0.03179330729631746,0.037498167316827535,0.0,0.03703563603323268,0.037498167316827535,0.019931897485583105,0.09389678706401522,-0.02130363382737338,0.0,9.0,9.0,77160.0,True
M3-M0,deepseek,C26,2023,2024,2,both_valid_evaluated,-0.001061379161165929,-0.005745431745940999,-0.02274048999542111,-0.0289330653821136,-0.023792608376504765,0.0,-0.023518829176617295,-0.023792608376504765,-0.013875858445240308,-0.06609792903698469,-0.022341755633240853,1.0,9.0,9.0,72406.0,True
M3-M0,deepseek,C26,2023,2024,3,both_valid_evaluated,0.0018945478099144653,0.09736792708548714,-0.007824374698924164,-0.00745904497812222,-0.008203233253643916,0.0,-0.008092179719737747,-0.008203233253643916,0.04397468298997509,-0.02178243759966636,0.0021464040730568568,0.0,9.0,9.0,81009.0,True
M3-M0,deepseek,C35,2015,2016,2,both_valid_evaluated,0.00661688748970711,-0.02204428944154946,0.06609603848410872,0.04684685285181556,0.06892159222784833,0.0,0.06610575655827455,0.06892159222784833,0.024210952886165926,0.1913323391915941,-0.07539505722991083,3.0,9.0,9.0,75647.0,True
M3-M0,deepseek,C35,2015,2016,3,both_valid_evaluated,-0.021436807116992626,-0.14980424186065655,-0.1062127510760833,-0.11989085273206146,-0.1105760137114511,0.0,-0.1062283674944946,-0.1105760137114511,-0.0322107733688094,-0.2813352824737833,-0.032997232420598654,-1.0,9.0,9.0,77534.0,True
M3-M0,deepseek,C35,2016,2017,1,both_valid_evaluated,0.008538417158110295,0.08800521381703158,0.026995245382213318,0.022063308742425347,0.027811255841668103,0.0,0.03399247337341649,0.027811255841668103,0.025718562546621526,-0.0021544850111617775,-0.03587384780452538,2.0,9.0,9.0,74850.0,True
M3-M0,deepseek,C35,2016,2017,2,both_valid_evaluated,-0.00433271689973426,-0.02175867631690842,0.05674346868012059,0.04339669607348173,0.05849086747845489,0.0,0.07145150269666312,0.05849086747845489,0.04274397034074251,0.2032151782897006,-0.07550460665746589,-6.0,9.0,9.0,70469.0,True
M3-M0,deepseek,C35,2016,2017,3,both_valid_evaluated,-0.023776757321506088,-0.2344082262314951,0.06590668196902028,0.06113072238895423,0.06786894630205276,0.0,0.08298984136807541,0.06786894630205276,0.059738671676830224,0.4483261534937074,-0.04129222160845972,-2.0,9.0,9.0,72186.0,True
M3-M0,deepseek,C35,2017,2018,1,both_valid_evaluated,-0.008484881034666894,-0.08775807787061973,0.10021324417024269,0.10452129845844271,0.1030972267212864,0.0,0.142107686618271,0.1030972267212864,0.06047372002489659,0.7002283042557494,0.008565847925210257,-1.0,9.0,9.0,73226.0,True
M3-M0,deepseek,C35,2018,2019,3,both_valid_evaluated,-0.02021074263601519,-0.28385273066926064,-0.08254476672644895,-0.0804190775384761,-0.08663056867552066,0.0,-0.0633132562003842,-0.08663056867552066,0.005903553721223642,-0.2485239868274336,0.012496877514147325,1.0,9.0,9.0,73986.0,True
M3-M0,deepseek,C35,2019,2020,1,both_valid_evaluated,0.005774780566990184,-0.021370732482784538,0.04675584817034606,0.036397533290010164,0.04928366355532399,0.0,0.035176470853909736,0.04928366355532399,0.0013131171146214538,0.17208310187324427,-0.03548818546970689,3.0,9.0,9.0,81950.0,True
M3-M0,deepseek,C35,2019,2020,2,both_valid_evaluated,-0.010492841299961003,-0.07500112716563168,-0.028851807545764885,-0.024410925220016866,-0.030343604266334534,0.0,-0.02170647751953081,-0.030343604266334534,-0.035659587541532645,-0.04447051350213371,0.017775900758812108,5.0,9.0,9.0,82996.0,True
M3-M0,deepseek,C35,2019,2020,3,both_valid_evaluated,0.01600671474692795,0.11666208836395042,0.1818230758910171,0.1911991946734135,0.19101561775001374,0.0,0.13679345750175143,0.19101561775001374,0.020873947198157494,0.6279281647983292,-0.00017469539691455926,3.0,9.0,9.0,79475.0,True
M3-M0,deepseek,C35,2020,2021,1,both_valid_evaluated,0.010900370827211098,0.08452160941218512,0.10982535690930617,0.09630243744840405,0.11528985884755016,0.0,0.0810010325428353,0.11528985884755016,0.03223576816948248,0.5986511010300541,-0.06127653696272886,0.0,9.0,9.0,73564.0,True
M3-M0,deepseek,C35,2020,2021,2,both_valid_evaluated,-0.025878765357405596,-0.19750685749717367,-0.287223806078847,-0.2991696326250344,-0.3025580772639538,0.0,-0.2118401935400248,-0.3025580772639538,0.025016731847035678,-1.0818723622281334,-0.00451591787909722,0.0,9.0,9.0,74713.0,True
M3-M0,deepseek,C35,2021,2022,3,both_valid_evaluated,0.013472497516317329,0.4026580196684903,0.07279424811840529,0.08229802200215852,0.0755099446286891,0.0,0.08395938651459944,0.0755099446286891,0.02512712511978199,0.3944323843510409,0.03510633645529289,2.0,9.0,9.0,76902.0,True
M3-M0,deepseek,C39,2015,2016,1,both_valid_evaluated,-0.043407580345461924,-0.2824346131085454,-0.13559841295528585,-0.14859043602983135,-0.1409585093938034,0.0,-0.1337963375179273,-0.1409585093938034,-0.03257172369493233,-0.3599590233713528,-0.026692195791067824,5.0,9.0,9.0,76729.0,True
M3-M0,deepseek,C39,2016,2017,1,both_valid_evaluated,-0.04595823667327247,-0.30325877623985026,-0.08459436328780956,-0.10139111644632282,-0.08722941147016516,0.0,-0.09561394276786528,-0.08722941147016516,0.017601360402902944,-0.6569318050598532,-0.06162036224313053,0.0,9.0,9.0,74412.0,True
M3-M0,deepseek,C39,2016,2017,2,both_valid_evaluated,-0.013626491784130862,-0.09026338205976339,-0.056162980344854674,-0.06045487785615755,-0.05793339929046448,0.0,-0.06347898110061811,-0.05793339929046448,-0.006224644137695079,-0.3258068770924686,-0.00532908039060509,1.0,9.0,9.0,73660.0,True
M3-M0,deepseek,C39,2016,2017,3,both_valid_evaluated,-0.011500818512336832,-0.08261280413292402,-0.012701251485674359,-0.024543458775702187,-0.013098208265245104,0.0,-0.014355764207359845,-0.013098208265245104,-0.006264451283634509,-0.16087588769570416,-0.05007459806941031,2.0,9.0,9.0,76921.0,True
M3-M0,deepseek,C39,2017,2018,1,both_valid_evaluated,-0.004371897570254142,-0.04128399657415649,-0.06269606897453772,-0.07304459747365988,-0.06423165186811541,0.0,-0.09112319756110276,-0.06423165186811541,-0.0505662816088428,-0.3612249683776021,-0.03513310181690432,0.0,9.0,9.0,74408.0,True
M3-M0,deepseek,C39,2017,2018,2,both_valid_evaluated,0.005860748200461029,0.01130925279056788,0.07696987552482604,0.06965969626114177,0.07891832094778284,0.0,0.11186891440595181,0.07891832094778284,0.06242632448827756,0.45135639824204254,-0.05512908695938602,0.0,9.0,9.0,75373.0,True
M3-M0,deepseek,C39,2017,2018,3,both_valid_evaluated,0.017346303484195795,0.23226853358176236,0.03041786328161744,0.02802035899929023,0.031209365966507696,0.0,0.0442096771062811,0.031209365966507696,0.0025496836987248805,0.18978674624103764,-0.022158868092278267,0.0,9.0,9.0,73404.0,True
M3-M0,deepseek,C39,2018,2019,1,both_valid_evaluated,0.0029911170621535477,0.04303750921041005,-0.015103892374474404,-0.021788215163241587,-0.01593620656353445,0.0,-0.009766563136480721,-0.01593620656353445,0.006373762639012348,-0.047449399044074525,-0.011715346039526703,0.0,9.0,9.0,72701.0,True
M3-M0,deepseek,C39,2018,2019,2,both_valid_evaluated,-0.028849874302204773,-0.17719522188347997,-0.026890124456477427,-0.05532530538024227,-0.028399389474073278,0.0,-0.017387842268781206,-0.028399389474073278,-0.005758458819261958,-0.007305243397480954,-0.0663956227340474,-2.0,9.0,9.0,72773.0,True
M3-M0,deepseek,C39,2018,2019,3,both_valid_evaluated,-0.0004517273173289052,-0.025831533959047803,0.001434265931925971,-0.015732924444735286,0.0015158248729825186,0.0,0.0009274330372170958,0.0015158248729825186,-0.02482191515589971,-0.09404666468184342,-0.044672368785054234,-3.0,9.0,9.0,73022.0,True
M3-M0,deepseek,C39,2021,2022,1,both_valid_evaluated,-0.0015381002270764693,0.07553796128868118,-0.00706770851346783,-0.008953639513237244,-0.007352339254469764,0.0,-0.00905800313698224,-0.007352339254469764,-0.03129316533659798,-0.0008319728390181469,-0.007979645092233006,0.0,9.0,9.0,73804.0,True
M3-M0,deepseek,C39,2021,2022,2,both_valid_evaluated,-0.017493258499121978,-0.1347509772541603,-0.02827175447246799,-0.03580623157916574,-0.029364833254543754,0.0,-0.03623319216003651,-0.029364833254543754,-0.02374095446715785,-0.12128516750740298,-0.03135221289668996,1.0,9.0,9.0,72493.0,True
M3-M0,deepseek,C39,2022,2023,1,both_valid_evaluated,0.00829080374208499,0.12191570738120583,0.08078504625157445,0.08423235150442077,0.08518464066909481,0.0,0.06698919515729629,0.08518464066909481,0.008090114764219836,0.3413812325683634,-0.0009766375416032924,-1.0,9.0,9.0,80014.0,True
M3-M0,deepseek,C39,2022,2023,3,both_valid_evaluated,0.00605677211947403,-0.07678968120099972,-0.06261857134817195,-0.06383375588367302,-0.06599352829002991,0.0,-0.05192505161723571,-0.06599352829002991,-0.0018876223922545954,-0.2501405064157617,0.0028890553480382386,2.0,9.0,9.0,73964.0,True
M3-M0,deepseek,C39,2023,2024,1,both_valid_evaluated,-0.005672540239756579,0.04153790532802992,-0.016287962074874596,-0.026158994309420258,-0.017177926289199563,0.0,-0.014700178051718638,-0.017177926289199563,0.039653129370770146,-0.0062363662131103,-0.031139534301305616,-4.0,9.0,9.0,72639.0,True
M3-M0,deepseek,C39,2023,2024,2,both_valid_evaluated,-0.006350773678003685,-0.07329722129206395,0.04700635618637761,0.05403145108525109,0.049407456292523966,0.0,0.042424079963212624,0.049407456292523966,-0.004620984544571383,0.10062058016926023,0.01535028031019875,-3.0,9.0,9.0,75805.0,True
M3-M0,glm,ALL,2008,2009,1,both_valid_evaluated,-0.010007128753061395,-0.10109037820047373,-0.33146466046560263,-0.30300007693577946,-0.35843523115987974,0.0,-0.1378832056933288,-0.35843523115987974,-0.0015319480679403252,-0.41165135139257236,0.06031751333299609,3.0,9.0,9.0,76361.0,True
M3-M0,glm,ALL,2009,2010,1,both_valid_evaluated,-0.013196197011742287,-0.11330433594033934,-0.02203132056752999,-0.035927175912556786,-0.023108856475623663,0.0,-0.019315839416712,-0.023108856475623663,-0.007247489216123948,-0.07937189232496444,-0.04635577772267144,1.0,9.0,9.0,75883.0,True
M3-M0,glm,ALL,2010,2011,1,both_valid_evaluated,-0.026697208502624706,-0.2266542764327436,-0.051141281699727204,-0.049499090652170286,-0.052489765578847214,0.0,-0.07233630187650686,-0.052489765578847214,-0.03786633397776429,-0.328015460168149,0.031003448287558077,2.0,9.0,9.0,78317.0,True
M3-M0,glm,ALL,2011,2012,1,both_valid_evaluated,-0.008390605474484392,-0.14077604191530857,0.031310164716817246,-0.013379658448858356,0.03272300593934463,0.0,0.028812526296230323,0.03272300593934463,0.05899433268441656,0.12751952104707992,-0.17136829806134127,1.0,9.0,9.0,72858.0,True
M3-M0,glm,ALL,2014,2015,1,both_valid_evaluated,0.005045491997144838,-0.008568454770418898,0.15324037540499535,0.16378320640046828,0.16265843576010397,0.0,0.08621763946604166,0.16265843576010397,0.029049947847803015,0.19410735319122674,0.00423867473628603,-1.0,9.0,9.0,73033.0,True
M3-M0,glm,ALL,2016,2017,1,both_valid_evaluated,-0.02184012728434126,-0.1906403186737311,-0.009003093131645379,-0.017682413085581272,-0.009287415351693529,0.0,-0.010608164925997254,-0.009287415351693529,-0.01509189956098378,-0.032582511358656974,-0.034809451132493965,1.0,9.0,9.0,71709.0,True
M3-M0,glm,ALL,2016,2017,2,both_valid_evaluated,0.018312433559897888,0.1676065030003957,0.05899857568784528,0.06057948633448762,0.060861958643553926,0.0,0.06951684406059444,0.060861958643553926,0.010993890586638022,0.3535018760529308,-0.0034552516210875073,-1.0,9.0,9.0,72838.0,True
M3-M0,glm,ALL,2016,2017,3,both_valid_evaluated,-0.010659016950271931,-0.21979748364698315,-0.017254561132645452,-0.019383661766932847,-0.01779781584950646,0.0,-0.020330704963767987,-0.01779781584950646,-0.009132138799398337,-0.04482542648375665,-0.007487207665922951,-1.0,9.0,9.0,71732.0,True
M3-M0,glm,C26,2016,2017,2,both_valid_evaluated,0.003438612715593495,0.0001839858814112194,0.04693574532898226,0.029589782290626587,0.04823835776390051,0.0,0.054816135038883496,0.04823835776390051,0.04715710297871778,0.15780502872452762,-0.0969147509168255,-1.0,9.0,9.0,72436.0,True
M3-M0,glm,C26,2016,2017,3,both_valid_evaluated,-0.012872164058763229,-0.09800612625800242,0.00787211649568742,0.011854122982656312,0.008107245464376356,0.0,0.009193824404935214,0.008107245464376356,-0.028229507520166286,0.08413044335609077,0.018041603250246507,2.0,9.0,9.0,73623.0,True
M3-M0,glm,C35,2016,2017,1,both_valid_evaluated,0.01098744724090691,0.12143213247276702,0.0474111996919242,0.043933777439951194,0.04880599065172153,0.0,0.059700288710520244,0.04880599065172153,0.043538401911578206,0.1489327366293487,-0.024088713817421836,4.0,9.0,9.0,73660.0,True
M3-M0,glm,C35,2016,2017,2,both_valid_evaluated,-0.01929862944349476,-0.13663695774365248,-0.04943705182456937,-0.054179613424822026,-0.050812233465884815,0.0,-0.062251246247760794,-0.050812233465884815,-0.04423700967546906,-0.3043243125850339,-0.012429958021384857,2.0,9.0,9.0,75652.0,True
M3-M0,glm,C35,2016,2017,3,both_valid_evaluated,-0.00992188803581262,-0.036177255030458905,0.003210043585425759,-0.0002629278554738823,0.0033027880953485633,0.0,0.004042094063608115,0.0033027880953485633,0.014961779241494999,-0.15449244953459318,-0.015860912143565137,4.0,9.0,9.0,73962.0,True
M3-M0,glm,C39,2016,2017,1,both_valid_evaluated,-0.022361220409257858,-0.1675194819748322,-0.08670171073667565,-0.11470762915883592,-0.08943179712222982,0.0,-0.09799580121016327,-0.08943179712222982,-0.03423289031650201,-0.45074910514914623,-0.10565830155091219,1.0,9.0,9.0,71956.0,True
M3-M0,glm,C39,2016,2017,2,both_valid_evaluated,0.004457439282478878,0.036560152328646206,0.05413439891134508,0.05225870026777546,0.05583882861799261,0.0,0.061186149030665216,0.05583882861799261,0.019438949085229806,0.3136156649389783,-0.0219429620635731,1.0,9.0,9.0,70614.0,True
M3-M0,glm,C39,2016,2017,3,both_valid_evaluated,-0.007609990220440014,-0.04272181083213766,0.05285207042009621,0.050956364392474196,0.05448668070646345,0.0,0.059736779613996926,0.05448668070646345,0.009780985691302702,0.31443925661584404,-0.017847534816279015,3.0,9.0,9.0,73737.0,True
M1-M0,deepseek,ALL,2008,2009,1,both_valid_evaluated,-0.004894073955893641,-0.03526317241554544,-0.024615535864157767,-0.01155848991584163,-0.026609613190151205,0.0,-0.010239610430993196,-0.026609613190151205,0.011705874412291872,0.013183336517618827,0.01648124501729198,-7.0,0.0,0.0,24656.0,True
M1-M0,deepseek,ALL,2008,2009,2,both_valid_evaluated,6.435683642638801e-05,0.22414164824988592,-0.02065741210858274,0.025695436431998342,-0.02235351496090665,0.0,-0.008593103707823957,-0.02235351496090665,0.006864094407567745,-0.015445372794726797,0.06333228820211151,2.0,0.0,0.0,25158.0,True
M1-M0,deepseek,ALL,2008,2009,3,both_valid_evaluated,-0.019296501719509446,-0.16674762540669663,-0.3039378634939487,-0.3131951269545228,-0.3287390511374011,0.0,-0.12643256415709514,-0.3287390511374011,0.008305636029967367,-0.20657466683190995,0.018208933043058095,2.0,0.0,0.0,23456.0,True
M1-M0,deepseek,ALL,2009,2010,1,both_valid_evaluated,0.0045045824417430935,0.035110389910166906,0.008979939619670141,0.013630537296714706,0.00944217699886818,0.0,0.007873112786573322,0.00944217699886818,-0.0013852802145460918,0.03233233917301248,0.011257062078367963,2.0,0.0,0.0,27426.0,True
M1-M0,deepseek,ALL,2009,2010,2,both_valid_evaluated,-0.015832845562757117,-0.15623831232563878,-0.1398737760483897,-0.1596144276664353,-0.1476659732377057,0.0,-0.122633565631183,-0.1476659732377057,-0.03334562802376562,-0.44080903839945407,-0.030549909560034838,-3.0,0.0,0.0,25163.0,True
M1-M0,deepseek,ALL,2009,2010,3,both_valid_evaluated,-0.02109532754149518,-0.23826910322827982,-0.12770124223941437,-0.15889645047399759,-0.1344182153373359,0.0,-0.11196136340762719,-0.1344182153373359,-0.026706025044639592,-0.410428397821676,-0.07134887267268358,0.0,0.0,0.0,26454.0,True
M1-M0,deepseek,ALL,2010,2011,1,both_valid_evaluated,-0.0010162916812470613,0.05100844586833997,0.07325243191839492,0.05080069687947064,0.07516751319967829,0.0,0.10361120903361232,0.07516751319967829,0.02661634273424629,0.3152114802582011,-0.13881130119509613,-4.0,0.0,0.0,23521.0,True
M1-M0,deepseek,ALL,2010,2011,2,both_valid_evaluated,0.0008594031595801355,0.054472799809661354,-0.004615773591378991,-0.01120274527611076,-0.004729211451164783,0.0,-0.006528737270606655,-0.004729211451164783,-0.0009643470444340441,-0.0784772259090234,-0.032607492564218965,2.0,0.0,0.0,25350.0,True
M1-M0,deepseek,ALL,2010,2011,3,both_valid_evaluated,0.001532822370944889,-0.0020949532897027723,-0.020441826519647766,-0.02247437329420976,-0.020946367602801663,0.0,-0.02891374805024305,-0.020946367602801663,-0.014321408355334575,-0.17353970094424342,-0.0016011010710074713,3.0,0.0,0.0,24480.0,True
M1-M0,deepseek,ALL,2011,2012,1,both_valid_evaluated,0.0014898361462859847,-0.19533552793676356,0.11983688547292393,0.05548216931914629,0.12561888270305133,0.0,0.11027739538183878,0.12561888270305133,0.0925280886612998,0.4637803949467668,-0.23104443245029263,-1.0,0.0,0.0,23295.0,True
M1-M0,deepseek,ALL,2011,2012,2,both_valid_evaluated,-0.005199258457097858,-0.07330425904153748,-0.04431199106841377,-0.04136783325378013,-0.046500079839905784,0.0,-0.04077718592170898,-0.046500079839905784,-0.02609808383006018,-0.17233115954870626,0.017906445494497297,-1.0,0.0,0.0,24256.0,True
M1-M0,deepseek,ALL,2011,2012,3,both_valid_evaluated,-0.016309018592371216,-0.21547335336418705,0.018716232846592185,-0.014993159827607405,0.019656271504413514,0.0,0.017223223063057125,0.019656271504413514,0.039634696207819786,0.15858992192059407,-0.109428299589351,-1.0,0.0,0.0,23613.0,True
M1-M0,deepseek,ALL,2012,2013,1,both_valid_evaluated,-0.022362880226603085,-0.40859725595168195,-0.07479921765564113,-0.10047266967825252,-0.08158912488011616,0.0,-0.05924117933856721,-0.08158912488011616,0.003480965815351289,-0.29995668372682527,-0.058929387376527975,-2.0,0.0,0.0,22863.0,True
M1-M0,deepseek,ALL,2012,2013,2,both_valid_evaluated,-0.0028280070198776763,-0.28521087567976655,-0.008688467669500488,-0.041808196623993155,-0.009420188833016985,0.0,-0.006881289504334864,-0.009420188833016985,0.0023800513846108373,0.09477223719113392,-0.09547171506971422,2.0,0.0,0.0,24252.0,True
M1-M0,deepseek,ALL,2012,2013,3,both_valid_evaluated,-0.013320716161742616,-0.20900404339432177,-0.027313625026190502,-0.03523828731326706,-0.029606896910802982,0.0,-0.021632463671107605,-0.029606896910802982,0.003275749961476282,0.023086934113097035,-0.019725589579297598,4.0,0.0,0.0,24901.0,True
M1-M0,deepseek,ALL,2013,2014,1,both_valid_evaluated,-0.016541555742818265,-0.19307638047328218,0.005421760350212246,-0.009260792332894008,0.005674925635845485,0.0,0.0036746997088292765,0.005674925635845485,-0.006140048098511985,0.0012269358487602133,-0.039645397914713304,4.0,0.0,0.0,26134.0,True
M1-M0,deepseek,ALL,2013,2014,2,both_valid_evaluated,0.00895000437854361,0.12289991686122248,0.06199703858766137,0.05589024822139277,0.064815448014784,0.0,0.042019655043850856,0.064815448014784,0.019165916448322884,0.417049341817497,-0.02563769302532476,-1.0,0.0,0.0,23196.0,True
M1-M0,deepseek,ALL,2013,2014,3,both_valid_evaluated,-0.014212465005274164,-0.15277958172532058,-0.0028278236687269143,-0.028598797082088234,-0.0029566341078683944,0.0,-0.001916610499334226,-0.0029566341078683944,0.0005983327288916485,0.023798409581053726,-0.06876871124307382,-2.0,0.0,0.0,24027.0,True
M1-M0,deepseek,ALL,2014,2015,1,both_valid_evaluated,-0.053060368784244444,-0.2804038136097574,-0.34247158482805573,-0.38239021728886513,-0.3635999875603959,0.0,-0.19268480353191986,-0.3635999875603959,-0.04047023837457664,-0.36647397228279965,-0.031028503008221076,0.0,0.0,0.0,23975.0,True
M1-M0,deepseek,ALL,2014,2015,2,both_valid_evaluated,-0.027579802193821126,-0.13498425117626023,-0.05906816873145959,-0.07144982358602725,-0.06284434411466755,0.0,-0.03323352649162392,-0.06284434411466755,-0.033408253127963805,-0.034478329791058915,-0.023629246654293723,-3.0,0.0,0.0,23167.0,True
M1-M0,deepseek,ALL,2014,2015,3,both_valid_evaluated,0.0003974533571615979,0.02219500469181701,0.1876957102807224,0.19324183850011867,0.19993078590553726,0.0,0.10560324611276295,0.19993078590553726,0.03205874637011641,0.15850252560375155,-0.014413924348773366,-1.0,0.0,0.0,22779.0,True
M1-M0,deepseek,ALL,2015,2016,1,both_valid_evaluated,-0.0022589421575352764,0.01118696382439377,0.028504133211518123,0.03461956016919765,0.029755739094103895,0.0,0.027136468036209616,0.029755739094103895,-0.005754315544597488,0.07783136917380606,0.014300044600641437,-1.0,0.0,0.0,25925.0,True
M1-M0,deepseek,ALL,2015,2016,2,both_valid_evaluated,-0.029349741824990977,-0.2810550333035178,-0.10110714665208076,-0.100547976514346,-0.1054665506124528,0.0,-0.09625589499588294,-0.1054665506124528,-0.004197442695331177,-0.2704766899895432,0.015105192738275208,4.0,0.0,0.0,28663.0,True
M1-M0,deepseek,ALL,2015,2016,3,both_valid_evaluated,-0.0461822877566226,-0.4444784271396257,-0.15474293621540092,-0.1764924003698889,-0.16149868987782967,0.0,-0.14731817000987135,-0.16149868987782967,-0.017065439994592535,-0.4133321458120451,-0.05000239955371977,4.0,0.0,0.0,26078.0,True
M1-M0,deepseek,ALL,2016,2017,1,both_valid_evaluated,-0.01385306105935482,-0.14339581265693319,0.003402299316749069,0.003507629278854618,0.0035101757091698937,0.0,0.004008861371523453,0.0035101757091698937,-0.003516981633013949,0.04234656292086436,0.00037144908653247155,-1.0,0.0,0.0,23572.0,True
M1-M0,deepseek,ALL,2016,2017,2,both_valid_evaluated,-0.016759850479368836,-0.12439429610004155,0.022179400031829388,0.025019328909601235,0.022839460190050453,0.0,0.02613354433381465,0.022839460190050453,0.0164926552672352,0.10729514731840395,0.00593689650493906,-1.0,0.0,0.0,24689.0,True
M1-M0,deepseek,ALL,2016,2017,3,both_valid_evaluated,-0.024252615340464155,-0.21423254388002755,-0.03412123419698754,-0.042913358745163666,-0.0351481602700181,0.0,-0.04020436915929959,-0.0351481602700181,-0.027140527307801254,-0.14462560540171898,-0.03399076085211286,1.0,0.0,0.0,22458.0,True
M1-M0,deepseek,ALL,2017,2018,1,both_valid_evaluated,-0.01441115202791761,0.040524969164810076,-0.017421308956459214,-0.012664154464127497,-0.01789919643830351,0.0,-0.025181713648903425,-0.01789919643830351,-0.0017948194282760843,0.02264466213108185,0.03213265396918891,0.0,0.0,0.0,25627.0,True
M1-M0,deepseek,ALL,2017,2018,2,both_valid_evaluated,0.0064404949657196064,-0.10893111298418146,0.006989351268835153,0.0036372776727550127,0.007181865303789947,0.0,0.01010279093742561,0.007181865303789947,0.0009942765097337158,0.054993486609103526,-0.021737472444693595,2.0,0.0,0.0,24240.0,True
M1-M0,deepseek,ALL,2017,2018,3,both_valid_evaluated,-0.01106307733305189,0.07621676345422523,-0.007186661366887392,-0.006122499107076296,-0.0073670544609106825,0.0,-0.010387993754366942,-0.0073670544609106825,-0.01378177702035388,0.08436689046626,0.00925895238809657,1.0,0.0,0.0,24056.0,True
M1-M0,deepseek,ALL,2018,2019,1,both_valid_evaluated,-0.005271346022080556,-0.257527960596973,0.03470893847812517,0.016271338291580673,0.03643085528107348,0.0,0.027003495236155306,0.03643085528107348,0.03782368667040925,0.21373044665435592,-0.055521581190345226,-2.0,0.0,0.0,23232.0,True
M1-M0,deepseek,ALL,2018,2019,2,both_valid_evaluated,-0.0008204974700016382,0.10068663352822971,-0.033896799590577675,-0.01728813983624078,-0.035589803516703045,0.0,-0.026371652559813885,-0.035589803516703045,-0.019051426746370725,-0.1729137724373786,0.04980685140347696,-1.0,0.0,0.0,23999.0,True
M1-M0,deepseek,ALL,2018,2019,3,both_valid_evaluated,0.0018876508574188766,0.05665828189501343,-0.004061479478675745,0.00119026309265724,-0.004265255976688032,0.0,-0.0031598241422243767,-0.004265255976688032,-0.0013485928822861704,-0.04060224101927523,0.016517646990338697,1.0,0.0,0.0,23974.0,True
M1-M0,deepseek,ALL,2019,2020,1,both_valid_evaluated,0.00018003266188649364,0.036521744542953205,0.03745665173630042,0.039416611651954536,0.03916344911458225,0.0,0.03234244978023093,0.03916344911458225,0.005102178166984106,0.14887263066493667,0.0001669946472820094,8.0,0.0,0.0,26856.0,True
M1-M0,deepseek,ALL,2019,2020,2,both_valid_evaluated,0.01063353683612555,0.06969260335367727,-0.00018310748796812604,0.0014643129649059006,-0.00019114490054716882,0.0,-0.00015810662350945748,-0.00019114490054716882,-0.0018443398093708208,0.01302518546642678,0.0053912037230173515,0.0,0.0,0.0,25747.0,True
M1-M0,deepseek,ALL,2019,2020,3,both_valid_evaluated,-0.0027721090371011226,-0.050531505161063084,-0.037079697745317386,-0.031501032534899,-0.03874992447738346,0.0,-0.03201696378621688,-0.03874992447738346,-0.005747565447841829,-0.14528730467062334,0.029570886379950617,-3.0,0.0,0.0,25755.0,True
M1-M0,deepseek,ALL,2020,2021,1,both_valid_evaluated,0.02403403396980206,0.11062221141021711,0.05425498872870893,0.06289437215761606,0.056997038107308606,0.0,0.043125227475935946,0.056997038107308606,-0.01645115097463168,0.2696791074591458,0.021271665500223247,-2.0,0.0,0.0,24059.0,True
M1-M0,deepseek,ALL,2020,2021,2,both_valid_evaluated,0.041563191032619934,0.46720374619236027,0.12256592876178662,0.12220573527201362,0.12876791867095227,0.0,0.09742299616135564,0.12876791867095227,0.0024852224508571386,0.8337349532994878,-0.017492649088530737,3.0,0.0,0.0,24954.0,True
M1-M0,deepseek,ALL,2020,2021,3,both_valid_evaluated,0.0013568764493279012,-0.03975569971868653,0.021075386136585106,0.01365185192686047,0.022126342204484617,0.0,0.016752023041200714,0.022126342204484617,-0.0042831723266298916,0.09554276263459371,-0.024606961086471257,0.0,0.0,0.0,26268.0,True
M1-M0,deepseek,ALL,2021,2022,1,both_valid_evaluated,0.009769495593197092,0.2721487248254081,0.0785469392540562,0.09196104441447628,0.08201425947548913,0.0,0.0882480179353069,0.08201425947548913,0.00461749358686947,0.42740436627447564,0.046390453823470276,2.0,0.0,0.0,25924.0,True
M1-M0,deepseek,ALL,2021,2022,2,both_valid_evaluated,-0.004318319047680708,0.505751629276932,0.08186459447755667,0.08276830145232261,0.08555064788653488,0.0,0.09197542603608189,0.08555064788653488,-0.030493999729204635,0.4171438419029641,-0.0031322824820323586,0.0,0.0,0.0,22745.0,True
M1-M0,deepseek,ALL,2022,2023,2,both_valid_evaluated,0.015481049707018038,0.07723796032379016,0.057208455787707946,0.060868951369046576,0.060013526949304286,0.0,0.054569384640118734,0.060013526949304286,0.006197805141132995,0.39407406018405644,0.006511622599769951,5.0,0.0,0.0,25223.0,True
M1-M0,deepseek,ALL,2022,2023,3,both_valid_evaluated,0.006589004469913298,0.015790846902372535,0.005420609179376923,0.00581242955407002,0.005677803370010892,0.0,0.005170552206318013,0.005677803370010892,0.0036547312455982306,0.04351121862502155,0.0018270660235021885,3.0,0.0,0.0,25173.0,True
M1-M0,deepseek,ALL,2023,2024,3,both_valid_evaluated,-0.00191933114442068,-0.1281565941929786,-0.053790042697863694,-0.051186110295645904,-0.05655369051618164,0.0,-0.05158425653617149,-0.05655369051618164,-0.05020280962611101,-0.13330794670117851,0.017236539294732567,1.0,0.0,0.0,25583.0,True
M1-M0,deepseek,C26,2015,2016,1,both_valid_evaluated,0.02298484937022388,0.14048754389097207,0.0454106485191248,0.031445425057891274,0.047354857059067834,0.0,0.04002337771515774,0.047354857059067834,0.001061505482286118,0.12924462225139954,-0.05506309110513277,3.0,0.0,0.0,24273.0,True
M1-M0,deepseek,C26,2015,2016,2,both_valid_evaluated,0.021702337102288125,0.2065294109525796,-0.09790733270394236,-0.11143408860844772,-0.10239429850524528,0.0,-0.08629214260710616,-0.10239429850524528,-0.017698345227949885,-0.23856534599100399,-0.029607659233782696,1.0,0.0,0.0,26414.0,True
M1-M0,deepseek,C26,2015,2016,3,both_valid_evaluated,-0.025440172008127163,-0.16160736233690254,-0.05455301813000646,-0.06860338877122185,-0.057022769225851144,0.0,-0.04808114663237073,-0.057022769225851144,-0.007638046511725838,-0.13492399725048543,-0.026908681349974928,2.0,0.0,0.0,24986.0,True
M1-M0,deepseek,C26,2016,2017,1,both_valid_evaluated,-0.02619229266395874,-0.14195607544031194,-0.011033667406076475,-0.02279194691425568,-0.0113557819240091,0.0,-0.012886191500023902,-0.0113557819240091,-0.004894921318912671,-0.07305064152415375,-0.0550020639490114,-4.0,0.0,0.0,25964.0,True
M1-M0,deepseek,C26,2016,2017,2,both_valid_evaluated,0.009968555638382247,0.10026964833764007,0.10507169456789522,0.11101162041680235,0.10808889131275012,0.0,0.1227129591280095,0.10808889131275012,0.060909752517686155,0.5576719227591783,0.01370650558252659,-1.0,0.0,0.0,24271.0,True
M1-M0,deepseek,C26,2016,2017,3,both_valid_evaluated,-0.02660887238405462,-0.17035925043014882,-0.009553584736537557,-0.015916908881148495,-0.009827299121277666,0.0,-0.011157606795264563,-0.009827299121277666,-0.0035081918064439055,-0.1983548948294157,-0.030348169660333463,0.0,0.0,0.0,26797.0,True
M1-M0,deepseek,C26,2017,2018,2,both_valid_evaluated,0.01146469880624551,0.10306113241047829,-0.050687026992485285,-0.05766004714091799,-0.051939082538754566,0.0,-0.07272586923258884,-0.051939082538754566,-0.021358771535359367,-0.6088924202015611,-0.025862116539873775,0.0,0.0,0.0,23534.0,True
M1-M0,deepseek,C26,2019,2020,1,both_valid_evaluated,0.00155686714346219,-0.020316643666733192,0.09342970522325267,0.0889220962549413,0.09821912021776757,0.0,0.0756954786901266,0.09821912021776757,0.011025590236810823,0.32662937558613925,-0.026331555629756365,4.0,0.0,0.0,27085.0,True
M1-M0,deepseek,C26,2019,2020,2,both_valid_evaluated,0.0065924682891126685,0.06559372854072965,0.07123744668716614,0.07615418148779929,0.07469667682963665,0.0,0.05771561212531129,0.07469667682963665,-0.0012898037943079865,0.2581505060739846,0.0055951701457771785,5.0,0.0,0.0,24882.0,True
M1-M0,deepseek,C26,2019,2020,3,both_valid_evaluated,0.0005229592518882151,-0.026325094107448765,-0.08837250078694514,-0.10354865628798682,-0.09256056166793947,0.0,-0.071598200316772,-0.09256056166793947,0.0021853113299836746,-0.29250619491051744,-0.03623183330355717,0.0,0.0,0.0,25580.0,True
M1-M0,deepseek,C26,2020,2021,1,both_valid_evaluated,0.02909113951115531,0.21876561098428948,0.1317057799678576,0.13486171945004455,0.13959800046006476,0.0,0.08493251547881664,0.13959800046006476,0.04176088767967501,0.5990681615191831,-0.009237217907756667,0.0,0.0,0.0,25877.0,True
M1-M0,deepseek,C26,2020,2021,2,both_valid_evaluated,-0.009882645861311809,-0.10545412921538533,0.08505928088418968,0.05627047678467045,0.0899465441424887,0.0,0.054851796876921544,0.0899465441424887,-0.016142851345654963,0.25476728204237054,-0.0860727391104611,-1.0,0.0,0.0,23871.0,True
M1-M0,deepseek,C26,2020,2021,3,both_valid_evaluated,-0.007384820660650125,-0.13553622211753283,-0.08812038151152324,-0.09226699915849057,-0.09369267028640649,0.0,-0.056825795105979404,-0.09369267028640649,0.019934895526121932,-0.20126845086960454,5.132761025355981e-05,3.0,0.0,0.0,25234.0,True
M1-M0,deepseek,C26,2022,2023,2,both_valid_evaluated,-0.010199103445366446,-0.13020977048548882,0.01785423894341276,0.01586909101681444,0.018621643576206215,0.0,0.019079261528363478,0.018621643576206215,0.007115375863624207,0.10266377068338395,-0.012794706212131801,1.0,0.0,0.0,25379.0,True
M1-M0,deepseek,C26,2022,2023,3,both_valid_evaluated,-0.023191439489651286,-0.21181354376526884,-0.0882536642523365,-0.08684867157395793,-0.0920685197171971,0.0,-0.09430896194698557,-0.0920685197171971,-0.06155046414118803,-0.6404532221536008,0.021569941513429114,0.0,0.0,0.0,23672.0,True
M1-M0,deepseek,C26,2023,2024,1,both_valid_evaluated,0.016303952674192906,0.06174063934685481,0.014964662842756216,0.014123693968818518,0.01566291559480182,0.0,0.015476858640922853,0.01566291559480182,-0.018202551705666647,0.04107226446784501,-0.004188565900402286,5.0,0.0,0.0,26856.0,True
M1-M0,deepseek,C26,2023,2024,2,both_valid_evaluated,0.019067425706039323,0.10845955142291197,0.006398693209534567,0.021708446459798303,0.006699107056464815,0.0,0.006617701403044851,0.006699107056464815,-0.010726592063685758,0.022322118882145053,0.057303039273443324,5.0,0.0,0.0,26034.0,True
M1-M0,deepseek,C26,2023,2024,3,both_valid_evaluated,-0.0045950651754177035,-0.0010461445253640012,-0.003640406725750722,-0.0027903443899890412,-0.0038170201363612044,0.0,-0.0037650069956092214,-0.0038170201363612044,0.010387303760856392,-0.009893079084773326,0.004295669739759617,-3.0,0.0,0.0,23429.0,True
M1-M0,deepseek,C35,2015,2016,1,both_valid_evaluated,-0.029701978756929315,-0.18136092418435457,-0.005221559691051203,-0.011894069082440728,-0.005438449092439512,0.0,-0.005222327414889261,-0.005438449092439512,0.0214465498995825,0.0001216845866304217,-0.01996446627851753,3.0,0.0,0.0,23096.0,True
M1-M0,deepseek,C35,2015,2016,2,both_valid_evaluated,0.0007079543422049417,-0.06328350648047176,0.04610943876310358,0.03165101104950896,0.04806529341745347,0.0,0.04611621821548706,0.04806529341745347,0.008067515082918697,0.14416748772740662,-0.056092608445268255,0.0,0.0,0.0,24158.0,True
M1-M0,deepseek,C35,2015,2016,3,both_valid_evaluated,-0.019671112387006195,-0.16519113489150783,-0.04000241211509592,-0.05305569211313377,-0.04169152435739232,0.0,-0.040008293653787996,-0.04169152435739232,0.01740800368690676,-0.09429043677893789,-0.03710963458267694,3.0,0.0,0.0,25724.0,True
M1-M0,deepseek,C35,2016,2017,1,both_valid_evaluated,0.0015147510523020602,0.013988176140730613,0.03484279186698824,0.03442243140423362,0.03590219912067005,0.0,0.043874121461939586,0.03590219912067005,0.04257386586927081,0.1680173399663737,-0.013549400098808673,-1.0,0.0,0.0,24708.0,True
M1-M0,deepseek,C35,2016,2017,2,both_valid_evaluated,-0.0030348597038582226,-0.027086451734646355,0.06194279642535372,0.06483926874115531,0.06385745324473413,0.0,0.07799850782431239,0.06385745324473413,0.05608511999856414,0.2899004651305601,-0.0021781656093311785,0.0,0.0,0.0,23134.0,True
M1-M0,deepseek,C35,2016,2017,3,both_valid_evaluated,-0.035432790817593436,-0.3070670651327818,-0.005233908519132968,-0.0179166891256205,-0.005381024985169125,0.0,-0.00659054931550096,-0.005381024985169125,-0.015487646845539715,0.023755261139011274,-0.061935729850080945,-2.0,0.0,0.0,24731.0,True
M1-M0,deepseek,C35,2017,2018,1,both_valid_evaluated,-0.008513780339954147,-0.03842743457573694,0.02618578871998789,0.02846784081442144,0.026883552435466362,0.0,0.03713283496691011,0.026883552435466362,0.03269086108896835,0.17625581124377732,0.008848174496594016,0.0,0.0,0.0,23393.0,True
M1-M0,deepseek,C35,2017,2018,3,both_valid_evaluated,0.022045285432831442,0.3524621237031301,0.037640278287443873,0.0491894045107204,0.03858242311727711,0.0,0.05337590769948253,0.03858242311727711,0.03758469651817109,0.47463450281433484,0.05958473352579391,1.0,0.0,0.0,23118.0,True
M1-M0,deepseek,C35,2018,2019,1,both_valid_evaluated,0.01480082055802373,0.06410677746138183,0.03601149150186833,0.032373450988248065,0.037856653349148894,0.0,0.027621433532807993,0.037856653349148894,0.01341094004868948,0.1302141813105484,-0.012352780178891909,1.0,0.0,0.0,24053.0,True
M1-M0,deepseek,C35,2018,2019,2,both_valid_evaluated,0.0042566976597851885,0.05651191596651872,0.07978941183535015,0.09797449453323281,0.08382498220911105,0.0,0.06119985159508401,0.08382498220911105,-0.00481492817250706,0.1695713745915144,0.03505117348124526,1.0,0.0,0.0,24604.0,True
M1-M0,deepseek,C35,2018,2019,3,both_valid_evaluated,-0.008554538135606124,-0.1110482476750767,-0.0072349316341961956,0.0019862798786871583,-0.007600656773636416,0.0,-0.005549317035035584,-0.007600656773636416,-0.026026932256555058,-0.01938481568750916,0.02715332914810198,1.0,0.0,0.0,23661.0,True
M1-M0,deepseek,C35,2019,2020,1,both_valid_evaluated,-0.011690644925758227,-0.13854077025904876,-0.03212631309118019,-0.03038182695617886,-0.033821521577136915,0.0,-0.02417003135047857,-0.033821521577136915,0.0018394664098621005,-0.10506435181664409,0.010911454610731675,3.0,0.0,0.0,24066.0,True
M1-M0,deepseek,C35,2019,2020,2,both_valid_evaluated,-0.005001823623293225,-0.040449627951739564,-0.06698692517635263,-0.07206100503725787,-0.07040626756094004,0.0,-0.05039719550106414,-0.07040626756094004,0.0038625285341690185,-0.17757641904334798,-0.006108293868470727,-1.0,0.0,0.0,25066.0,True
M1-M0,deepseek,C35,2019,2020,3,both_valid_evaluated,0.014155039482785091,0.09545325037326657,0.1852914642818595,0.1968376002236032,0.19467036092274403,0.0,0.1394028778826203,0.19467036092274403,0.03240882730186612,0.642085194775952,0.0009805963854551125,4.0,0.0,0.0,28219.0,True
M1-M0,deepseek,C35,2020,2021,1,both_valid_evaluated,-0.004813658279100283,-0.09252614247390112,0.02281134161882692,-0.00215057570856958,0.023910629949155604,0.0,0.016824368040417093,0.023910629949155604,0.00880573577945809,0.11867404417585758,-0.0867822319786227,0.0,0.0,0.0,25588.0,True
M1-M0,deepseek,C35,2020,2021,2,both_valid_evaluated,-0.02514937099702822,-0.1694374985738633,-0.20994009378198597,-0.2150544650079078,-0.2214199631267757,0.0,-0.15484005558501024,-0.2214199631267757,0.013705564684080906,-0.7378521292090752,0.01322221504795032,0.0,0.0,0.0,24108.0,True
M1-M0,deepseek,C35,2020,2021,3,both_valid_evaluated,0.0016640211799142449,0.08466867403401956,0.001115879654977503,0.01959443891850121,0.0011718863189174034,0.0,0.0008230103392367072,0.0011718863189174034,-0.015368794144792974,0.0018120399235823648,0.05718853535059404,-1.0,0.0,0.0,23026.0,True
M1-M0,deepseek,C35,2022,2023,1,both_valid_evaluated,0.006106800544129418,0.06067793140977101,0.04319187098172028,0.04083075607944031,0.0452600150291087,0.0,0.040678575693831265,0.0452600150291087,0.03240495340888527,0.25546061291282857,-0.016900511037445443,0.0,0.0,0.0,24662.0,True
M1-M0,deepseek,C35,2022,2023,2,both_valid_evaluated,-0.010682905856492522,-0.04562151810260917,-0.03490083048417225,-0.015558470676461544,-0.03658760219136581,0.0,-0.032869983225057076,-0.03658760219136581,-0.05682788978168585,-0.2148155186023924,0.0826593080050392,0.0,0.0,0.0,24769.0,True
M1-M0,deepseek,C35,2022,2023,3,both_valid_evaluated,0.007881268385859105,0.018905563951721494,-0.0366663541236405,-0.03768342209884823,-0.03845193895394927,0.0,-0.03453277266610166,-0.03845193895394927,-0.023299767125843474,-0.2226502143414122,0.001448252128219224,2.0,0.0,0.0,24532.0,True
M1-M0,deepseek,C35,2023,2024,1,both_valid_evaluated,-0.01845696848018291,-0.10355708319802504,-0.2089580539666318,-0.2086011004445798,-0.2193102866685166,0.0,-0.21461171435698145,-0.2193102866685166,-0.034980991838134634,-0.47981816054191984,0.028886246929202386,3.0,0.0,0.0,25393.0,True
M1-M0,deepseek,C35,2023,2024,2,both_valid_evaluated,0.014475944253855705,0.1284749766932286,0.009462972012930893,0.03024834286732636,0.00992698273918613,0.0,0.009719006317562284,0.00992698273918613,-0.011171643641830542,0.0225991565162737,0.07645049031321519,6.0,0.0,0.0,24498.0,True
M1-M0,deepseek,C35,2023,2024,3,both_valid_evaluated,0.011148977854110273,0.03512032247357344,0.0951130434320977,0.10032541187884703,0.0998930170246044,0.0,0.09768646348483001,0.0998930170246044,-0.0033790641322780646,0.22214430553443065,0.006285370760505227,0.0,0.0,0.0,25472.0,True
M1-M0,deepseek,C39,2015,2016,1,both_valid_evaluated,-0.013508838207636736,-0.09513460810973184,0.115940470726966,0.12625224681876723,0.12102284369013194,0.0,0.114399645359329,0.12102284369013194,-0.012337711758600212,0.27732917063271356,0.017622443111642655,3.0,0.0,0.0,26508.0,True
M1-M0,deepseek,C39,2015,2016,2,both_valid_evaluated,-0.022298056494378896,-0.1517098670086705,-0.14907424122028212,-0.17038419066103616,-0.1554407679174652,0.0,-0.1470930747553434,-0.1554407679174652,-0.017075724555410954,-0.3656775296331163,-0.041994902077210905,3.0,0.0,0.0,26033.0,True
M1-M0,deepseek,C39,2015,2016,3,both_valid_evaluated,-0.010119815992227804,-0.07508010687713129,-0.028592164540750753,-0.042367709913218476,-0.02977347178543699,0.0,-0.028212180466477,-0.02977347178543699,-0.005010302277785983,-0.0683568804882057,-0.0415056106480812,6.0,0.0,0.0,26084.0,True
M1-M0,deepseek,C39,2016,2017,1,both_valid_evaluated,-0.03672262255621814,-0.25875656538864056,-0.061574237612568083,-0.0807236334977206,-0.06352402192221707,0.0,-0.06959512906353915,-0.06352402192221707,0.011881470607220668,-0.39881353460687446,-0.07591594986661887,2.0,0.0,0.0,23964.0,True
M1-M0,deepseek,C39,2016,2017,2,both_valid_evaluated,-0.026499004463789035,-0.16255886430786443,-0.05681736850966945,-0.06570453820139843,-0.05860758657566656,0.0,-0.0642186123255225,-0.05860758657566656,-0.0244473174336598,-0.37750827780751584,-0.025362660706265888,2.0,0.0,0.0,24454.0,True
M1-M0,deepseek,C39,2016,2017,3,both_valid_evaluated,-0.028333030747378238,-0.1845709051984779,-0.04887184585796778,-0.06715640856794769,-0.05035935499792399,0.0,-0.05523807605154052,-0.05035935499792399,0.008326040544090807,-0.3744337403388852,-0.07323620197120001,3.0,0.0,0.0,24489.0,True
M1-M0,deepseek,C39,2017,2018,1,both_valid_evaluated,-0.0007188957323092937,-0.018499748667889226,-0.021417352390049382,-0.035222613763612354,-0.021969546185301003,0.0,-0.031128229648127004,-0.021969546185301003,-0.0009841775651513451,-0.1322018282696693,-0.06916085684846054,0.0,0.0,0.0,23330.0,True
M1-M0,deepseek,C39,2017,2018,2,both_valid_evaluated,0.00020637515414840407,0.03454703524046626,-0.007789275010625207,-0.00241784051096372,-0.00796565506897462,0.0,-0.011321023108150863,-0.00796565506897462,-0.023901161616700195,0.024910302068486434,0.03891361150127859,0.0,0.0,0.0,25101.0,True
M1-M0,deepseek,C39,2017,2018,3,both_valid_evaluated,-0.004496962352876298,-0.027378530016712477,-0.01877375097552314,-0.018793019219979556,-0.019233805182271024,0.0,-0.02728598853303399,-0.019233805182271024,-0.03306590952547539,-0.09664854708331716,0.006717191851076165,-1.0,0.0,0.0,23743.0,True
M1-M0,deepseek,C39,2018,2019,1,both_valid_evaluated,0.0017849990716712338,0.08254702015479898,0.059348301486553234,0.05152115515283229,0.06267218574378774,0.0,0.038376129751220844,0.06267218574378774,0.01398615982735274,0.1424906517533937,-0.02302158886076061,1.0,0.0,0.0,22822.0,True
M1-M0,deepseek,C39,2018,2019,2,both_valid_evaluated,-0.01946368520606402,-0.19798437749676406,-0.05009726512678081,-0.07378589551340275,-0.05289508366256923,0.0,-0.0323941730181152,-0.05289508366256923,-0.01026014953669474,-0.06382049059727612,-0.05248410997215003,0.0,0.0,0.0,23183.0,True
M1-M0,deepseek,C39,2018,2019,3,both_valid_evaluated,0.01694388701291511,0.043392811446653745,0.021971274026562515,0.014603416548086834,0.023225935849114032,0.0,0.014207187766511531,0.023225935849114032,-0.010384692539900486,0.05620194108195964,-0.022297726439400006,1.0,0.0,0.0,24221.0,True
M1-M0,deepseek,C39,2019,2020,1,both_valid_evaluated,0.006909265843868244,0.15703850205615852,0.030289876288592144,0.03840321463936114,0.031633029099767285,0.0,0.02667090492135571,0.031633029099767285,0.0064486581197318316,0.08966254055602124,0.021307427059168077,1.0,0.0,0.0,24018.0,True
M1-M0,deepseek,C39,2019,2020,2,both_valid_evaluated,-0.020657539818052306,-0.1675410225965269,-0.003602172134971715,0.0016514264167357684,-0.0037655330373234097,0.0,-0.003171792106604565,-0.0037655330373234097,-0.002840724476046108,-0.002947350284494832,0.023936474771200533,-2.0,0.0,0.0,24857.0,True
M1-M0,deepseek,C39,2019,2020,3,both_valid_evaluated,0.0055706873299635265,0.09963351669864867,0.06776496832127821,0.08899042541234725,0.07090292063694226,0.0,0.05966855096652146,0.07090292063694226,0.006915003214507887,0.19413666014188208,0.06398283751055289,-4.0,0.0,0.0,24898.0,True
M1-M0,deepseek,C39,2021,2022,1,both_valid_evaluated,-0.0029975151921324272,0.053764449864603714,-0.04965236334844936,-0.03925770494948344,-0.05159482264242099,0.0,-0.06363466491463465,-0.05159482264242099,-0.027804253071658347,-0.1786668890794103,0.054983440312688064,2.0,0.0,0.0,25695.0,True
M1-M0,deepseek,C39,2021,2022,2,both_valid_evaluated,-0.015586051477582893,-0.14351969302826673,0.016947014499457902,0.0014332700016738142,0.017623040806915236,0.0,0.02171936069605307,0.017623040806915236,0.0014307554885952811,0.05249038337726236,-0.0737899536594065,0.0,0.0,0.0,22089.0,True
M1-M0,deepseek,C39,2021,2022,3,both_valid_evaluated,-0.017219589391885178,-0.24354359453024976,-0.08896938186331049,-0.08057985195081763,-0.09238871097443446,0.0,-0.11402351108249387,-0.09238871097443446,-0.030148862897031448,-0.3126451123633176,0.05815667555840842,-3.0,0.0,0.0,24109.0,True
M1-M0,deepseek,C39,2022,2023,1,both_valid_evaluated,0.025312976649442945,0.11922437384779594,0.036705124432224734,0.03622463285564681,0.03867167971588503,0.0,0.030436904575210644,0.03867167971588503,0.011849460193230077,0.20020237183902378,-0.007891047327529044,3.0,0.0,0.0,25008.0,True
M1-M0,deepseek,C39,2022,2023,2,both_valid_evaluated,0.01573370689670235,0.09521330789961335,0.1377282850648358,0.1523590857668895,0.14542971812258498,0.0,0.11420810403643489,0.14542971812258498,0.00819893884975198,0.5751094628175955,0.0286147856522474,-1.0,0.0,0.0,25780.0,True
M1-M0,deepseek,C39,2022,2023,3,both_valid_evaluated,0.02261743326920769,0.023363352426660766,0.1266631349396885,0.13857502375424668,0.1339560008165499,0.0,0.10503257545073663,0.1339560008165499,-0.0012667140094601015,0.5113464771745504,0.024671427865487067,2.0,0.0,0.0,24286.0,True
M1-M0,deepseek,C39,2023,2024,1,both_valid_evaluated,-0.014529569149004551,-0.19181450442385395,-0.0948710619696913,-0.10083051237409646,-0.0999025018435249,0.0,-0.08562283584030461,-0.0999025018435249,-0.06875918372227507,-0.19740978148464006,-0.008117954423412732,-3.0,0.0,0.0,24193.0,True
M1-M0,deepseek,C39,2023,2024,2,both_valid_evaluated,-0.01106554946189467,-0.11853945968394214,0.02038689067927235,0.03370810532555768,0.021416630036051654,0.0,0.018399534670363704,0.021416630036051654,-0.04334243791432224,0.04189437585979772,0.04262127094523177,0.0,0.0,0.0,25786.0,True
M1-M0,deepseek,C39,2023,2024,3,both_valid_evaluated,-0.013079711941447206,-0.08468076822648263,-0.043301992544887646,-0.041410273810835285,-0.04570312931282117,0.0,-0.03908082530385815,-0.04570312931282117,0.006170403128992752,-0.07882221850784321,0.011083210971274488,0.0,0.0,0.0,24454.0,True
M1-M0,glm,ALL,2008,2009,1,both_valid_evaluated,0.004888885792769693,0.141303815174449,-0.24486081197306264,-0.2122712591736633,-0.2649229038764265,0.0,-0.1018575966924864,-0.2649229038764265,-0.000460439353217712,-0.33199954846431234,0.06046159608079657,6.0,0.0,0.0,23907.0,True
M1-M0,glm,ALL,2009,2010,1,both_valid_evaluated,0.006856137234210136,0.10807651174110133,0.11177321463485068,0.12159512093378977,0.11756276667712107,0.0,0.09799655260603835,0.11756276667712107,0.020380047665956136,0.36130674142451785,0.004666098205893809,4.0,0.0,0.0,23387.0,True
M1-M0,glm,ALL,2010,2011,1,both_valid_evaluated,-0.03221135271154659,-0.3109886074655834,-0.07579888410715441,-0.08193939387996718,-0.07774953356773273,0.0,-0.10721301423125518,-0.07774953356773273,-0.0554012596863408,-0.39487609616911035,-0.0066448614717657395,-3.0,0.0,0.0,23609.0,True
M1-M0,glm,ALL,2011,2012,1,both_valid_evaluated,0.045528940378350855,0.2168359456450044,0.13612748391530682,0.1100671921906311,0.14254276604091776,0.0,0.12526847895638082,0.14254276604091776,0.08552478324053137,0.5219332507325041,-0.12663045649442076,2.0,0.0,0.0,24783.0,True
M1-M0,glm,ALL,2014,2015,1,both_valid_evaluated,-0.03331928504020416,-0.1811677476395387,-0.07044846637078872,-0.0746111223242123,-0.07460863083841907,0.0,-0.03963642387614641,-0.07460863083841907,0.004342696779665811,-0.08158270383479649,0.004968871270222441,-3.0,0.0,0.0,23118.0,True
M1-M0,glm,ALL,2016,2017,1,both_valid_evaluated,-0.028231411147542816,-0.2341489509952337,-0.06453158953435012,-0.0624854910148398,-0.0664887807679585,0.0,-0.07603628383127059,-0.0664887807679585,-0.03247903944728059,-0.3467244830105819,0.02648174162544739,-2.0,0.0,0.0,23380.0,True
M1-M0,glm,ALL,2016,2017,3,both_valid_evaluated,-0.011314304459004172,-0.22400567286675177,-0.030313830481309867,-0.026294292965011845,-0.03125943983008628,0.0,-0.035718181360819945,-0.03125943983008628,-0.007484798852205765,-0.09954875336244562,0.02122370889834166,-1.0,0.0,0.0,23390.0,True
M1-M0,glm,C26,2016,2017,1,both_valid_evaluated,-0.0282989811523829,-0.2211750727501553,-0.014706260105404212,-0.0208626402001727,-0.015178949503523498,0.0,-0.017175402972816833,-0.015178949503523498,0.012300155931219026,-0.0838955287922567,-0.025560456498451595,-1.0,0.0,0.0,22935.0,True
M1-M0,glm,C26,2016,2017,2,both_valid_evaluated,-0.007142804914847135,-0.05034597620777259,0.15268517249042546,0.13290058161118046,0.15729523106175824,0.0,0.17832061630226714,0.15729523106175824,0.08383216035219754,0.8277545478703837,-0.1194013564665211,-3.0,0.0,0.0,23137.0,True
M1-M0,glm,C26,2016,2017,3,both_valid_evaluated,0.0028392386008200404,-0.014130909393198943,0.027538091356792194,0.03461670804105288,0.028372958759729228,0.0,0.03216166535646581,0.028372958759729228,0.004336619035054001,0.16939229165463032,0.02875486267434718,2.0,0.0,0.0,22926.0,True
M1-M0,glm,C35,2016,2017,1,both_valid_evaluated,-0.019776395278022725,-0.12047732402113231,-0.02822758976510431,-0.028381585068514292,-0.02900730709514754,0.0,-0.03554424417709667,-0.02900730709514754,-0.022814993415695817,-0.174823182715667,0.009001426963154757,-3.0,0.0,0.0,23411.0,True
M1-M0,glm,C35,2016,2017,2,both_valid_evaluated,-0.0013433389738734189,0.019170432031116957,0.011156534071573465,0.0012768965488747508,0.011483014337020259,0.0,0.014048332659996943,0.011483014337020259,0.009713020886660373,-0.004517795092619403,-0.0515606927553825,-3.0,0.0,0.0,24428.0,True
M1-M0,glm,C35,2016,2017,3,both_valid_evaluated,-2.2373909485486065e-05,-0.0045820049334194535,0.020773522143605727,0.018100482500485127,0.021382246745792033,0.0,0.02615806555341993,0.021382246745792033,0.019222892458671703,0.029002753021020178,-0.01731712165334956,0.0,0.0,0.0,23643.0,True
M1-M0,glm,C39,2016,2017,1,both_valid_evaluated,-0.009938560782687081,-0.0924485151453098,-0.03199894660825442,-0.053518329311203816,-0.033045024265121126,0.0,-0.0361672495745885,-0.033045024265121126,0.0018680078086851237,-0.18595454664048672,-0.08327477436212005,2.0,0.0,0.0,22748.0,True
M1-M0,glm,C39,2016,2017,2,both_valid_evaluated,0.008628282269476224,0.052176030653817235,0.015723818488213914,0.009919288219093492,0.016205492834359903,0.0,0.017772062139760125,0.016205492834359903,0.0076888066049798365,0.07606272528952251,-0.02940112859057073,-1.0,0.0,0.0,23338.0,True
M1-M0,glm,C39,2016,2017,3,both_valid_evaluated,0.02563454808627258,0.23615596001535702,0.03482123154020833,0.04188728005603326,0.03588416808184136,0.0,0.03935717594167232,0.03588416808184136,0.024949217907201504,0.1762906913931196,0.023844926793778504,1.0,0.0,0.0,23966.0,True
M2-M1,deepseek,ALL,2008,2009,1,both_valid_evaluated,-0.02489220546337287,-0.24315979188333947,-0.11842913100894759,-0.15551719265862074,-0.12791088524661198,0.0,-0.04926434150793413,-0.12791088524661198,-0.022298510807272742,-0.2652752329106032,-0.038957895532544196,-1.0,0.0,0.0,20886.0,True
M2-M1,deepseek,ALL,2008,2009,2,both_valid_evaluated,-0.007106707703791848,-0.043213197006091164,-0.016399297562301296,-0.050799200983928205,-0.017741910774267122,0.0,-0.006821806330221225,-0.017741910774267122,0.002391659108232691,-0.0005329828139504222,-0.0435634378524164,-6.0,0.0,0.0,22142.0,True
M2-M1,deepseek,ALL,2008,2009,3,both_valid_evaluated,-0.0019098929397506625,-0.214487844660882,0.3097991967248661,0.27375227615967646,0.3350901599446017,0.0,0.12887077103676825,0.3350901599446017,-0.01027827278750204,0.39882998140530557,-0.06809644535544793,0.0,0.0,0.0,20804.0,True
M2-M1,deepseek,ALL,2009,2010,1,both_valid_evaluated,0.007522815723164336,0.04688151053147416,0.05592534158399598,0.062244692788595346,0.05887989979789432,0.0,0.04903223635869136,0.05887989979789432,0.01763995113715977,0.17344922288279474,0.011581032085633103,-1.0,0.0,0.0,22705.0,True
M2-M1,deepseek,ALL,2009,2010,2,both_valid_evaluated,-0.020345829375452804,-0.1813434391108582,-0.06720025879254532,-0.08989470926763876,-0.07066194127760395,0.0,-0.05891745815325011,-0.07066194127760395,-0.017376313670647514,-0.22233868414463653,-0.06384152161739509,0.0,0.0,0.0,25511.0,True
M2-M1,deepseek,ALL,2009,2010,3,both_valid_evaluated,0.0027997802788808646,0.027447013649777696,0.08008526314660402,0.0833951925005465,0.0842188095934382,0.0,0.0702143150177198,0.0842188095934382,0.02132735872160274,0.26390201224892257,-0.0060293215160591995,-2.0,0.0,0.0,24364.0,True
M2-M1,deepseek,ALL,2010,2011,1,both_valid_evaluated,-0.002097080036124868,-0.03888630873592347,-0.041750637068403984,-0.029507463802990186,-0.04287545990548791,0.0,-0.05905379345493911,-0.04287545990548791,-0.019694413111122078,-0.20023517253827405,0.07428714205576425,3.0,0.0,0.0,24890.0,True
M2-M1,deepseek,ALL,2010,2011,2,both_valid_evaluated,0.009818210689539447,0.05925286301200616,0.04297746933990543,0.03758343745084425,0.04407628094807425,0.0,0.060789074750082106,0.04407628094807425,0.05205341962112009,0.23397615801174187,-0.04435663951495389,-3.0,0.0,0.0,22909.0,True
M2-M1,deepseek,ALL,2010,2011,3,both_valid_evaluated,-0.010628326666733093,-0.06751264011475167,-0.02583876494651116,-0.028522081041619685,-0.026444635535957772,0.0,-0.036547396529111764,-0.026444635535957772,-0.012750857136437532,-0.15786387588145767,-0.000230176460202125,-2.0,0.0,0.0,24133.0,True
M2-M1,deepseek,ALL,2011,2012,1,both_valid_evaluated,0.01777174001462481,0.23019634588847704,0.05147697972350529,0.05784326285284025,0.05411865789708625,0.0,0.04737061734898407,0.05411865789708625,0.011029824761436768,0.19300878432266977,0.01613726933962102,1.0,0.0,0.0,26047.0,True
M2-M1,deepseek,ALL,2011,2012,2,both_valid_evaluated,-0.0017268994357405587,0.0724113940096448,0.019297738363308614,-0.00836432438402479,0.02024195266816231,0.0,0.017758341391029386,0.02024195266816231,-0.003478390584736424,0.06019370057348061,-0.09518318720275507,0.0,0.0,0.0,21767.0,True
M2-M1,deepseek,ALL,2011,2012,3,both_valid_evaluated,0.0001760493562063814,0.06939226443211344,-0.01950664826208559,-0.010899969217038175,-0.020486113215396173,0.0,-0.017950586369824384,-0.020486113215396173,-0.01158155125477478,-0.10845727864626742,0.030006483314041613,1.0,0.0,0.0,22802.0,True
M2-M1,deepseek,ALL,2012,2013,1,both_valid_evaluated,-0.029499452433123817,-0.22514560818631868,-0.12962372266968614,-0.13159479055266754,-0.14075664686169365,0.0,-0.10266233313509043,-0.14075664686169365,-0.029218869718976026,-0.49357631910186117,0.006344365597767049,-1.0,0.0,0.0,27312.0,True
M2-M1,deepseek,ALL,2012,2013,2,both_valid_evaluated,0.014316167243680344,0.24546103217634418,0.05392881450590492,0.056533456552211536,0.05853140088108355,0.0,0.04271176453166681,0.05853140088108355,0.009078972308551037,0.2098202327933385,0.0006391200734979785,6.0,0.0,0.0,24054.0,True
M2-M1,deepseek,ALL,2012,2013,3,both_valid_evaluated,0.010330725362164297,0.0024863904995440222,0.050156198785332506,0.0426090737371978,0.05439610179146048,0.0,0.03972384284635133,0.05439610179146048,-0.008547086756737654,0.20458192798322905,-0.026104488046580693,-2.0,0.0,0.0,20238.0,True
M2-M1,deepseek,ALL,2013,2014,2,both_valid_evaluated,-0.006706795493843398,-0.08394390258263751,0.007745612655143397,0.013234491814743343,0.008104059276897946,0.0,0.005249734169354259,0.008104059276897946,0.002357810732831811,-0.09668686092263323,0.012377264795539772,0.0,0.0,0.0,21614.0,True
M2-M1,deepseek,ALL,2013,2014,3,both_valid_evaluated,0.0055512970687841,0.11792821042676016,0.06684122990529917,0.061396557091421,0.06993562782784246,0.0,0.045302896514260005,0.06993562782784246,0.0023339297962794436,0.29812920612392757,-0.023036887579946735,-1.0,0.0,0.0,23587.0,True
M2-M1,deepseek,ALL,2014,2015,1,both_valid_evaluated,0.03505588824219713,0.27988233246187877,0.12263175142189109,0.12093210741120086,0.1299139727003722,0.0,0.06899630794585743,0.1299139727003722,0.0037573577259960578,0.16463524028200172,-0.013469451110030034,-2.0,0.0,0.0,21530.0,True
M2-M1,deepseek,ALL,2014,2015,2,both_valid_evaluated,-0.010215664108395112,-0.06077683475087603,-0.136754389977926,-0.13007569998546908,-0.14522528715061256,0.0,-0.07694212872654527,-0.14522528715061256,0.02574866821724764,-0.16333609958087902,0.024924866516802813,-2.0,0.0,0.0,22021.0,True
M2-M1,deepseek,ALL,2014,2015,3,both_valid_evaluated,0.004972068523762696,0.04926454480415643,0.11577603442484108,0.05872088639677031,0.12364881747003809,0.0,0.06513907557631549,0.12364881747003809,0.020264276871825304,0.15299986208291716,-0.10531611320963344,-1.0,0.0,0.0,24348.0,True
M2-M1,deepseek,ALL,2015,2016,1,both_valid_evaluated,-0.01157240979184325,-0.05541618768019263,-0.03927385905118497,-0.04787488522948502,-0.04099147206395459,0.0,-0.037389448501820244,-0.04099147206395459,0.010336459048179591,-0.0973215668947991,-0.018706873615324998,3.0,0.0,0.0,23429.0,True
M2-M1,deepseek,ALL,2015,2016,2,both_valid_evaluated,0.02849658113664856,0.20172466492121133,0.1025118923195858,0.09849294581391144,0.10693420671206111,0.0,0.09759323914953177,0.10693420671206111,0.00356305962945469,0.2799294268500305,-0.02749676744181187,1.0,0.0,0.0,20919.0,True
M2-M1,deepseek,ALL,2015,2016,3,both_valid_evaluated,0.004558093003288646,0.08175908889075567,0.01311851618776938,0.00978129855038401,0.013660464688170615,0.0,0.01248907281516809,0.013660464688170615,0.008906034451592992,0.04079313481901187,-0.01370097303395415,-1.0,0.0,0.0,25920.0,True
M2-M1,deepseek,ALL,2016,2017,1,both_valid_evaluated,-0.000363689595542456,0.028191057951580833,0.00468269585827219,0.003388601750784259,0.004831999024471845,0.0,0.00551752705836539,0.004831999024471845,0.005580020509616257,-0.019252611658515106,-0.007110734096191312,-2.0,0.0,0.0,22573.0,True
M2-M1,deepseek,ALL,2016,2017,2,both_valid_evaluated,0.0052568056493604645,-0.03632357921728041,-0.042126543493864244,-0.04296587696007925,-0.043360613950216176,0.0,-0.049636865309583,-0.043360613950216176,-0.03169769140913303,-0.22475232644028809,0.008864578874329343,0.0,0.0,0.0,22419.0,True
M2-M1,deepseek,ALL,2016,2017,3,both_valid_evaluated,0.004737983707859383,0.08532337038434795,0.015144908223481579,0.017347450060515857,0.015594138351258113,0.0,0.017844943051746998,0.015594138351258113,0.015590326909611263,-0.05503675970703403,0.007483968590294099,1.0,0.0,0.0,23984.0,True
M2-M1,deepseek,ALL,2017,2018,1,both_valid_evaluated,0.016325081849234244,0.12015215871066576,0.022576589965703664,0.025666562500459622,0.023199291740152672,0.0,0.03263343903181681,0.023199291740152672,0.011384535780104676,0.03484341773855193,0.0096434856235047,0.0,0.0,0.0,21380.0,True
M2-M1,deepseek,ALL,2017,2018,2,both_valid_evaluated,-0.023513651936479453,-0.2189499581204828,-0.012963268222149327,-0.014230132524407746,-0.013318048274951866,0.0,-0.018737817527945344,-0.013318048274951866,-0.0006725603002745162,-0.1729518836890478,-0.002840720553794529,-3.0,0.0,0.0,23830.0,True
M2-M1,deepseek,ALL,2017,2018,3,both_valid_evaluated,0.015467113242538903,0.3200404633358074,0.07121838638260658,0.07551740294285891,0.07314301415101632,0.0,0.10294295433861911,0.07314301415101632,0.04990836823542144,0.5901706162477134,0.010726334238689794,1.0,0.0,0.0,23298.0,True
M2-M1,deepseek,ALL,2018,2019,1,both_valid_evaluated,0.001895898067455798,0.10541944836113437,0.0140605202359263,0.010606850976288884,0.0147676224637181,0.0,0.01093906088335106,0.0147676224637181,-0.00974952067781043,0.006856992281624841,-0.009459752420300727,2.0,0.0,0.0,24858.0,True
M2-M1,deepseek,ALL,2018,2019,2,both_valid_evaluated,0.018315673172211958,-0.009031460304440908,0.04686297539273632,0.04514045828515201,0.049211987906091936,0.0,0.03645931533075708,0.049211987906091936,0.020184464765743426,0.24082848677355773,-0.008071588981018951,1.0,0.0,0.0,20688.0,True
M2-M1,deepseek,ALL,2018,2019,3,both_valid_evaluated,-0.0029510682658552,0.08737092113475609,0.03458610056326439,0.03605099444015214,0.03633589629345124,0.0,0.0269079275468449,0.03633589629345124,0.010274300311734597,0.05657926857898388,-0.0007269281370399505,0.0,0.0,0.0,23722.0,True
M2-M1,deepseek,ALL,2019,2020,2,both_valid_evaluated,0.002285701010716082,0.0840366354631894,0.07346074210732079,0.07216850054845358,0.07679230065382137,0.0,0.063430665910855,0.07679230065382137,0.01668346026762635,0.2942260912133656,-0.019116565970380056,4.0,0.0,0.0,27996.0,True
M2-M1,deepseek,ALL,2019,2020,3,both_valid_evaluated,0.005649275797116875,0.07294307367395764,0.04778702324780704,0.04756000943731653,0.04994960158723316,0.0,0.041262348018178185,0.04994960158723316,-0.003086432314448162,0.18208737095054572,-0.012506112613156262,6.0,0.0,0.0,24929.0,True
M2-M1,deepseek,ALL,2020,2021,1,both_valid_evaluated,-0.0033729585114148433,0.0650414105516649,0.017879090154771182,0.02146200499221207,0.018805058626192306,0.0,0.01421140890550543,0.018805058626192306,0.0027351877818548864,0.06620409008885564,0.006377465469920962,1.0,0.0,0.0,23047.0,True
M2-M1,deepseek,ALL,2020,2021,2,both_valid_evaluated,-0.02364401602416573,-0.3591082388899848,-0.0578061953080351,-0.06686485548010568,-0.0607967627345789,0.0,-0.04594794654999668,-0.0607967627345789,-0.003207351966693528,-0.41259910541169287,-0.02214022591058115,-2.0,0.0,0.0,22276.0,True
M2-M1,deepseek,ALL,2020,2021,3,both_valid_evaluated,0.0011514145104815146,0.019935496976809408,0.024463676822001457,0.023105728122219338,0.025703245126820873,0.0,0.01944524646612522,0.025703245126820873,-0.002498843552269703,0.08749930228768643,-0.008863539857662833,5.0,0.0,0.0,23863.0,True
M2-M1,deepseek,ALL,2021,2022,1,both_valid_evaluated,0.00011980908209396901,-0.0020551246881654883,0.009663357495188984,0.008540780454031838,0.010110562299160186,0.0,0.010856847557006333,0.010110562299160186,-0.011691321807170918,0.04447052207446159,-0.005568547740900931,-1.0,0.0,0.0,17827.0,True
M2-M1,deepseek,ALL,2021,2022,2,both_valid_evaluated,-0.010080915966461212,-0.5124372893419729,-0.08583335803681602,-0.0712743705278015,-0.08968975802530244,0.0,-0.09643435875942696,-0.08968975802530244,0.01990157456571051,-0.43623527271962836,0.06989780561782381,1.0,0.0,0.0,24950.0,True
M2-M1,deepseek,ALL,2022,2023,2,both_valid_evaluated,-0.0072023637258001455,-0.11541137229514664,-0.04397602343686202,-0.04406706808541716,-0.04614531321825033,0.0,-0.04194737482119937,-0.04614531321825033,-0.007216898367141011,-0.3040117005717151,0.007598468463250074,-5.0,0.0,0.0,24354.0,True
M2-M1,deepseek,ALL,2022,2023,3,both_valid_evaluated,-0.005501608601846161,-0.004595661983110233,0.022159707116712113,0.014202763048922762,0.023225091351741334,0.0,0.021137462364856585,0.023225091351741334,0.0079182836495586,0.1355362828599626,-0.03504260560179179,-2.0,0.0,0.0,24857.0,True
M2-M1,deepseek,ALL,2023,2024,3,both_valid_evaluated,0.005063196998240149,0.21941957484321323,0.06786382056868367,0.06807558913261924,0.07137065466689552,0.0,0.06508090631946506,0.07137065466689552,0.10862003601910719,0.20961638058744037,-0.010565558917279422,-2.0,0.0,0.0,21330.0,True
M2-M1,deepseek,C26,2015,2016,1,both_valid_evaluated,0.033365660682852835,0.36714858522023863,0.1727822381033337,0.18307532639062263,0.1807750596690676,0.0,0.15228429902663954,0.1807750596690676,0.004239205627388998,0.4735941867509169,0.005636578052325036,0.0,0.0,0.0,21746.0,True
M2-M1,deepseek,C26,2015,2016,2,both_valid_evaluated,-0.006703721324467005,-0.11163924580742057,0.015293776920100921,0.011160291009555401,0.0159750184967693,0.0,0.013479406930442028,0.0159750184967693,-0.01842821092203295,0.010613288912627583,-0.01567495248097628,-2.0,0.0,0.0,20783.0,True
M2-M1,deepseek,C26,2015,2016,3,both_valid_evaluated,0.03437604960566955,0.23017915855910875,0.12319259322622345,0.11629594099977458,0.12889886471039813,0.0,0.10857769820940533,0.12889886471039813,0.005328799966346498,0.33779591020539235,-0.04247927427395157,-4.0,0.0,0.0,23015.0,True
M2-M1,deepseek,C26,2016,2017,1,both_valid_evaluated,0.018364905926102265,0.13048761749387344,0.038956198675061504,0.037702415656838184,0.0401185970647121,0.0,0.045496843231232265,0.0401185970647121,0.024471911328008966,0.09388865467093266,-0.009689140486774911,0.0,0.0,0.0,22948.0,True
M2-M1,deepseek,C26,2016,2017,2,both_valid_evaluated,0.013141327602114332,0.09252690556586782,-0.025307717006590957,-0.015894213443883753,-0.026081733642365545,0.0,-0.029556816946987197,-0.026081733642365545,-0.009765595807714522,-0.07549822183745503,0.048814888381933486,1.0,0.0,0.0,22965.0,True
M2-M1,deepseek,C26,2016,2017,3,both_valid_evaluated,0.021283830303279322,0.19274316665475655,0.035882647350958474,0.037290810447830225,0.036932835762068184,0.0,0.041907250624359516,0.036932835762068184,-0.0021960101429916445,0.3445781893192229,-0.0004499903722174625,-2.0,0.0,0.0,18367.0,True
M2-M1,deepseek,C26,2017,2018,1,both_valid_evaluated,0.0009675668080126459,0.10334147354651146,0.08852280027939652,0.0991332680458602,0.09070701695684646,0.0,0.12701272848724077,0.09070701695684646,0.05658230861297897,0.5417148707593911,0.03649036733711883,1.0,0.0,0.0,22933.0,True
M2-M1,deepseek,C26,2017,2018,2,both_valid_evaluated,0.010635264681223361,0.0432230533420489,0.05219705021955989,0.0578591519499585,0.05348883841995977,0.0,0.07489245422023638,0.05348883841995977,0.03297281629380577,0.49344088695510435,0.01371795127264372,1.0,0.0,0.0,24211.0,True
M2-M1,deepseek,C26,2019,2020,1,both_valid_evaluated,0.00048313393176570296,0.04961797801031709,-0.044956306492644815,-0.0524718915879725,-0.047298461250882884,0.0,-0.036422989154993646,-0.047298461250882884,0.0010363695413633245,-0.12196148163105436,-0.019016280780847133,0.0,0.0,0.0,24091.0,True
M2-M1,deepseek,C26,2019,2020,2,both_valid_evaluated,0.00020515733074417258,-0.00730065358705867,-0.10515616816727902,-0.10979517959862628,-0.11019584961486983,0.0,-0.08519609975886566,-0.11019584961486983,-0.012661577574235472,-0.3894895805524262,0.002836234397363635,-4.0,0.0,0.0,24829.0,True
M2-M1,deepseek,C26,2019,2020,3,both_valid_evaluated,0.003926840953299218,0.0673692387298151,0.14445173841067782,0.15830053870137806,0.15144568889969645,0.0,0.11703283725972702,0.15144568889969645,-0.01155545004892411,0.449129028634924,0.0247330985696933,-1.0,0.0,0.0,25325.0,True
M2-M1,deepseek,C26,2020,2021,1,both_valid_evaluated,-0.020038482344472936,-0.2274441017370082,-0.22943131475335488,-0.2571961376807075,-0.24284815263801174,0.0,-0.1479523426866316,-0.24284815263801174,0.049272350033952694,-0.46281617090198135,-0.042225533202958104,0.0,0.0,0.0,21510.0,True
M2-M1,deepseek,C26,2020,2021,2,both_valid_evaluated,0.020005312658230745,0.10023338560968079,0.005026556509948543,0.0028164077822687705,0.005322117203360177,0.0,0.0032414529467920117,0.005322117203360177,0.020123925783150476,0.17347510028675606,-0.006865090806825541,0.0,0.0,0.0,23751.0,True
M2-M1,deepseek,C26,2020,2021,3,both_valid_evaluated,0.015143807628016478,0.04648152899401739,0.013300022721681959,-0.01550067655634213,0.014127763391804438,0.0,0.008576725986919831,0.014127763391804438,0.002925675471274647,0.19645180049195554,-0.06971222055127904,-3.0,0.0,0.0,22463.0,True
M2-M1,deepseek,C26,2022,2023,2,both_valid_evaluated,0.008149162904251606,0.10753586845048452,-0.024418719006803036,-0.017768962364017482,-0.02546422007134741,0.0,-0.026094146471043023,-0.02546422007134741,-0.007602436934404544,-0.1476806501801105,0.033902369496289275,-1.0,0.0,0.0,23285.0,True
M2-M1,deepseek,C26,2022,2023,3,both_valid_evaluated,-0.005905349492043681,-0.04248221466576241,0.017617893915195193,0.024642469919424648,0.01834799590623659,0.0,0.018826700295225263,0.01834799590623659,0.012286915069771864,0.1434153047476861,0.026071437900784533,2.0,0.0,0.0,25343.0,True
M2-M1,deepseek,C26,2023,2024,1,both_valid_evaluated,-0.0018084010757993124,-0.00024599410259340537,-0.021748033554768176,-0.02850647795774064,-0.02275933408137565,0.0,-0.02249240391059848,-0.02275933408137565,0.041362729878443916,-0.07834867631825998,-0.024484093573863858,-5.0,0.0,0.0,23042.0,True
M2-M1,deepseek,C26,2023,2024,2,both_valid_evaluated,-0.010154160161371856,-0.05050554882109348,-0.01705423359411573,-0.021563554092712156,-0.017850674078128126,0.0,-0.017637949169912126,-0.017850674078128126,0.010402164447408269,-0.04886291821783559,-0.010952054672317746,-3.0,0.0,0.0,20439.0,True
M2-M1,deepseek,C26,2023,2024,3,both_valid_evaluated,-0.00867249946241086,-0.0059910357086401245,-0.07345285465395457,-0.07075378402051502,-0.07688582000036392,0.0,-0.07596692689951268,-0.07688582000036392,-0.005058145570398409,-0.2142270145557994,0.021952463601068062,1.0,0.0,0.0,28111.0,True
M2-M1,deepseek,C35,2015,2016,1,both_valid_evaluated,-0.0046794448810868056,0.02660909627737751,0.04436418766216388,0.040154851473773734,0.04623640461336298,0.0,0.04437071051097452,0.04623640461336298,-0.014049028000931774,0.12402157146543924,-0.02372888279044616,-1.0,0.0,0.0,25120.0,True
M2-M1,deepseek,C35,2015,2016,2,both_valid_evaluated,-0.011346693298585286,-0.1258612599009622,-0.04684203022099909,-0.05456462324162947,-0.04882837977441423,0.0,-0.04684891738601227,-0.04882837977441423,0.005481484224296174,-0.14361216864879556,-0.023884868833913026,-2.0,0.0,0.0,22645.0,True
M2-M1,deepseek,C35,2015,2016,3,both_valid_evaluated,0.01984597639534008,0.19912522522898413,0.02320942332493603,0.03487122726567349,0.024182878964712717,0.0,0.023212835797186804,0.024182878964712717,-0.01685880244659077,0.05693098626841053,0.03277393928746958,-4.0,0.0,0.0,22186.0,True
M2-M1,deepseek,C35,2016,2017,1,both_valid_evaluated,0.013537295657309288,0.08901954561884096,0.01035140358326514,0.0023576479529725525,0.010676645964692866,0.0,0.01303451054804916,0.010676645964692866,0.02120340215553984,0.016271122021159212,-0.04235744509180961,-1.0,0.0,0.0,19131.0,True
M2-M1,deepseek,C35,2016,2017,3,both_valid_evaluated,-0.001439080961995052,-0.013025303172828073,-0.019253661369127317,-0.009668741697759664,-0.01978341083632551,0.0,-0.02424425346628123,-0.01978341083632551,-0.011151712675294467,-0.144037290278056,0.05357859249611435,2.0,0.0,0.0,20403.0,True
M2-M1,deepseek,C35,2017,2018,1,both_valid_evaluated,-0.012981244859049904,-0.04420840965050943,0.041134736068337285,0.05218707821449742,0.04231170280930052,0.0,0.058331233867592536,0.04231170280930052,0.010931907381025341,0.3656393759195865,0.052336463549330664,0.0,0.0,0.0,22218.0,True
M2-M1,deepseek,C35,2017,2018,2,both_valid_evaluated,-0.010627383926698548,-0.2514483161906479,-0.0036823858832752965,-0.01551427118707871,-0.003774644520834647,0.0,-0.005221818168255732,-0.003774644520834647,0.005641932558196672,-0.29237231016829424,-0.06777009540149152,-1.0,0.0,0.0,22371.0,True
M2-M1,deepseek,C35,2017,2018,3,both_valid_evaluated,-0.0019720068084716214,-0.16097695383601535,0.07856328214093056,0.07805164853313928,0.08080084568930113,0.0,0.11140689407499837,0.08080084568930113,0.04963293530505708,0.38764511190380835,-0.021929349635852968,-1.0,0.0,0.0,23919.0,True
M2-M1,deepseek,C35,2018,2019,1,both_valid_evaluated,-0.0024496668179719294,0.1616024029676263,-0.07623392729697898,-0.056911062693422165,-0.0800981192499568,0.0,-0.05847273378469153,-0.0800981192499568,0.005829539402881889,-0.20351123413568506,0.06030361461091574,-1.0,0.0,0.0,23763.0,True
M2-M1,deepseek,C35,2018,2019,2,both_valid_evaluated,-0.0016891733004053833,0.11122484056178195,-0.026260842880547752,-0.021962312257021166,-0.027608265550155275,0.0,-0.02014251828761182,-0.027608265550155275,0.010628197785890303,-0.09469909114024944,0.01951257663339004,-2.0,0.0,0.0,20196.0,True
M2-M1,deepseek,C35,2018,2019,3,both_valid_evaluated,-0.003978475475839224,0.03983002118496404,0.016941273490437503,0.03163915557859309,0.01779990194035297,0.0,0.012994248229151184,0.01779990194035297,-0.007238921400457232,-0.01819878497165761,0.03464851199336222,-2.0,0.0,0.0,23298.0,True
M2-M1,deepseek,C35,2019,2020,1,both_valid_evaluated,0.009390490864411898,0.06256795503046558,-0.0020566555003147524,-0.007761788271458014,-0.0021639999856777337,0.0,-0.001547311942663776,-0.0021639999856777337,0.0027801282456955123,0.006356810492150977,-0.017275477958735352,8.0,0.0,0.0,26847.0,True
M2-M1,deepseek,C35,2019,2020,2,both_valid_evaluated,0.01407752080971212,0.09706221312747587,-0.001038822788020477,0.0028694244164642058,-0.0010906129551391253,0.0,-0.0007815518476329553,-0.0010906129551391253,-0.01840121157026442,0.0067821816364547205,0.013832224569177543,5.0,0.0,0.0,24286.0,True
M2-M1,deepseek,C35,2019,2020,3,both_valid_evaluated,-0.0034740015587434656,0.01862364036080094,-0.05654769459445985,-0.05923442449524363,-0.05953625414678965,0.0,-0.04254330546011531,-0.05953625414678965,-0.011258605944475808,-0.22438232312539386,0.005277495658940035,-4.0,0.0,0.0,23451.0,True
M2-M1,deepseek,C35,2020,2021,1,both_valid_evaluated,0.006583055159954998,0.14949198626550603,-0.00013398625939209374,-0.0020016320746980565,-0.00014049906803337286,0.0,-9.88207610950198e-05,-0.00014049906803337286,0.005374681611547749,-0.014834040128498094,-0.007967861928432102,-1.0,0.0,0.0,19609.0,True
M2-M1,deepseek,C35,2020,2021,2,both_valid_evaluated,0.010256896129247621,0.04406853253091614,-0.07901244865004853,-0.09065369241762267,-0.08295061141668447,0.0,-0.05827515707212205,-0.08295061141668447,0.014923750909685896,-0.32224808531037974,-0.03220068029313414,0.0,0.0,0.0,24493.0,True
M2-M1,deepseek,C35,2020,2021,3,both_valid_evaluated,-2.8698082511650902e-05,-0.06559366022845181,0.19035200963104892,0.15856521688176062,0.2005202130531003,0.0,0.14039298173600734,0.2005202130531003,0.039306304555710936,0.898414126419369,-0.12005367779063603,0.0,0.0,0.0,22485.0,True
M2-M1,deepseek,C35,2022,2023,1,both_valid_evaluated,0.009852606613374136,0.14384749018237475,0.002959852658819262,0.010654366929872205,0.003104672630826588,0.0,0.0027876215521047687,0.003104672630826588,0.011954792861353924,0.02821405756292783,0.026685537424056605,-1.0,0.0,0.0,20343.0,True
M2-M1,deepseek,C35,2022,2023,2,both_valid_evaluated,0.020862923998242786,0.13800577601927022,0.08708326319375326,0.07305916545187419,0.09139272177573865,0.0,0.0820159681203011,0.09139272177573865,0.07044399077077557,0.5000706884688293,-0.07173461723288127,1.0,0.0,0.0,24235.0,True
M2-M1,deepseek,C35,2022,2023,3,both_valid_evaluated,-0.01855718537227373,-0.08893882913919016,0.06183464090800106,0.06986623831871586,0.06488037083216147,0.0,0.0582365399670125,0.06488037083216147,0.020438721972116825,0.32966810809548786,0.01907075759987309,-2.0,0.0,0.0,23776.0,True
M2-M1,deepseek,C35,2023,2024,1,both_valid_evaluated,-0.005717675895521995,0.04028164192208905,0.11737049461409144,0.13774363829509495,0.12294884953353602,0.0,0.12054612198905446,0.12294884953353602,0.06062610518226175,0.28053659885036875,0.05990681906273487,-8.0,0.0,0.0,22184.0,True
M2-M1,deepseek,C35,2023,2024,2,both_valid_evaluated,-0.0039811545833041,-0.14020582069801346,-0.06116191871552812,-0.06727594213417487,-0.06408922721303845,0.0,-0.06281674230655843,-0.06408922721303845,-0.04554647948237989,-0.14421892621704424,-0.012699311518759915,-6.0,0.0,0.0,22325.0,True
M2-M1,deepseek,C35,2023,2024,3,both_valid_evaluated,-0.04494690292183218,-0.14721728318709432,-0.17821272375808994,-0.19183635359909212,-0.18683367643542814,0.0,-0.18303452506338125,-0.18683367643542814,-0.022373366121818505,-0.42351357421680075,-0.027188783126228466,-1.0,0.0,0.0,22272.0,True
M2-M1,deepseek,C39,2015,2016,1,both_valid_evaluated,-0.024358351963737798,-0.17521073565498202,-0.16574952367295048,-0.18458522034373526,-0.17287749294295573,0.0,-0.16354674608245334,-0.17287749294295573,0.004661328891976235,-0.4033114262466539,-0.036005428866469846,-3.0,0.0,0.0,23137.0,True
M2-M1,deepseek,C39,2015,2016,2,both_valid_evaluated,0.03605658166319864,0.20606458966272567,0.1368020783249395,0.1480222518311518,0.14261698680304336,0.0,0.13498400641866826,0.14261698680304336,0.0019010873366156478,0.33440598321663284,0.014274525423381146,-2.0,0.0,0.0,22842.0,True
M2-M1,deepseek,C39,2015,2016,3,both_valid_evaluated,0.0057905158952537145,0.06468136304901151,-0.013200623661970612,-0.00884080146131594,-0.013736422195748332,0.0,-0.013025190047810886,-0.013736422195748332,-0.011227684067222521,-0.03210875977435862,0.018610987948281393,-4.0,0.0,0.0,26731.0,True
M2-M1,deepseek,C39,2016,2017,1,both_valid_evaluated,-0.010570874518425958,-0.05648461630597028,-0.029047910482465467,-0.033801119424642256,-0.029908544502607826,0.0,-0.03283180039959899,-0.029908544502607826,-0.0019044706536497369,-0.3236423290102861,-0.015049125619720438,-2.0,0.0,0.0,24540.0,True
M2-M1,deepseek,C39,2016,2017,2,both_valid_evaluated,-0.0062147121931214674,-0.0370018447144627,0.05997896191259855,0.06408759693201238,0.061872932971989925,0.0,0.06779204675938011,0.061872932971989925,0.051380489406641305,0.29712603201388643,0.004330803395284716,-3.0,0.0,0.0,22654.0,True
M2-M1,deepseek,C39,2016,2017,3,both_valid_evaluated,0.0020848138827538453,0.008268643797814945,-0.014789509024817793,-0.009386617253571705,-0.015217983058217643,0.0,-0.01671604601659704,-0.015217983058217643,0.0005331415773467407,-0.11200266909419498,0.031359931998034024,-4.0,0.0,0.0,24456.0,True
M2-M1,deepseek,C39,2017,2018,1,both_valid_evaluated,0.01429974611734823,0.14284746924780972,-0.017778310337069003,-0.012951449552364047,-0.018215146174597296,0.0,-0.025839203504214314,-0.018215146174597296,0.0042428904847523485,0.05518598525349616,0.029493062439581302,1.0,0.0,0.0,22987.0,True
M2-M1,deepseek,C39,2017,2018,2,both_valid_evaluated,0.002829123978576112,-0.004215419407147369,0.01930752263445601,0.009551039521015103,0.019751948045440004,0.0,0.028061778484860356,0.019751948045440004,0.02962711802091389,0.09448057465011117,-0.06923557756770313,0.0,0.0,0.0,22347.0,True
M2-M1,deepseek,C39,2017,2018,3,both_valid_evaluated,0.004464590674983025,0.059845005176617116,-0.005437831002019555,-0.0032867969701853017,-0.0055669239722914154,0.0,-0.007903406972806448,-0.0055669239722914154,-0.0003177093809956233,-0.032624243354125726,0.008847461888933678,0.0,0.0,0.0,23917.0,True
M2-M1,deepseek,C39,2018,2019,1,both_valid_evaluated,-0.0195174664475901,-0.1808170580175757,-0.08202071323361504,-0.052031107308688096,-0.08659187251087364,0.0,-0.05303669110149789,-0.08659187251087364,-0.004260511232775044,-0.2230377291322423,0.08080937118684559,-2.0,0.0,0.0,21666.0,True
M2-M1,deepseek,C39,2018,2019,2,both_valid_evaluated,0.008418842471758857,0.115936309251995,0.08932354628018602,0.10610370932449431,0.09435370419875055,0.0,0.05775888974117116,0.09435370419875055,0.0018436037595445098,0.19220555687123886,0.03155496287543075,-1.0,0.0,0.0,24859.0,True
M2-M1,deepseek,C39,2018,2019,3,both_valid_evaluated,-0.04401085346750652,-0.24658325996510755,-0.15693333433763423,-0.17085817291621153,-0.16564062434345317,0.0,-0.1014771080213196,-0.16564062434345317,-0.008039092064727416,-0.37535494747029174,-0.01993835989273962,-4.0,0.0,0.0,22727.0,True
M2-M1,deepseek,C39,2019,2020,1,both_valid_evaluated,-0.003616044624358522,-0.046691533626149584,-0.07787693141809782,-0.0845117560278521,-0.08125426590426166,0.0,-0.06857235776170156,-0.08125426590426166,-0.031421367942736866,-0.24148883809772065,-0.01003234432260322,-3.0,0.0,0.0,23009.0,True
M2-M1,deepseek,C39,2019,2020,2,both_valid_evaluated,0.01281840119254279,0.12747332814621584,-0.022155480203680522,-0.02412608003654637,-0.02314894084898067,0.0,-0.01950838954802503,-0.02314894084898067,0.007364201262208825,-0.06505795256558539,-0.0038688995144941507,2.0,0.0,0.0,23468.0,True
M2-M1,deepseek,C39,2019,2020,3,both_valid_evaluated,-0.01781123077285763,-0.16617229347306106,-0.13493981699176483,-0.1551144524883581,-0.14100856575313103,0.0,-0.11881748854972862,-0.14100856575313103,0.0004082783865904105,-0.3910858705455629,-0.0480486063358172,-1.0,0.0,0.0,22438.0,True
M2-M1,deepseek,C39,2021,2022,1,both_valid_evaluated,-0.022411039118741843,-0.18698288229465554,-0.0220718781621001,-0.015183858782599646,-0.02289154163179652,0.0,-0.0282874062010936,-0.02289154163179652,-0.0033876957023570853,-0.07135721229392711,0.03871348835497279,-3.0,0.0,0.0,22584.0,True
M2-M1,deepseek,C39,2021,2022,2,both_valid_evaluated,0.010720339590272604,-0.01273118085101177,-0.000893578920621918,0.008307545676432881,-0.0009296074363285278,0.0,-0.001145214272873618,-0.0009296074363285278,-0.006970616297710341,0.009553763175589147,0.041077639777862135,0.0,0.0,0.0,24336.0,True
M2-M1,deepseek,C39,2021,2022,3,both_valid_evaluated,0.024435618577489528,0.3208384653833908,0.0824957104905154,0.07751504674753718,0.08565171389238158,0.0,0.10572682829049262,0.08565171389238158,0.03250829721944626,0.27147307655800174,-0.0428625765611155,4.0,0.0,0.0,23524.0,True
M2-M1,deepseek,C39,2022,2023,1,both_valid_evaluated,-0.0013210490356865973,-0.06471005726268941,0.03275849199702496,0.031888750793116705,0.03455933524339372,0.0,0.0271642477818681,0.03455933524339372,0.004954527360824357,0.12269512609854138,-0.00707230093113323,1.0,0.0,0.0,21989.0,True
M2-M1,deepseek,C39,2022,2023,2,both_valid_evaluated,-0.04207455003177546,-0.2879152509830906,-0.1431732153034737,-0.15201814065151864,-0.15116365419473654,0.0,-0.1187231908167048,-0.15116365419473654,-0.02960175987344471,-0.6102427044299576,-0.007561810928081419,-1.0,0.0,0.0,21786.0,True
M2-M1,deepseek,C39,2022,2023,3,both_valid_evaluated,-0.011000532462400667,0.03135131083204257,-0.15900383904126536,-0.1584715960044738,-0.16805960399737607,0.0,-0.13185038195218046,-0.16805960399737607,-0.011649546136530464,-0.6700373030619691,0.02004181070955885,-3.0,0.0,0.0,23085.0,True
M2-M1,deepseek,C39,2023,2024,1,both_valid_evaluated,0.026702415351138764,0.12867525655952367,0.1190929394332747,0.11583184532752133,0.12546725803759684,0.0,0.10748351490038455,0.12546725803759684,0.010056951291136373,0.22763149923462622,-0.02637126459568015,1.0,0.0,0.0,24099.0,True
M2-M1,deepseek,C39,2023,2024,2,both_valid_evaluated,0.0002560739889336805,-0.0019865064059307325,0.014696239679329981,0.011028448843864114,0.015449631192263613,0.0,0.013263620027095913,0.015449631192263613,0.09275238891649984,0.049459999160435975,-0.013463648461494448,-4.0,0.0,0.0,23338.0,True
M2-M1,deepseek,C39,2023,2024,3,both_valid_evaluated,-0.00030370910141749863,-0.011817597744781194,-0.06796476752746483,-0.06336173574912474,-0.07158144325227678,0.0,-0.06133942228651024,-0.07158144325227678,0.017013482742264552,-0.12384201180798171,0.026313548137810228,-1.0,0.0,0.0,22197.0,True
M2-M1,glm,ALL,2008,2009,1,both_valid_evaluated,-0.02036254455397568,-0.22686964903889972,-0.12804346461992333,-0.14610094074356494,-0.1382216322364047,0.0,-0.053263727557187224,-0.1382216322364047,0.011030587182615736,-0.09308547490415986,-0.01816398404313746,-5.0,0.0,0.0,24250.0,True
M2-M1,glm,ALL,2009,2010,1,both_valid_evaluated,-0.0021028133152097006,-0.10572524950230244,-0.009422435817433295,-0.025086691486723378,-0.009930589567570314,0.0,-0.00826106889988476,-0.009930589567570314,-0.017407637960485833,-0.026009622691165357,-0.048022980223640876,-2.0,0.0,0.0,23498.0,True
M2-M1,glm,ALL,2010,2011,1,both_valid_evaluated,-0.004358138933782535,-0.011972060401724605,0.04481542109944259,0.030324038267063758,0.04593337363675709,0.0,0.06338874822117224,0.04593337363675709,0.05236097224760883,0.15909493262813457,-0.08840816634374529,0.0,0.0,0.0,21950.0,True
M2-M1,glm,ALL,2011,2012,1,both_valid_evaluated,-0.014488426747181232,-0.1149547546700882,0.053049810184311985,0.03452713665959872,0.055733578885276636,0.0,0.04881798178865937,0.055733578885276636,0.0046518554716783456,0.16909384037814745,-0.0674907247940928,2.0,0.0,0.0,21071.0,True
M2-M1,glm,ALL,2014,2015,1,both_valid_evaluated,0.06324522483680048,0.3741114906142389,0.5697728935102842,0.5663511926138505,0.6063148085599999,0.0,0.3205713492959219,0.6063148085599999,0.07173685253751327,0.6224278030680497,-0.06466421791943697,3.0,0.0,0.0,24331.0,True
M2-M1,glm,ALL,2016,2017,1,both_valid_evaluated,0.017805935526473478,0.1830818224871988,0.05435743468588927,0.046837650679638854,0.055993583983916184,0.0,0.0640482802599488,0.055993583983916184,0.029700957677001094,0.2719952353100269,-0.048156253752274114,-1.0,0.0,0.0,21085.0,True
M2-M1,glm,ALL,2016,2017,3,both_valid_evaluated,-0.018015267001418978,-0.11135193438925539,-0.03625876061835298,-0.032949483783151434,-0.037335060328939074,0.0,-0.04272297387436341,-0.037335060328939074,-0.03021919802511086,-0.2771151343501953,0.02596553815880548,2.0,0.0,0.0,24403.0,True
M2-M1,glm,C26,2016,2017,1,both_valid_evaluated,-0.008784681511418629,-0.05979109053136483,-0.030863755511170043,-0.040208610561820235,-0.03182479898761681,0.0,-0.03604569988287154,-0.03182479898761681,-0.020693026863126573,-0.09895907937213777,-0.0420141087844669,0.0,0.0,0.0,21146.0,True
M2-M1,glm,C26,2016,2017,2,both_valid_evaluated,0.0024389696698880713,-0.011632920074020697,-0.05726387605506633,-0.0507706435921097,-0.05911660781832695,0.0,-0.0668783320832047,-0.05911660781832695,-0.03560355762749301,-0.3135842223197627,0.03674934753104819,2.0,0.0,0.0,24104.0,True
M2-M1,glm,C26,2016,2017,3,both_valid_evaluated,-0.009684678023696085,-0.07497500427716133,-0.055707186737482095,-0.0677898573799176,-0.05735977874639364,0.0,-0.06506027867320396,-0.05735977874639364,-0.026853226584929724,-0.37177557621728974,-0.04986242824854466,-2.0,0.0,0.0,21807.0,True
M2-M1,glm,C35,2016,2017,1,both_valid_evaluated,0.01601225296715634,0.12520243883947868,0.05347930577219562,0.059924952163622036,0.0549888948188606,0.0,0.06734126146109942,0.0549888948188606,0.054343043301842586,0.2630664433685944,0.01937335123164549,1.0,0.0,0.0,24499.0,True
M2-M1,glm,C35,2016,2017,3,both_valid_evaluated,-0.003715742242959716,0.043217606028357114,-0.029534871120590278,-0.031243539194058312,-0.03039424559010817,0.0,-0.037190375784301954,-0.03039424559010817,-0.02213056745281028,-0.47298180449510197,-0.00434695010047334,0.0,0.0,0.0,21551.0,True
M2-M1,glm,C39,2016,2017,1,both_valid_evaluated,-0.005163824120719019,-0.01562499832885153,-0.01993233047205145,-0.003914791672176676,-0.02056147392438279,0.0,-0.022528790700875767,-0.02056147392438279,-0.0006198342261592993,-0.04066974479567609,0.07307933624689333,-3.0,0.0,0.0,22698.0,True
M2-M1,glm,C39,2016,2017,2,both_valid_evaluated,0.0008578681242233099,0.008311858172902115,0.0545073972754867,0.06273596904046252,0.05626153540873535,0.0,0.06160773556262111,0.05626153540873535,0.01132321338371034,0.3476913231170522,0.023718952799567844,2.0,0.0,0.0,23076.0,True
M2-M1,glm,C39,2016,2017,3,both_valid_evaluated,-0.052270147346968776,-0.3785517689871732,-0.03740844615787553,-0.033295164804386435,-0.03854815253385724,0.0,-0.04228141085245696,-0.03854815253385724,-0.03619187333301943,-0.14059000112521114,0.03277657592153008,-2.0,0.0,0.0,23652.0,True
M3-M1,deepseek,ALL,2011,2012,1,both_valid_evaluated,0.0039316944519677405,0.005229684856731864,-0.02564076476732824,-0.02678878266478346,-0.026922049785147673,0.0,-0.023595379193814603,-0.026922049785147673,-0.009554570988258848,-0.1004284451157672,-0.004112621838459771,0.0,9.0,9.0,48611.0,True
M3-M1,deepseek,ALL,2012,2013,2,both_valid_evaluated,0.01958661785661192,0.2201342278503744,0.08370349240637065,0.0868407725544249,0.09090832623693967,0.0,0.06629338862525169,0.09090832623693967,-0.010254763786978982,0.3334030620726778,0.002751539526190283,-2.0,9.0,9.0,48481.0,True
M3-M1,deepseek,ALL,2014,2015,2,both_valid_evaluated,0.01217672981446137,0.1718115086898997,0.04262992695251522,0.04463388097930521,0.04534831812258355,0.0,0.023984877763069123,0.04534831812258355,0.04927437034863158,0.015673922665079054,-0.0015240555927886756,-3.0,9.0,9.0,48621.0,True
M3-M1,deepseek,ALL,2014,2015,3,both_valid_evaluated,-0.05894872087088251,-0.5001612127094177,-0.36637262418618777,-0.3996079880394232,-0.389599813483815,0.0,-0.20613224640588146,-0.389599813483815,-0.03770445462125194,-0.4263244406545037,-0.01019444022505328,1.0,9.0,9.0,52585.0,True
M3-M1,deepseek,ALL,2017,2018,1,both_valid_evaluated,-0.012091789964851295,-0.2599300703719256,-0.008770490528456687,-0.010693678889999725,-0.009004273805302887,0.0,-0.012677347127015404,-0.009004273805302887,0.00037462575969127165,-0.21948894285895393,-0.008746857908068645,-2.0,9.0,9.0,48544.0,True
M3-M1,deepseek,ALL,2017,2018,3,both_valid_evaluated,0.010885143823437284,0.21470375114615403,0.04027241155641781,0.038776175987729866,0.04132386865639037,0.0,0.0582119482697363,0.04132386865639037,0.030213506868774997,0.417327009760625,-0.015628949714047352,0.0,9.0,9.0,49801.0,True
M3-M1,deepseek,ALL,2019,2020,2,both_valid_evaluated,0.0026178335122336444,0.023714553797975046,0.04683180108368479,0.04815345301932328,0.04893123609961303,0.0,0.0404375485916415,0.04893123609961303,0.009643355740628912,0.17670178393972247,-0.002966356678615334,1.0,9.0,9.0,56835.0,True
M3-M1,deepseek,ALL,2019,2020,3,both_valid_evaluated,0.008237464429042024,0.038978889709639475,0.05423098878167054,0.041427243130155,0.05669201462605966,0.0,0.04682647673773854,0.05669201462605966,0.008401021813585041,0.2409613278751005,-0.057637072210851514,-1.0,9.0,9.0,51316.0,True
M3-M1,deepseek,ALL,2020,2021,2,both_valid_evaluated,-0.008422049786804262,-0.16879913067977947,-0.021039436267638933,-0.032898187736275286,-0.02214108485781563,0.0,-0.016723447857381446,-0.02214108485781563,-0.020087651769502335,-0.29424024883364974,-0.035727340780426387,-3.0,9.0,9.0,49850.0,True
M3-M1,deepseek,ALL,2020,2021,3,both_valid_evaluated,-0.014577355516630891,0.12190018768522692,0.046627144527063846,0.06009503609829192,0.049007643010670954,0.0,0.0370621441714345,0.049007643010670954,-0.009481449089752791,0.13675000971289752,0.032179363544277334,-1.0,9.0,9.0,47644.0,True
M3-M1,deepseek,ALL,2022,2023,2,both_valid_evaluated,-0.0027515647411123223,-0.04907740304679309,-0.023882327400235992,-0.03896225947917631,-0.025071062107229647,0.0,-0.022780616817221322,-0.025071062107229647,0.008826969020567232,-0.14934521097826225,-0.05131685477442373,0.0,9.0,9.0,51348.0,True
M3-M1,deepseek,ALL,2022,2023,3,both_valid_evaluated,0.008961984908697013,0.036426918291163735,0.034626565819072974,0.029056767021685914,0.03630106936422939,0.0,0.0330292150509921,0.03630106936422939,0.023582309494997844,0.22956648444073818,-0.027853258113011814,-1.0,9.0,9.0,48935.0,True
M3-M1,deepseek,C26,2015,2016,1,both_valid_evaluated,0.0173478446378508,0.11134645736958781,0.048004229464303494,0.04704399341091925,0.0501326019618229,0.0,0.04230927041188948,0.0501326019618229,-0.0027439081985950464,0.11591342714174935,-0.004350992665957482,4.0,9.0,9.0,52174.0,True
M3-M1,deepseek,C26,2015,2016,2,both_valid_evaluated,-0.016387428380927785,-0.17195968581777332,0.0012343358978812446,-0.005425734507682245,0.001289041042660033,0.0,0.0010879010425819402,0.001289041042660033,-0.016455305668756637,-0.021557395209546137,-0.023935683504546362,0.0,9.0,9.0,50623.0,True
M3-M1,deepseek,C26,2019,2020,2,both_valid_evaluated,-0.009703944496135049,-0.08981573721779695,0.00466174446132861,0.012977241140493367,0.0048945279782330875,0.0,0.0037768820707302364,0.0048945279782330875,-0.011762513885059889,-0.024749752739017916,0.027979805350567488,-2.0,9.0,9.0,57959.0,True
M3-M1,deepseek,C26,2019,2020,3,both_valid_evaluated,-0.00861283647558505,-0.041747888112528775,-0.049989139329852605,-0.0466370118719468,-0.05222458903018312,0.0,-0.0405005219896476,-0.05222458903018312,-0.0025114493791139614,-0.20758182638590977,0.023198890935204997,2.0,9.0,9.0,54669.0,True
M3-M1,deepseek,C26,2020,2021,1,both_valid_evaluated,-0.015466749853114907,-0.06946885286002463,0.08741910514710938,0.07996048046137849,0.09292251929288509,0.0,0.05637356616287548,0.09292251929288509,0.025505872799397644,0.3153404158094193,-0.027684457563665166,1.0,9.0,9.0,50262.0,True
M3-M1,deepseek,C26,2020,2021,3,both_valid_evaluated,0.002318785988077412,0.03038300567428362,-0.16932222204955805,-0.1793493775303996,-0.17942533242462133,0.0,-0.10919006173184909,-0.17942533242462133,-0.012619316680824055,-0.5182496211696603,0.0020168520946401425,2.0,9.0,9.0,51596.0,True
M3-M1,deepseek,C26,2023,2024,1,both_valid_evaluated,-0.009216814289625092,0.0016292449516494,0.020845304752276972,0.017669613327498945,0.021835251722025717,0.0,0.021558777392309825,0.021835251722025717,0.03813444919124975,0.05282452259617021,-0.017115067926971095,-5.0,9.0,9.0,50304.0,True
M3-M1,deepseek,C26,2023,2024,2,both_valid_evaluated,-0.020128804867205252,-0.11420498316885297,-0.029139183204955676,-0.0506415118419119,-0.03049171543296958,0.0,-0.030136530579662146,-0.03049171543296958,-0.0031492663815545496,-0.08842004791912975,-0.07964479490668418,-4.0,9.0,9.0,46372.0,True
M3-M1,deepseek,C26,2023,2024,3,both_valid_evaluated,0.006489612985332169,0.09841407161085114,-0.004183967973173441,-0.004668700588133179,-0.004386213117282711,0.0,-0.004327172724128525,-0.004386213117282711,0.0335873792291187,-0.011889358514893034,-0.00214926566670276,3.0,9.0,9.0,57580.0,True
M3-M1,deepseek,C35,2015,2016,2,both_valid_evaluated,0.005908933147502168,0.041239217038922305,0.019986599721005138,0.015195841802306598,0.020856298810394858,0.0,0.019989538342787494,0.020856298810394858,0.01614343780324723,0.047164851464187474,-0.019302448784642573,3.0,9.0,9.0,51489.0,True
M3-M1,deepseek,C35,2015,2016,3,both_valid_evaluated,-0.0017656947299864306,0.015386893030851279,-0.06621033896098738,-0.06683516061892769,-0.06888448935405878,0.0,-0.0662200738407066,-0.06888448935405878,-0.04961877705571616,-0.18704484569484542,0.0041124021620782825,-4.0,9.0,9.0,51810.0,True
M3-M1,deepseek,C35,2016,2017,1,both_valid_evaluated,0.007023666105808235,0.07401703767630097,-0.007847546484774925,-0.012359122661808275,-0.00809094327900195,0.0,-0.009881648088523098,-0.00809094327900195,-0.016855303322649284,-0.17017182497753547,-0.022324447705716705,3.0,9.0,9.0,50142.0,True
M3-M1,deepseek,C35,2016,2017,2,both_valid_evaluated,-0.001297857195876037,0.005327775417737934,-0.005199327745233129,-0.021442572667673576,-0.0053665857662792416,0.0,-0.006547005127649275,-0.0053665857662792416,-0.013341149657821627,-0.08668528684085952,-0.07332644104813471,-6.0,9.0,9.0,47335.0,True
M3-M1,deepseek,C35,2016,2017,3,both_valid_evaluated,0.011656033496087348,0.07265883890128674,0.07114059048815324,0.07904741151457473,0.07324997128722188,0.0,0.08958039068357637,0.07324997128722188,0.07522631852236994,0.42457089235469614,0.020643508241621228,0.0,9.0,9.0,47455.0,True
M3-M1,deepseek,C35,2017,2018,1,both_valid_evaluated,2.8899305287252708e-05,-0.04933064329488279,0.0740274554502548,0.07605345764402127,0.07621367428582004,0.0,0.10497485165136089,0.07621367428582004,0.027782858935928245,0.5239724930119721,-0.00028232657138375916,-1.0,9.0,9.0,49833.0,True
M3-M1,deepseek,C35,2017,2018,2,both_valid_evaluated,-0.012378003666455785,-0.08848545479106579,0.014304503338992247,0.01579185437593078,0.014670805996663261,0.0,0.020284543171501634,0.014670805996663261,0.0455082099305254,0.2029772717358842,0.0046363533287456515,-1.0,9.0,9.0,49562.0,True
M3-M1,deepseek,C35,2018,2019,3,both_valid_evaluated,-0.011656204500409065,-0.17280448299418394,-0.07530983509225275,-0.08240535741716326,-0.07902991190188424,0.0,-0.05776393916534861,-0.07902991190188424,0.0319304859777787,-0.22913917113992444,-0.014656451633954654,0.0,9.0,9.0,50325.0,True
M3-M1,deepseek,C35,2019,2020,1,both_valid_evaluated,0.01746542549274841,0.11717003777626422,0.07888216126152625,0.06677936024618902,0.0831051851324609,0.0,0.05934650220438831,0.0831051851324609,-0.0005263492952406468,0.27714745368988836,-0.046399640080438564,0.0,9.0,9.0,57884.0,True
M3-M1,deepseek,C35,2019,2020,2,both_valid_evaluated,-0.005491017676667778,-0.03455149921389211,0.038135117630587745,0.04765007981724101,0.040062663294605505,0.0,0.02869071798153333,0.040062663294605505,-0.03952211607570166,0.13310590554121426,0.023884194627282834,6.0,9.0,9.0,57930.0,True
M3-M1,deepseek,C35,2019,2020,3,both_valid_evaluated,0.0018516752641428574,0.02120883799068385,-0.003468388390842403,-0.005638405550189685,-0.0036547431727302904,0.0,-0.0026094203808688654,-0.0036547431727302904,-0.011534880103708622,-0.014157029977622804,-0.0011552917823696718,-1.0,9.0,9.0,51256.0,True
M3-M1,deepseek,C35,2020,2021,1,both_valid_evaluated,0.01571402910631138,0.17704775188608624,0.08701401529047925,0.09845301315697363,0.09137922889839456,0.0,0.06417666450241821,0.09137922889839456,0.02343003239002439,0.47997705685419656,0.025505695015893837,0.0,9.0,9.0,47976.0,True
M3-M1,deepseek,C35,2020,2021,2,both_valid_evaluated,-0.000729394360377375,-0.02806935892331036,-0.07728371229686104,-0.08411516761712656,-0.08113811413717809,0.0,-0.057000137955014574,-0.08113811413717809,0.011311167162954772,-0.34402023301905826,-0.01773813292704754,0.0,9.0,9.0,50605.0,True
M3-M1,deepseek,C39,2015,2016,1,both_valid_evaluated,-0.029898742137825188,-0.18730000499881355,-0.25153888368225186,-0.2748426828485986,-0.26198135308393533,0.0,-0.2481959828772563,-0.26198135308393533,-0.02023401193633212,-0.6372881940040664,-0.04431463890271048,2.0,9.0,9.0,50221.0,True
M3-M1,deepseek,C39,2016,2017,1,both_valid_evaluated,-0.009235614117054333,-0.044502210851209714,-0.023020125675241476,-0.02066748294860221,-0.023705389547948097,0.0,-0.026018813704326127,-0.023705389547948097,0.005719889795682276,-0.25811827045297875,0.014295587623488343,-2.0,9.0,9.0,50448.0,True
M3-M1,deepseek,C39,2016,2017,2,both_valid_evaluated,0.012872512679658173,0.07229548224810103,0.0006543881648147787,0.005249660345240881,0.0006741872852020769,0.0,0.0007396312249043913,0.0006741872852020769,0.01822267329596472,0.05170140071504725,0.0200335803156608,-1.0,9.0,9.0,49206.0,True
M3-M1,deepseek,C39,2016,2017,3,both_valid_evaluated,0.016832212235041402,0.10195810106555389,0.03617059437229342,0.0426129497922455,0.037261146732678885,0.0,0.040882311844180674,0.037261146732678885,-0.014590491827725316,0.21355785264318106,0.0231616039017897,-1.0,9.0,9.0,52432.0,True
M3-M1,deepseek,C39,2017,2018,1,both_valid_evaluated,-0.0036530018379448484,-0.022784247906267263,-0.04127871658448834,-0.037821983710047524,-0.04226210568281441,0.0,-0.05999496791297576,-0.04226210568281441,-0.049582104043691455,-0.2290231401079328,0.03402775503155622,0.0,9.0,9.0,51078.0,True
M3-M1,deepseek,C39,2017,2018,2,both_valid_evaluated,0.005654373046312625,-0.02323778244989838,0.08475915053545124,0.07207753677210549,0.08688397601675746,0.0,0.12318993751410268,0.08688397601675746,0.08632748610497776,0.4264460961735561,-0.09404269846066461,0.0,9.0,9.0,50272.0,True
M3-M1,deepseek,C39,2017,2018,3,both_valid_evaluated,0.021843265837072093,0.25964706359847484,0.04919161425714058,0.046813378219269786,0.05044317114877872,0.0,0.07149566563931509,0.05044317114877872,0.03561559322420027,0.2864352933243548,-0.028876059943354432,1.0,9.0,9.0,49661.0,True
M3-M1,deepseek,C39,2018,2019,1,both_valid_evaluated,0.0012061179904823138,-0.039509510944388926,-0.07445219386102764,-0.07330937031607387,-0.0786083923073222,0.0,-0.048142692887701566,-0.0786083923073222,-0.007612397188340392,-0.18994005079746823,0.011306242821233908,-1.0,9.0,9.0,49879.0,True
M3-M1,deepseek,C39,2018,2019,2,both_valid_evaluated,-0.009386189096140751,0.020789155613284094,0.023207140670303383,0.01846059013316048,0.024495694188495953,0.0,0.015006330749333996,0.024495694188495953,0.0045016907174327825,0.05651524719979517,-0.013911512761897366,-2.0,9.0,9.0,49590.0,True
M3-M1,deepseek,C39,2018,2019,3,both_valid_evaluated,-0.017395614330244016,-0.06922434540570155,-0.020537008094636544,-0.03033634099282212,-0.021710110976131514,0.0,-0.013279754729294435,-0.021710110976131514,-0.014437222615999223,-0.15024860576380306,-0.022374642345654228,-4.0,9.0,9.0,48801.0,True
M3-M1,deepseek,C39,2021,2022,1,both_valid_evaluated,0.001459414965055958,0.021773511424077463,0.04258465483498153,0.030304065436246197,0.044242483387951226,0.0,0.05457666177765241,0.044242483387951226,-0.0034889122649396365,0.17783491624039216,-0.06296308540492107,-2.0,9.0,9.0,48109.0,True
M3-M1,deepseek,C39,2021,2022,2,both_valid_evaluated,-0.001907207021539084,0.008768715774106428,-0.04521876897192589,-0.03723950158083955,-0.04698787406145899,0.0,-0.05795255285608958,-0.04698787406145899,-0.02517170995575313,-0.17377555088466534,0.04243774076271653,1.0,9.0,9.0,50404.0,True
M3-M1,deepseek,C39,2022,2023,1,both_valid_evaluated,-0.017022172907357955,0.00269133353340989,0.04407992181934972,0.048007718648773956,0.04651296095320978,0.0,0.036552290582085645,0.04651296095320978,-0.0037593454290102413,0.1411788607293396,0.006914409785925751,-4.0,9.0,9.0,55006.0,True
M3-M1,deepseek,C39,2022,2023,3,both_valid_evaluated,-0.01656066114973366,-0.10015303362766048,-0.18928170628786045,-0.2024087796379197,-0.19994952910657982,0.0,-0.15695762706797234,-0.19994952910657982,-0.0006209083827944939,-0.7614869835903121,-0.021782372517448828,0.0,9.0,9.0,49678.0,True
M3-M1,deepseek,C39,2023,2024,1,both_valid_evaluated,0.008857028909247971,0.23335240975188387,0.07858309989481671,0.0746715180646762,0.08272457555432533,0.0,0.07092265778858597,0.08272457555432533,0.10841231309304522,0.19117341527152976,-0.023021579877892884,-1.0,9.0,9.0,48446.0,True
M3-M1,deepseek,C39,2023,2024,2,both_valid_evaluated,0.004714775783890984,0.04524223839187819,0.026619465507105255,0.020323345759693412,0.027990826256472312,0.0,0.02402454529284892,0.027990826256472312,0.03872145336975086,0.058726204309462515,-0.02727099063503302,-3.0,9.0,9.0,50019.0,True
M3-M1,glm,ALL,2008,2009,1,both_valid_evaluated,-0.014896014545831088,-0.24239419337492274,-0.08660384849253999,-0.09072881776211617,-0.09351232728345327,0.0,-0.036025609000842396,-0.09351232728345327,-0.0010715087147226132,-0.07965180292826002,-0.00014408274780047803,-3.0,9.0,9.0,52454.0,True
M3-M1,glm,ALL,2009,2010,1,both_valid_evaluated,-0.020052334245952423,-0.22138084768144067,-0.13380453520238067,-0.15752229684634655,-0.14067162315274473,0.0,-0.11731239202275034,-0.14067162315274473,-0.027627536882080084,-0.4406786337494823,-0.05102187592856525,-3.0,9.0,9.0,52496.0,True
M3-M1,glm,ALL,2010,2011,1,both_valid_evaluated,0.005514144208921885,0.08433433103283977,0.024657602407427204,0.032440303227796896,0.025259767988885518,0.0,0.03487671235474832,0.025259767988885518,0.01753492570857651,0.06686063600096137,0.03764830975932382,5.0,9.0,9.0,54708.0,True
M3-M1,glm,ALL,2011,2012,1,both_valid_evaluated,-0.053919545852835246,-0.357611987560313,-0.10481731919848958,-0.12344685063948946,-0.10981976010157313,0.0,-0.0964559526601505,-0.10981976010157313,-0.026530450556114804,-0.3944137296854242,-0.04473784156692051,-1.0,9.0,9.0,48075.0,True
M3-M1,glm,ALL,2014,2015,1,both_valid_evaluated,0.038364777037348995,0.1725992928691198,0.22368884177578408,0.23839432872468058,0.23726706659852304,0.0,0.12585406334218807,0.23726706659852304,0.024707251068137204,0.2756900570260232,-0.0007301965339364114,2.0,9.0,9.0,49915.0,True
M3-M1,glm,ALL,2016,2017,1,both_valid_evaluated,0.0063912838632015564,0.043508632321502594,0.05552849640270474,0.04480307792925853,0.05720136541626497,0.0,0.06542811890527334,0.05720136541626497,0.01738713988629681,0.3141419716519249,-0.06129119275794136,3.0,9.0,9.0,48329.0,True
M3-M1,glm,ALL,2016,2017,3,both_valid_evaluated,0.0006552875087322413,0.004208189219768621,0.013059269348664415,0.006910631198078998,0.013461623980579818,0.0,0.015387476397051958,0.013461623980579818,-0.001647339947192572,0.05472332687868897,-0.02871091656426461,0.0,9.0,9.0,48342.0,True
M3-M1,glm,C26,2016,2017,2,both_valid_evaluated,0.01058141763044063,0.05052996208918381,-0.1057494271614432,-0.10331079932055387,-0.10905687329785774,0.0,-0.12350448126338365,-0.10905687329785774,-0.03667505737347976,-0.6699495191458561,0.0224866055496956,2.0,9.0,9.0,49299.0,True
M3-M1,glm,C26,2016,2017,3,both_valid_evaluated,-0.01571140265958327,-0.08387521686480348,-0.019665974861104774,-0.022762585058396567,-0.020265713295352872,0.0,-0.022967840951530594,-0.020265713295352872,-0.03256612655522029,-0.08526184829853956,-0.010713259424100674,0.0,9.0,9.0,50697.0,True
M3-M1,glm,C35,2016,2017,1,both_valid_evaluated,0.030763842518929635,0.24190945649389933,0.07563878945702851,0.07231536250846549,0.07781329774686907,0.0,0.09524453288761692,0.07781329774686907,0.06635339532727402,0.3237559193450157,-0.033090140780576593,7.0,9.0,9.0,50249.0,True
M3-M1,glm,C35,2016,2017,2,both_valid_evaluated,-0.01795529046962134,-0.15580738977476943,-0.06059358589614283,-0.05545650997369678,-0.062295247802905074,0.0,-0.07629957890775774,-0.062295247802905074,-0.053950030562129436,-0.2998065174924145,0.03913073473399764,5.0,9.0,9.0,51224.0,True
M3-M1,glm,C35,2016,2017,3,both_valid_evaluated,-0.009899514126327134,-0.03159525009703945,-0.017563478558179968,-0.01836341035595901,-0.01807945865044347,0.0,-0.022115971489811814,-0.01807945865044347,-0.004261113217176704,-0.18349520255561336,0.001456209509784423,4.0,9.0,9.0,50319.0,True
M3-M1,glm,C39,2016,2017,1,both_valid_evaluated,-0.012422659626570779,-0.07507096682952241,-0.05470276412842123,-0.061189299847632106,-0.05638677285710869,0.0,-0.06182855163557477,-0.05638677285710869,-0.03610089812518713,-0.2647945585086595,-0.022383527188792135,-1.0,9.0,9.0,49208.0,True
M3-M1,glm,C39,2016,2017,2,both_valid_evaluated,-0.004170842986997346,-0.015615878325171029,0.03841058042313117,0.04233941204868197,0.039633335783632706,0.0,0.04341408689090509,0.039633335783632706,0.01175014248024997,0.23755293964945579,0.007458166526997628,2.0,9.0,9.0,47276.0,True
M3-M1,glm,C39,2016,2017,3,both_valid_evaluated,-0.03324453830671259,-0.27887777084749465,0.018030838879887878,0.009069084336440936,0.018602512624622092,0.0,0.02037960367232461,0.018602512624622092,-0.015168232215898803,0.13814856522272445,-0.04169246161005752,2.0,9.0,9.0,49771.0,True
Flash-GLM,deepseek-vs-glm,ALL,2008,2009,1,both_valid_evaluated,0.001868597999968219,0.12897889449576594,-0.18247255246657712,-0.1674968618363586,-0.1974960951420166,0.0,-0.07590522757326257,-0.1974960951420166,-0.00031022659346524595,-0.23032935421374567,0.032681199006966616,6.0,0.0,0.0,2430.0,True
Flash-GLM,deepseek-vs-glm,ALL,2008,2009,1,both_valid_evaluated,-0.007914361748695115,-0.04758809309422851,0.037772723642327755,0.033215907421463076,0.040817195544258666,0.0,0.015712758688230632,0.040817195544258666,0.011856087172044338,0.1148535307681855,-0.011299152056537975,-7.0,0.0,0.0,3179.0,True
Flash-GLM,deepseek-vs-glm,ALL,2008,2009,1,both_valid_evaluated,-0.012444022658092302,-0.06387823593866826,0.0473870572533035,0.02379965550640728,0.051127942534051396,0.0,0.019712144737483728,0.051127942534051396,-0.02147301081784414,-0.05733622723825782,-0.03209306354594471,-3.0,0.0,0.0,-185.0,True
Flash-GLM,deepseek-vs-glm,ALL,2009,2010,1,both_valid_evaluated,-0.002370195029357869,0.046923637232991755,0.043338905960099705,0.04514367683081444,0.045520920630037986,0.0,0.03799714799007703,0.045520920630037986,0.007874680396131484,0.140850192922706,-0.004742505429271127,1.0,0.0,0.0,2490.0,True
Flash-GLM,deepseek-vs-glm,ALL,2009,2010,1,both_valid_evaluated,-0.004721749821824911,-0.026042484597942672,-0.059454369055080836,-0.06282090680626062,-0.0625996690482149,0.0,-0.052126291829387994,-0.0625996690482149,-0.013890647484370744,-0.18812420932879936,0.001848458443203027,-1.0,0.0,0.0,6529.0,True
Flash-GLM,deepseek-vs-glm,ALL,2009,2010,1,both_valid_evaluated,0.004903879216549126,0.12656427543583393,0.005893408346348439,0.0245104774690581,0.006210820317249732,0.0,0.0051670134291881276,0.006210820317249732,0.02115694161327486,0.011334636245160734,0.061452470752477006,0.0,0.0,0.0,5736.0,True
Flash-GLM,deepseek-vs-glm,ALL,2009,2010,2,both_valid_evaluated,0.021158341555291907,0.21725010197814598,0.1666859500318958,0.19378799317548756,0.17588226423982456,0.0,0.14614099204672115,0.17588226423982456,0.03931947857007756,0.5263373775520871,0.048778603847323465,6.0,0.0,0.0,2501.0,True
Flash-GLM,deepseek-vs-glm,ALL,2010,2011,1,both_valid_evaluated,-0.031115335689803243,-0.25539685803291146,-0.06649817626117116,-0.06494177971469428,-0.06822546815814168,0.0,-0.09405771604451019,-0.06822546815814168,-0.03259910207653305,-0.3652013011166467,0.03364277662581333,-1.0,0.0,0.0,1630.0,True
Flash-GLM,deepseek-vs-glm,ALL,2010,2011,1,both_valid_evaluated,7.972534049628666e-05,0.10660019530101189,0.08255313976437817,0.06779831104474354,0.08469157860926935,0.0,0.11676650722035731,0.08469157860926935,0.04941850034405404,0.34488627531066474,-0.09852366309751706,-2.0,0.0,0.0,1542.0,True
Flash-GLM,deepseek-vs-glm,ALL,2010,2011,1,both_valid_evaluated,0.0023407842381539534,0.07968594696681303,-0.004012918403468402,0.007966808974689599,-0.004117254932975656,0.0,-0.005676034455754042,-0.004117254932975656,-0.022636885014676866,-0.014443829855743884,0.06417164530199249,1.0,0.0,0.0,4482.0,True
Flash-GLM,deepseek-vs-glm,ALL,2011,2012,1,both_valid_evaluated,0.015192108937047623,0.1566064572854584,0.03801934362776582,0.031137023125694663,0.03973994054176355,0.0,0.03498650830961736,0.03973994054176355,0.03651978862849403,0.1509674837435932,-0.04457086896433027,1.0,0.0,0.0,2263.0,True
Flash-GLM,deepseek-vs-glm,ALL,2011,2012,1,both_valid_evaluated,-0.028846995295017247,-0.25556501629630957,0.021728745185382925,-0.02344799974579015,0.022816057203897122,0.0,0.019995424735075318,0.022816057203897122,0.04352309404926247,0.09281462795785589,-0.14898484492020214,-2.0,0.0,0.0,775.0,True
Flash-GLM,deepseek-vs-glm,ALL,2011,2012,1,both_valid_evaluated,0.0034131714667887947,0.08958608426225567,0.02015591472457623,-0.00013187355254862254,0.02120113621570674,0.0,0.018548060295400015,0.02120113621570674,0.04990106333902089,0.1167295719023782,-0.06535685078648833,-3.0,0.0,0.0,5751.0,True
Flash-GLM,deepseek-vs-glm,ALL,2011,2012,1,both_valid_evaluated,0.02900424500978574,0.10727665612073528,0.10090529961654426,0.07321006822891585,0.10571376752032258,0.0,0.09285599820141122,0.10571376752032258,0.06049897361711842,0.3867999125275129,-0.1083596251917414,-1.0,0.0,0.0,1311.0,True
Flash-GLM,deepseek-vs-glm,ALL,2012,2013,1,both_valid_evaluated,0.03621080499678997,0.5610568435231765,0.16009397139346127,0.1896925356030683,0.17430317615443203,0.0,0.1267948511708561,0.17430317615443203,0.024605422458261916,0.619871965819629,0.0631209550684117,1.0,0.0,0.0,1501.0,True
Flash-GLM,deepseek-vs-glm,ALL,2013,2014,1,both_valid_evaluated,0.00466866157700703,-0.040344648060997634,0.051483337040338695,0.047637552703687636,0.05385996838765261,0.0,0.03489379673970261,0.05385996838765261,-0.001244996525362585,0.1958685632187951,-0.018170265197519686,4.0,0.0,0.0,4787.0,True
Flash-GLM,deepseek-vs-glm,ALL,2014,2015,1,both_valid_evaluated,0.014781855587622572,-0.023052869254948427,0.26106430518651935,0.291358545354901,0.2773954041852673,0.0,0.14688262204094182,0.2773954041852673,0.04237877414420543,0.2673669082632617,0.022963459132773867,-1.0,0.0,0.0,2468.0,True
Flash-GLM,deepseek-vs-glm,ALL,2014,2015,1,both_valid_evaluated,-0.004959228156417715,-0.12228893522516715,-0.010958813270747658,-0.01642054960975181,-0.01159595253670953,0.0,-0.006165757614831624,-0.01159595253670953,-0.002434161010037017,-0.01752436018474146,-0.01303391514566965,2.0,0.0,0.0,3325.0,True
Flash-GLM,deepseek-vs-glm,ALL,2014,2015,1,both_valid_evaluated,-0.03314856475102107,-0.21651809337752725,-0.4580999553591407,-0.4618396348124014,-0.4879967883963372,0.0,-0.2577407989648961,-0.4879967883963372,-0.07041365582155423,-0.4753169229707894,0.03816085166373728,-3.0,0.0,0.0,524.0,True
Flash-GLM,deepseek-vs-glm,ALL,2016,2017,1,both_valid_evaluated,0.0019928120278247807,0.03485161096504208,-0.003332135458699703,-0.005733930338217563,-0.003437782041585069,0.0,-0.003926188698126776,-0.003437782041585069,0.0014938067799799004,-0.036596682586943485,-0.008046221006048127,-2.0,0.0,0.0,2756.0,True
Flash-GLM,deepseek-vs-glm,ALL,2016,2017,1,both_valid_evaluated,0.016371162116012777,0.1256047493033426,0.06460175339239949,0.060259189955476855,0.06656117443554332,0.0,0.07611895650466727,0.06656117443554332,0.03045586459424654,0.3524743633445028,-0.034156513544963046,-1.0,0.0,0.0,2948.0,True
Flash-GLM,deepseek-vs-glm,ALL,2016,2017,1,both_valid_evaluated,-0.0017984630060031565,-0.029286015232275364,0.014927014564782404,0.01681014102662226,0.015399589476098985,0.0,0.01758820330308386,0.015399589476098985,0.006334927426861703,0.06122651637596077,0.006889006111119755,-2.0,0.0,0.0,4436.0,True
Flash-GLM,deepseek-vs-glm,ALL,2016,2017,2,both_valid_evaluated,0.013688920545625809,0.13347102283782836,-0.022183683533011256,-0.0153631672441924,-0.022843873350613886,0.0,-0.026138591497754216,-0.022843873350613886,-0.01984994182937816,-0.11482855215172416,0.035100233936207786,-3.0,0.0,0.0,2508.0,True
Flash-GLM,deepseek-vs-glm,ALL,2016,2017,2,both_valid_evaluated,-0.004329508419102887,-0.0842203053832562,-0.06554416791950501,-0.05437590985111551,-0.067499450872049,0.0,-0.0772293847303902,-0.067499450872049,-0.04089017963142194,-0.36318218971805016,0.0669753646623934,-4.0,0.0,0.0,2545.0,True
Flash-GLM,deepseek-vs-glm,ALL,2016,2017,3,both_valid_evaluated,-0.003899259261866392,-0.17966392779933787,-0.022417263626531847,-0.01440160009943503,-0.023120495797363194,0.0,-0.026413814259450108,-0.023120495797363194,-0.0070233719276632245,-0.027161465844157462,0.04135572261912057,-3.0,0.0,0.0,3762.0,True
Flash-GLM,deepseek-vs-glm,ALL,2016,2017,3,both_valid_evaluated,-0.016837570143326375,-0.16989079881261365,-0.026224667342209518,-0.03102066587958685,-0.02700921623729502,0.0,-0.030900002057929754,-0.02700921623729502,-0.026679100383258714,-0.07223831788343082,-0.013858747131333948,-1.0,0.0,0.0,2830.0,True
Flash-GLM,deepseek-vs-glm,ALL,2016,2017,3,both_valid_evaluated,0.005915680565951986,0.02678450596098969,0.025179001499625042,0.01927626796408044,0.025919982442902167,0.0,0.029667914868180656,0.025919982442902167,0.01913042455146341,0.14984005675973044,-0.03234031669984533,-2.0,0.0,0.0,2411.0,True
Flash-GLM,deepseek-vs-glm,ALL,2017,2018,1,both_valid_evaluated,0.026241193455779674,0.2712478511220744,0.03462294380498909,0.03935689500753459,0.035565565194660365,0.0,0.050045898316730675,0.035565565194660365,0.020907610578740354,0.16616383808112833,0.01866721667764501,1.0,0.0,0.0,3782.0,True
Flash-GLM,deepseek-vs-glm,ALL,2017,2018,1,both_valid_evaluated,-0.005786700420843442,-0.0818516185873055,-0.010517022740811233,-0.01019971715696355,-0.010797908687652735,0.0,-0.015201880396014777,-0.010797908687652735,-0.006020121335086781,-0.1016711202493914,0.004260374666989419,0.0,0.0,0.0,4352.0,True
Flash-GLM,deepseek-vs-glm,ALL,2020,2021,1,both_valid_evaluated,0.002294511531374492,0.09731673575643396,0.05762412879006429,0.059172135201021936,0.06056895957042596,0.0,0.04580322879800336,0.06056895957042596,-0.003846746732595885,0.1106804017295524,-0.0050645289592593234,1.0,0.0,0.0,1978.0,True
Flash-GLM,deepseek-vs-glm,C26,2016,2017,1,both_valid_evaluated,-0.022045578988371832,-0.21911288930909906,-0.06725397568283575,-0.06431329006109876,-0.06933716802980694,0.0,-0.07854574348594978,-0.06933716802980694,-0.024510176910185644,-0.27241753912566746,0.02499560065871051,3.0,0.0,0.0,2012.0,True
Flash-GLM,deepseek-vs-glm,C26,2016,2017,1,both_valid_evaluated,-0.019938890499947674,-0.1398938919992557,-0.06358138298350802,-0.06624259677518174,-0.06551400045029254,0.0,-0.07425653201315685,-0.06551400045029254,-0.04170525416031734,-0.2615726518575645,-0.004446006791849297,0.0,0.0,0.0,5041.0,True
Flash-GLM,deepseek-vs-glm,C26,2016,2017,1,both_valid_evaluated,0.0072106969375732195,0.050384816025982576,0.006238571202723531,0.01166842944347668,0.00642939560203637,0.0,0.007286011100946954,0.00642939560203637,0.0034596840308181998,-0.06872491781449408,0.027878961505842695,0.0,0.0,0.0,6843.0,True
Flash-GLM,deepseek-vs-glm,C26,2016,2017,2,both_valid_evaluated,-0.010701608184630534,-0.11462363169631459,-0.008551749850248869,-0.021532908511382676,-0.008777420329214802,0.0,-0.009987566434159323,-0.008777420329214802,-0.007649411184511901,-0.064262502766119,-0.06656056206310093,-2.0,0.0,0.0,2279.0,True
Flash-GLM,deepseek-vs-glm,C26,2016,2017,2,both_valid_evaluated,0.006409752368598847,0.03599199284909807,-0.0561652277727791,-0.043421869705760785,-0.05798376007822292,0.0,-0.06559522360841696,-0.05798376007822292,-0.030571819019023283,-0.3343451278773244,0.06654729998594676,0.0,0.0,0.0,3413.0,True
Flash-GLM,deepseek-vs-glm,C26,2016,2017,2,both_valid_evaluated,0.017112110300825108,0.14015181848898658,-0.02420906872430373,-0.00854543955753484,-0.02494888590226152,0.0,-0.028273708472199455,-0.02494888590226152,-0.004733857199244795,-0.09625912739501674,0.07861284083683205,-1.0,0.0,0.0,2274.0,True
Flash-GLM,deepseek-vs-glm,C26,2016,2017,3,both_valid_evaluated,0.013756826946989681,0.03631206988659519,-0.01736401437184587,-0.009315707539150564,-0.017872490187314183,0.0,-0.0202793872762147,-0.017872490187314183,-0.014922681157775508,-0.015761993578358724,0.043165343498066555,1.0,0.0,0.0,1661.0,True
Flash-GLM,deepseek-vs-glm,C26,2016,2017,3,both_valid_evaluated,-0.01569128403788498,-0.11991627115035469,-0.05445569046517562,-0.05984932446135194,-0.05607274806832108,0.0,-0.06359865942794507,-0.05607274806832108,-0.022767491999273415,-0.38350918006240475,-0.01593768883661409,-1.0,0.0,0.0,5532.0,True
Flash-GLM,deepseek-vs-glm,C26,2016,2017,3,both_valid_evaluated,0.015277224289090428,0.1478018997815632,0.03713414362326495,0.04523134336639589,0.03821986644014075,0.0,0.04336886986961841,0.03821986644014075,0.0018897244426646642,0.3328445854741079,0.033474749039713106,-1.0,0.0,0.0,2092.0,True
Flash-GLM,deepseek-vs-glm,C26,2017,2018,1,both_valid_evaluated,0.013836688747923036,0.07736698404067632,0.05358850279142191,0.06716471641295896,0.054969548542452285,0.0,0.07688891374427964,0.054969548542452285,0.03183083510220752,0.31061796447537615,0.06439685158217207,0.0,0.0,0.0,2211.0,True
Flash-GLM,deepseek-vs-glm,C35,2016,2017,1,both_valid_evaluated,-0.004848479344303797,-0.025813432089810684,0.027698356480449826,0.03393867162202446,0.028500533143713813,0.0,0.0348778324411696,0.028500533143713813,0.009627014030494485,0.19535197325793274,0.032028413864946426,-1.0,0.0,0.0,2557.0,True
Flash-GLM,deepseek-vs-glm,C35,2016,2017,1,both_valid_evaluated,0.01644266698602099,0.10865206807205224,0.09076873811254238,0.09674268809477238,0.0934100393595314,0.0,0.11429619808020586,0.0934100393595314,0.07501587331546111,0.5381924959399734,0.009477586802982996,1.0,0.0,0.0,3854.0,True
Flash-GLM,deepseek-vs-glm,C35,2016,2017,1,both_valid_evaluated,0.013967709676173938,0.07246917485141452,0.0476408359236119,0.039175383884122894,0.04909779050536367,0.0,0.059989447167155596,0.04909779050536367,0.04187623216915837,0.2913971745925382,-0.052253209520472105,-1.0,0.0,0.0,-1514.0,True
Flash-GLM,deepseek-vs-glm,C35,2016,2017,1,both_valid_evaluated,-0.007297509427100411,-0.05924035074554612,0.007282402170738944,0.012068202924498617,0.007505798333660385,0.0,0.009170017104065842,0.007505798333660385,-0.008192825334462195,0.04426475161742227,0.020243279877842885,-3.0,0.0,0.0,3747.0,True
Flash-GLM,deepseek-vs-glm,C35,2016,2017,2,both_valid_evaluated,0.006375088307300825,0.02513271852931026,0.010775161360053853,0.011466216002815721,0.011090385516012047,0.0,0.013568107288523867,0.011090385516012047,-0.011611843538597455,0.12245042392720507,0.002421045211389916,0.0,0.0,0.0,2539.0,True
Flash-GLM,deepseek-vs-glm,C35,2016,2017,2,both_valid_evaluated,0.004683567577316021,-0.021124165236453052,0.06156142371383411,0.07502858819509628,0.06346482442372592,0.0,0.07751828245283932,0.06346482442372592,0.03476025557330631,0.4168686841503846,0.051803572357441235,3.0,0.0,0.0,1245.0,True
Flash-GLM,deepseek-vs-glm,C35,2016,2017,2,both_valid_evaluated,0.021341000851061324,0.14001099995605432,0.11695568186474381,0.10904252550111948,0.12039348646035175,0.0,0.14727085623294778,0.12039348646035175,0.07536913647761412,0.6299899148019396,-0.060653603424691116,-8.0,0.0,0.0,-2644.0,True
Flash-GLM,deepseek-vs-glm,C35,2016,2017,3,both_valid_evaluated,0.02656484374044285,0.2916360558122364,-0.01223434983863958,-0.004943585354419522,-0.01258334532286165,0.0,-0.015405520684951268,-0.01258334532286165,-0.0009887113783221269,-0.28306441725523324,0.03759886102471835,1.0,0.0,0.0,1732.0,True
Flash-GLM,deepseek-vs-glm,C35,2016,2017,3,both_valid_evaluated,-0.0088455731676651,-0.010849004387126021,-0.038241780501378275,-0.04096075698052515,-0.03934661705382281,0.0,-0.04815413555387216,-0.03934661705382281,-0.035699250682533545,-0.28831190913724214,-0.0070197471720130356,-1.0,0.0,0.0,2820.0,True
Flash-GLM,deepseek-vs-glm,C35,2016,2017,3,both_valid_evaluated,-0.0065689118867004355,-0.06709191358831121,-0.027960570749915314,-0.0193859594842265,-0.028735782300040147,0.0,-0.03520801323585143,-0.028735782300040147,-0.024720395905017734,0.04063260507980382,0.05090579542457466,1.0,0.0,0.0,1672.0,True
Flash-GLM,deepseek-vs-glm,C35,2016,2017,3,both_valid_evaluated,0.012709974454749383,0.09340508461120017,0.050462288544954936,0.05645006489000859,0.051982812883842544,0.0,0.06354222661951603,0.051982812883842544,0.0437881810570131,0.31975418577306736,0.01216755155982377,-5.0,0.0,0.0,-44.0,True
Flash-GLM,deepseek-vs-glm,C39,2016,2017,1,both_valid_evaluated,0.019578574326601976,0.11985773301303904,-0.008712780739359438,-0.012479168698426357,-0.009001944807037643,0.0,-0.009847740281794026,-0.009001944807037643,-0.005926775788898331,-0.04685241516200417,-0.011640731026082207,3.0,0.0,0.0,2540.0,True
Flash-GLM,deepseek-vs-glm,C39,2016,2017,1,both_valid_evaluated,-0.0072054874469290806,-0.04645031723029172,-0.0382880717436731,-0.039684472884943145,-0.039480942464133584,0.0,-0.04327561977074468,-0.039480942464133584,0.004086687009637213,-0.2597114031283919,-0.0042819065305810255,3.0,0.0,0.0,3756.0,True
Flash-GLM,deepseek-vs-glm,C39,2016,2017,1,both_valid_evaluated,-0.01261253784463602,-0.08730993520741047,-0.04740365175408712,-0.06957080063740873,-0.04882801304235862,0.0,-0.0535786294694679,-0.04882801304235862,0.0028020505821467756,-0.5426839873430019,-0.0924103683971948,4.0,0.0,0.0,5598.0,True
Flash-GLM,deepseek-vs-glm,C39,2016,2017,1,both_valid_evaluated,-0.004018441937412635,-0.015881561251979023,-0.0066054332904933455,0.0008373440140867494,-0.0067995591549729895,0.0,-0.007465881839496036,-0.0067995591549729895,0.04590747493050662,-0.25303511507271115,0.03239720828169945,2.0,0.0,0.0,4996.0,True
Flash-GLM,deepseek-vs-glm,C39,2016,2017,2,both_valid_evaluated,0.0166241111094718,0.10848763666563713,0.05601370130229655,0.05864488239126242,0.05777960094016932,0.0,0.06331025640931653,0.05777960094016932,0.007310939149738571,0.3623519427779679,-0.0014853513934904305,0.0,0.0,0.0,3253.0,True
Flash-GLM,deepseek-vs-glm,C39,2016,2017,2,both_valid_evaluated,-0.018503175623793458,-0.10624725829604453,-0.01652748569558682,-0.016978944029229504,-0.017033478469857144,0.0,-0.018680418055966097,-0.017033478469857144,-0.024825184888901064,-0.09121906031907046,0.002553116490814411,3.0,0.0,0.0,4369.0,True
Flash-GLM,deepseek-vs-glm,C39,2016,2017,2,both_valid_evaluated,-0.025575755941138235,-0.15156096118340934,-0.011055921058474971,-0.015627316137679648,-0.011422080906602572,0.0,-0.012496106859207101,-0.011422080906602572,0.015232091134029901,-0.14178435142223622,-0.016835032913468717,-2.0,0.0,0.0,3947.0,True
Flash-GLM,deepseek-vs-glm,C39,2016,2017,2,both_valid_evaluated,-0.0014598199571379394,-0.01833589772277247,-0.05428367795390321,-0.05406869573267059,-0.05599262696828777,0.0,-0.061354873721966796,-0.05599262696828777,-0.018352654073186314,-0.277070599253479,0.015128530279477581,0.0,0.0,0.0,6299.0,True
Flash-GLM,deepseek-vs-glm,C39,2016,2017,3,both_valid_evaluated,0.008009060426349336,0.07196132005826877,0.03994670938796341,0.04622223571525019,0.04117069634616677,0.0,0.04515031778406553,0.04117069634616677,-0.005149936927823839,0.31063419476155196,0.02055193654096321,3.0,0.0,0.0,3336.0,True
Flash-GLM,deepseek-vs-glm,C39,2016,2017,3,both_valid_evaluated,-0.04595851840730148,-0.3487655451555661,-0.0437463680102127,-0.06282145290873076,-0.04507282673359858,0.0,-0.049444934209147307,-0.04507282673359858,-0.021773114290934537,-0.24009023697045284,-0.0765291922240153,5.0,0.0,0.0,3859.0,True
Flash-GLM,deepseek-vs-glm,C39,2016,2017,3,both_valid_evaluated,0.00839644282242114,0.038054867629422,-0.021127430877154962,-0.03891290535791603,-0.021742657257958986,0.0,-0.02387956937328739,-0.021742657257958986,0.014951900619431635,-0.2115029049394367,-0.07794583614751135,3.0,0.0,0.0,4663.0,True
Flash-GLM,deepseek-vs-glm,C39,2016,2017,3,both_valid_evaluated,0.004118232134452518,0.03207032675748242,-0.02560661251780716,-0.02927758745292619,-0.026414192625541788,0.0,-0.02894222603729124,-0.026414192625541788,-0.02119537390276105,-0.16468094954999624,-0.011675126712168082,2.0,0.0,0.0,6520.0,True
Flash-GLM,deepseek-vs-glm,C39,2017,2018,1,both_valid_evaluated,0.019327441699769424,0.1794183741474854,0.02247301891067255,0.022914113876944753,0.02299642749790498,0.0,0.03266254767620713,0.02299642749790498,0.05884231407335938,0.24666821482789136,-0.008813284889553713,1.0,0.0,0.0,2988.0,True
Flash-GLM,deepseek-vs-glm,C39,2017,2018,1,both_valid_evaluated,-0.0036530018379448484,-0.022784247906267263,-0.04127871658448834,-0.037821983710047524,-0.04226210568281441,0.0,-0.05999496791297576,-0.04226210568281441,-0.049582104043691455,-0.2290231401079328,0.03402775503155622,0.0,0.0,0.0,4880.0,True
Flash-GLM,deepseek-vs-glm,C39,2023,2024,1,both_valid_evaluated,0.03202839736351327,0.3192669344601254,0.12168503259518526,0.11159224542067347,0.12798677643299983,0.0,0.10982292549279393,0.12798677643299983,0.09544521026451203,0.27702071150782215,-0.04956385559582083,-2.0,0.0,0.0,1589.0,True
