arm,benchmark_net_cagr,cost_0bps_benchmark_cagr,cost_0bps_benchmark_cumulative_return,cost_0bps_benchmark_max_drawdown,cost_0bps_benchmark_sharpe,cost_0bps_benchmark_total_cost,cost_0bps_excess_cagr,cost_0bps_max_drawdown,cost_0bps_net_cagr,cost_0bps_net_cumulative_return,cost_0bps_sharpe,cost_0bps_total_cost,cost_10bps_benchmark_cagr,cost_10bps_benchmark_cumulative_return,cost_10bps_benchmark_max_drawdown,cost_10bps_benchmark_sharpe,cost_10bps_benchmark_total_cost,cost_10bps_excess_cagr,cost_10bps_max_drawdown,cost_10bps_net_cagr,cost_10bps_net_cumulative_return,cost_10bps_sharpe,cost_10bps_total_cost,cost_20bps_benchmark_cagr,cost_20bps_benchmark_cumulative_return,cost_20bps_benchmark_max_drawdown,cost_20bps_benchmark_sharpe,cost_20bps_benchmark_total_cost,cost_20bps_excess_cagr,cost_20bps_max_drawdown,cost_20bps_net_cagr,cost_20bps_net_cumulative_return,cost_20bps_sharpe,cost_20bps_total_cost,cost_5bps_benchmark_cagr,cost_5bps_benchmark_cumulative_return,cost_5bps_benchmark_max_drawdown,cost_5bps_benchmark_sharpe,cost_5bps_benchmark_total_cost,cost_5bps_excess_cagr,cost_5bps_max_drawdown,cost_5bps_net_cagr,cost_5bps_net_cumulative_return,cost_5bps_sharpe,cost_5bps_total_cost,evaluation_status,excess_cagr,execution_status,factor_count,failed_request_count,generation_request_count,gross_cagr,gross_cumulative_return,incomplete_request_count,industry,max_drawdown,model,net_cagr,net_cumulative_return,origin,planned_requests,rank_ic,rank_icir,reason_group,relative_cumulative_return,repeat,request_count,run_id,sharpe,summary_request_count,test_year,total_tokens,train_year,turnover_two_sided_daily_mean,unknown_usage_requests
M0,1.4833288023229825,1.4949833535437054,1.4148305684185556,-0.1973343748854134,2.859836020202644,0.0,1.1116139361236446,-0.18188132770242738,2.60659728966735,2.445095832930082,4.061957784708882,0.0,1.4833288023229825,1.403952379833881,-0.1974408331895282,2.8465102621115568,0.007453389494555385,0.9262294065042145,-0.1833240972987792,2.409558208827197,2.263421547623905,3.8864088541531028,0.11949892755406018,1.4717271983820654,1.3931218004237609,-0.19756147198197438,2.833105526695126,0.014867206222591392,0.751107119848057,-0.18478359731444416,2.2228343182301225,2.0909118755967104,3.7092617612472836,0.2315527636256993,1.489140725913558,1.4093773721532332,-0.19738490931805275,2.8531767230254292,0.003731686453750531,1.0175975076042065,-0.18260279448425654,2.5067382335177646,2.3530691857593777,3.9743709133837926,0.06070688390332168,EVALUATED,0.9262294065042145,valid,5.0,0.0,10.0,2.60659728966735,2.445095832930082,0.0,ALL,-0.1833240972987792,glm,2.409558208827197,2.263421547623905,new,10.0,0.14667449213790162,1.2775883163261927,,0.3575233748388207,1.0,10.0,glm/ALL/train_2008/M0/run_01,3.8864088541531028,0.0,2009.0,39263.0,2008.0,0.22648707681100563,0.0
M0,1.4833288023229825,1.4949833535437054,1.4148305684185556,-0.1973343748854134,2.859836020202644,0.0,0.9299369840331901,-0.1817939383732552,2.4249203375768955,2.2775989710937234,3.853430161586059,0.0,1.4833288023229825,1.403952379833881,-0.1974408331895282,2.8465102621115568,0.007453389494555385,0.7287333113621979,-0.18363432389224443,2.2120621136851804,2.080948995157328,3.656079499939357,0.13128575130196674,1.4717271983820654,1.3931218004237609,-0.19756147198197438,2.833105526695126,0.014867206222591392,0.5405718680035174,-0.1854676619055774,2.012299066385583,1.8959735040533472,3.4577590012785104,0.2534558297818954,1.489140725913558,1.4093773721532332,-0.19738490931805275,2.8531767230254292,0.003731686453750531,0.8275649428603828,-0.1827191582466129,2.316705668773941,2.177680704570885,3.754830828487805,0.0668158115280599,EVALUATED,0.7287333113621979,valid,11.0,0.0,10.0,2.4249203375768955,2.2775989710937234,0.0,ALL,-0.18363432389224443,deepseek,2.2120621136851804,2.080948995157328,new,10.0,0.14854309013786984,1.4065672108219587,,0.2816181472655581,1.0,10.0,deepseek/ALL/train_2008/M0/run_01,3.656079499939357,0.0,2009.0,41693.0,2008.0,0.25916827581797225,0.0
M1,1.4833288023229825,1.4949833535437054,1.4148305684185556,-0.1973343748854134,2.859836020202644,0.0,0.8814295490085535,-0.1816920019269357,2.376412902552259,2.2328245737564187,3.7716109651335934,0.0,1.4833288023229825,1.403952379833881,-0.1974408331895282,2.8465102621115568,0.007453389494555385,0.661306502627788,-0.1837845366519969,2.1446353049507705,2.0185607356508424,3.5544093056887904,0.1437048688167792,1.4717271983820654,1.3931218004237609,-0.19756147198197438,2.833105526695126,0.014867206222591392,0.4567404989145092,-0.18587675097406264,1.9284676972965746,1.8182188015737966,3.3358024274513958,0.2764262154994192,1.489140725913558,1.4093773721532332,-0.19738490931805275,2.8531767230254292,0.003731686453750531,0.7694087321103584,-0.18273829707927713,2.2585494580239165,2.12393522398411,3.663200471461162,0.07327251272381013,EVALUATED,0.661306502627788,valid,11.0,0.0,10.0,2.376412902552259,2.2328245737564187,0.0,ALL,-0.1837845366519969,glm,2.1446353049507705,2.0185607356508424,new,10.0,0.15156337793067132,1.4188921315006418,,0.2556657781463343,1.0,10.0,glm/ALL/train_2008/M1/run_01,3.5544093056887904,0.0,2009.0,63170.0,2008.0,0.2869486728918022,0.0
M1,1.4833288023229825,1.4949833535437054,1.4148305684185556,-0.1973343748854134,2.859836020202644,0.0,0.9174124484659694,-0.16969622923826144,2.4123958020096747,2.266040481177882,3.8848278576461435,0.0,1.4833288023229825,1.403952379833881,-0.1974408331895282,2.8465102621115568,0.007453389494555385,0.7021236981720467,-0.17192844947995256,2.185452500495029,2.05633345929317,3.669262836456976,0.13829447809783493,1.4717271983820654,1.3931218004237609,-0.19756147198197438,2.833105526695126,0.014867206222591392,0.5013732440056295,-0.17415838253707427,1.973100442387695,1.859626014996051,3.4520242278785367,0.26625741679553394,1.489140725913558,1.4093773721532332,-0.19738490931805275,2.8531767230254292,0.003731686453750531,0.8080547011417663,-0.17081330259678873,2.2971954270553243,2.159653955359794,3.777409299311568,0.07048926144704401,EVALUATED,0.7021236981720467,valid,4.0,0.0,10.0,2.4123958020096747,2.266040481177882,0.0,ALL,-0.17192844947995256,deepseek,2.185452500495029,2.05633345929317,new,10.0,0.1436490161819762,1.3713040384064132,,0.2713785368345649,1.0,10.0,deepseek/ALL/train_2008/M1/run_01,3.669262836456976,0.0,2009.0,66349.0,2008.0,0.27564952083526423,0.0
M2,1.4833288023229825,1.4949833535437054,1.4148305684185556,-0.1973343748854134,2.859836020202644,0.0,0.7233223377111595,-0.1705577272942771,2.218305691254865,2.086723633012854,3.672452150842589,0.0,1.4833288023229825,1.403952379833881,-0.1974408331895282,2.8465102621115568,0.007453389494555385,0.5230848703913833,-0.17275394946938116,2.0064136727143658,1.890517271030919,3.4613238307846306,0.13081342862286785,1.4717271983820654,1.3931218004237609,-0.19756147198197438,2.833105526695126,0.014867206222591392,0.3371268921139614,-0.17485315036228166,1.8088540904960269,1.707137285953114,3.249537201225018,0.2520065708234554,1.489140725913558,1.4093773721532332,-0.19738490931805275,2.8531767230254292,0.003731686453750531,0.6212139920492983,-0.17165721478589602,2.1103547179628563,1.986823545841908,3.566821942637469,0.06665412748798957,EVALUATED,0.5230848703913833,valid,6.0,0.0,10.0,2.218305691254865,2.086723633012854,0.0,ALL,-0.17275394946938116,glm,2.0064136727143658,1.890517271030919,new,10.0,0.13120083337669564,1.192022482461742,,0.20240205058914706,1.0,10.0,glm/ALL/train_2008/M2/run_01,3.4613238307846306,0.0,2009.0,87420.0,2008.0,0.26878468884866474,0.0
M2,1.4833288023229825,1.4949833535437054,1.4148305684185556,-0.1973343748854134,2.859836020202644,0.0,0.749059243756939,-0.19253558191315512,2.2440425973006444,2.110523288519261,3.5799589275427937,0.0,1.4833288023229825,1.403952379833881,-0.1974408331895282,2.8465102621115568,0.007453389494555385,0.5742128129254347,-0.1942269602872253,2.057541615248417,1.9379043282842225,3.4039876035463728,0.11787875564921131,1.4717271983820654,1.3931218004237609,-0.19756147198197438,2.833105526695126,0.014867206222591392,0.40847939242331277,-0.1959140092428493,1.8802065908053782,1.773420061647327,3.2254947263198344,0.2281396402939575,1.489140725913558,1.4093773721532332,-0.19738490931805275,2.8531767230254292,0.003731686453750531,0.6603458662571504,-0.193381813434631,2.1494865921707085,2.0230510877378918,3.492146051969591,0.05991176215481615,EVALUATED,0.5742128129254347,valid,3.0,0.0,10.0,2.2440425973006444,2.110523288519261,0.0,ALL,-0.1942269602872253,deepseek,2.057541615248417,1.9379043282842225,new,10.0,0.11875681071860333,1.1281442465230738,,0.2221141953266308,1.0,10.0,deepseek/ALL/train_2008/M2/run_01,3.4039876035463728,0.0,2009.0,87235.0,2008.0,0.23669162530272003,0.0
M3,1.4833288023229825,1.4949833535437054,1.4148305684185556,-0.1973343748854134,2.859836020202644,0.0,0.7832129031843236,-0.1826288314882687,2.278196256728029,2.1420957559943026,3.693249917032301,0.0,1.4833288023229825,1.403952379833881,-0.1974408331895282,2.8465102621115568,0.007453389494555385,0.5677941753443347,-0.1848560453667195,2.051122977667317,1.9319568871583024,3.4747575027605304,0.14194158954084327,1.4717271983820654,1.3931218004237609,-0.19756147198197438,2.833105526695126,0.014867206222591392,0.3677041023476355,-0.18709254821377852,1.839431300729701,1.7355492055096722,3.2539894851351914,0.2728540609794137,1.489140725913558,1.4093773721532332,-0.19738490931805275,2.8531767230254292,0.003731686453750531,0.6735515511482912,-0.18374191986886945,2.1626922770618493,2.035273021167272,3.584328905917648,0.07240388521949567,EVALUATED,0.5677941753443347,valid,8.0,0.0,10.0,2.278196256728029,2.1420957559943026,0.0,ALL,-0.1848560453667195,glm,2.051122977667317,1.9319568871583024,new,19.0,0.13666736338484023,1.176497938125719,,0.2196401691454919,1.0,19.0,glm/ALL/train_2008/M3/run_01,3.4747575027605304,9.0,2009.0,115624.0,2008.0,0.2868045901440017,0.0
M3,,,,,,,,,,,,,,,,,,,,,,,,,,,,,,,,,,,,,,,,,,,,,,MISSING,,failed,,0.0,7.0,,,0.0,ALL,,deepseek,,,new,19.0,,,摘要格式不合规,,1.0,14.0,deepseek/ALL/train_2008/M3/run_01,,7.0,2009.0,78926.0,2008.0,,0.0
M2,0.14745165684794825,0.15278527477306758,0.14565288418116995,-0.2728973450863865,0.664360551771296,0.0,0.11333907284074374,-0.2904107831361695,0.2661243476138113,0.2531503677910938,0.9871881434516795,0.0,0.14745165684794825,0.14058312932901385,-0.2735841059810581,0.647144472615079,0.004506313812253547,0.04581695471200642,-0.2985315600862952,0.19326861155995467,0.18410041348084527,0.7736389749924939,0.058885610498867126,0.1421217612277874,0.1355158849552427,-0.2742884109976387,0.6298447209789683,0.00899248811365502,-0.017660508677168618,-0.306579703702637,0.1244612525506188,0.1187182609846067,0.5601279812745814,0.11435128475652989,0.15011240828308536,0.1431123771862599,-0.27323965821601603,0.6557447164934618,0.002255609663582859,0.07906699254224092,-0.2944820728207006,0.22917940082532628,0.21815764664906245,0.8804439121689089,0.02988248180608716,EVALUATED,0.04581695471200642,valid,14.0,0.0,10.0,0.2661243476138113,0.2531503677910938,0.0,ALL,-0.2985315600862952,glm,0.19326861155995467,0.18410041348084527,new,10.0,0.07894117574028299,0.5027202880155183,,0.038153540090876126,1.0,10.0,glm/ALL/train_2009/M2/run_01,0.7736389749924939,0.0,2010.0,86423.0,2009.0,0.23487779873705894,0.0
M2,0.14745165684794825,0.15278527477306758,0.14565288418116995,-0.2728973450863865,0.664360551771296,0.0,0.13924511466333,-0.2660517581890851,0.2920303894363976,0.2776608452601519,1.048133422556848,0.0,0.14745165684794825,0.14058312932901385,-0.2735841059810581,0.647144472615079,0.004506313812253547,0.05202777502925615,-0.27737461847302036,0.1994794318772044,0.1899938218271937,0.7849736112376546,0.07509973974195848,0.1421217612277874,0.1355158849552427,-0.2742884109976387,0.6298447209789683,0.00899248811365502,-0.028453849986680213,-0.2888834526536529,0.1136679112411072,0.10844661783516174,0.5223449111102244,0.14485201316925864,0.15011240828308536,0.1431123771862599,-0.27323965821601603,0.6557447164934618,0.002255609663582859,0.09477713253944109,-0.27153055424224604,0.24488954082252645,0.2330431714606973,0.9165690098156035,0.03824248393952089,EVALUATED,0.05202777502925615,valid,14.0,0.0,10.0,0.2920303894363976,0.2776608452601519,0.0,ALL,-0.27737461847302036,deepseek,0.1994794318772044,0.1899938218271937,new,10.0,0.08384505495683212,0.6292845634513522,,0.04332055352006425,1.0,10.0,deepseek/ALL/train_2009/M2/run_01,0.7849736112376546,0.0,2010.0,92159.0,2009.0,0.29633026948953595,0.0
M3,0.14745165684794825,0.15278527477306758,0.14565288418116995,-0.2728973450863865,0.664360551771296,0.0,-0.026225591805763004,-0.3009941929028713,0.12655968296730458,0.12071476243147061,0.5717511864789425,0.0,0.14745165684794825,0.14058312932901385,-0.2735841059810581,0.647144472615079,0.004506313812253547,-0.084924078873168,-0.3087514590078895,0.06252757797478026,0.059718314095897895,0.35896996393417696,0.05530722981234025,0.1421217612277874,0.1355158849552427,-0.2742884109976387,0.6298447209789683,0.00899248811365502,-0.13996533996394178,-0.3164565469433629,0.0021564212638456315,0.0020621947757211156,0.14660415325750284,0.10749618090694857,0.15011240828308536,0.1431123771862599,-0.27323965821601603,0.6557447164934618,0.002255609663582859,-0.05602571099430831,-0.304879720034555,0.09408669728877705,0.08980073947303602,0.46538605501945135,0.028055855602090986,EVALUATED,-0.084924078873168,valid,13.0,0.0,10.0,0.12655968296730458,0.12071476243147061,0.0,ALL,-0.3087514590078895,glm,0.06252757797478026,0.059718314095897895,new,19.0,0.06099165480954027,0.38706468983638004,,-0.07089778303198946,1.0,19.0,glm/ALL/train_2009/M3/run_01,0.35896996393417696,9.0,2010.0,115421.0,2009.0,0.23187890303213457,0.0
M3,,,,,,,,,,,,,,,,,,,,,,,,,,,,,,,,,,,,,,,,,,,,,,MISSING,,failed,,0.0,3.0,,,0.0,ALL,,deepseek,,,new,19.0,,,摘要格式不合规,,1.0,6.0,deepseek/ALL/train_2009/M3/run_01,,3.0,2010.0,34249.0,2009.0,,0.0
M0,0.14745165684794825,0.15278527477306758,0.14565288418116995,-0.2728973450863865,0.664360551771296,0.0,0.011564688763565645,-0.2918788938776058,0.16434996353663323,0.1566419383440274,0.6952135347897451,0.0,0.14745165684794825,0.14058312932901385,-0.2735841059810581,0.647144472615079,0.004506313812253547,-0.061815222397544334,-0.3015039697917655,0.08563643445040392,0.08174963466342788,0.4383418562591414,0.06686347728132258,0.1421217612277874,0.1355158849552427,-0.2742884109976387,0.6298447209789683,0.00899248811365502,-0.12971458046597517,-0.3110796299131898,0.012407180761812242,0.011862398151271325,0.18277970967820997,0.12927835983401215,0.15011240828308536,0.1431123771862599,-0.27323965821601603,0.6557447164934618,0.002255609663582859,-0.025822086225191665,-0.29671709036601734,0.1242903220578937,0.1185556260948526,0.5666861849888126,0.034007907555702176,EVALUATED,-0.061815222397544334,valid,12.0,0.0,10.0,0.16434996353663323,0.1566419383440274,0.0,ALL,-0.3015039697917655,glm,0.08563643445040392,0.08174963466342788,new,10.0,0.07418785182128255,0.5003690257767194,,-0.05158194361527746,1.0,10.0,glm/ALL/train_2009/M0/run_01,0.4383418562591414,0.0,2010.0,39538.0,2009.0,0.278234680754806,0.0
M0,0.14745165684794825,0.15278527477306758,0.14565288418116995,-0.2728973450863865,0.664360551771296,0.0,0.05912525107275157,-0.283181654130653,0.21191052584581915,0.20178561517484184,0.8239826690701538,0.0,0.14745165684794825,0.14058312932901385,-0.2735841059810581,0.647144472615079,0.004506313812253547,-0.016294301767506347,-0.29362928939563404,0.1311573550804419,0.1250885406235276,0.5791920491818474,0.0676002607600698,0.1421217612277874,0.1355158849552427,-0.2742884109976387,0.6298447209789683,0.00899248811365502,-0.08632665175421006,-0.3039606522266154,0.05579510947357735,0.05329585645091983,0.3345405438100952,0.13068398282191565,0.15011240828308536,0.1431123771862599,-0.27323965821601603,0.6557447164934618,0.002255609663582859,0.02082816763500417,-0.2883956245369025,0.17094057591808953,0.1629023677499013,0.7019279383140502,0.03438368794158198,EVALUATED,-0.016294301767506347,valid,13.0,0.0,10.0,0.21191052584581915,0.20178561517484184,0.0,ALL,-0.29362928939563404,deepseek,0.1311573550804419,0.1250885406235276,new,10.0,0.07181765679192469,0.5472926630097111,,-0.01358479562520043,1.0,10.0,deepseek/ALL/train_2009/M0/run_01,0.5791920491818474,0.0,2010.0,42028.0,2009.0,0.2734921753255349,0.0
M1,0.14745165684794825,0.15278527477306758,0.14565288418116995,-0.2728973450863865,0.664360551771296,0.0,0.13985441150873745,-0.2713863582869648,0.29263968628180503,0.27823705927781717,1.0552943727614308,0.0,0.14745165684794825,0.14058312932901385,-0.2735841059810581,0.647144472615079,0.004506313812253547,0.05574754427957673,-0.2811239221258094,0.203199201127525,0.19352284929827857,0.7996485976836593,0.07188360502941334,0.1421217612277874,0.1355158849552427,-0.2742884109976387,0.6298447209789683,0.00899248811365502,-0.022387331699016633,-0.29174998535110275,0.11973442952877078,0.1142204419547832,0.5434745740495581,0.13876115550600157,0.15011240828308536,0.1431123771862599,-0.27323965821601603,0.6557447164934618,0.002255609663582859,0.09710316271696406,-0.27616837237187597,0.24721557100004943,0.23524641046621197,0.9277554717767816,0.036587327030989054,EVALUATED,0.05574754427957673,valid,16.0,0.0,10.0,0.29263968628180503,0.27823705927781717,0.0,ALL,-0.2811239221258094,glm,0.203199201127525,0.19352284929827857,new,10.0,0.08104398905549269,0.6084455375178207,,0.046414608990760886,1.0,10.0,glm/ALL/train_2009/M1/run_01,0.7996485976836593,0.0,2010.0,62925.0,2009.0,0.2829007789606998,0.0
M1,0.14745165684794825,0.15278527477306758,0.14565288418116995,-0.2728973450863865,0.664360551771296,0.0,0.07350171320608223,-0.2842904325564969,0.2262869879791498,0.21541615247155654,0.8710313797824709,0.0,0.14745165684794825,0.14058312932901385,-0.2735841059810581,0.647144472615079,0.004506313812253547,-0.006852124768638168,-0.29501456961018013,0.14059953207931009,0.13406848024319773,0.6115243883548599,0.07038970811887577,0.1421217612277874,0.1355158849552427,-0.2742884109976387,0.6298447209789683,0.00899248811365502,-0.08070102992879202,-0.30571510401548907,0.06142073129899539,0.058662556843998015,0.353923461058401,0.13588660940353453,0.15011240828308536,0.1431123771862599,-0.27323965821601603,0.6557447164934618,0.002255609663582859,0.032470888712904156,-0.28966169106156603,0.18258329699598952,0.17395804779904056,0.7410589493812573,0.03582706834889177,EVALUATED,-0.006852124768638168,valid,15.0,0.0,10.0,0.2262869879791498,0.21541615247155654,0.0,ALL,-0.29501456961018013,deepseek,0.14059953207931009,0.13406848024319773,new,10.0,0.07632223923366778,0.582403052919878,,-0.005711682838627108,1.0,10.0,deepseek/ALL/train_2009/M1/run_01,0.6115243883548599,0.0,2010.0,69454.0,2009.0,0.28474923740390284,0.0
M0,-0.30202784832922014,-0.2989532398805307,-0.290003802557978,-0.3429059224817844,-1.3910269971218703,0.0,0.13033099344493992,-0.2603965981571069,-0.16862224643559076,-0.1631208612745848,-0.6419710539865675,0.0,-0.30202784832922014,-0.29300668719509615,-0.34451759185893227,-1.4100348683983874,0.004015695642089144,0.07702363985391325,-0.29792513630327266,-0.2250042084753069,-0.2179168321677175,-0.9338971814349272,0.06618085704648168,-0.30509253150499893,-0.2960003482694773,-0.34612734710711723,-1.429042169525631,0.008016191680294823,0.027823677376761835,-0.33371755963856153,-0.2772688541282371,-0.26883850057153846,-1.2231685316710204,0.12808954261432498,-0.30049244479637205,-0.29150704230582125,-0.3437127846224036,-1.4005353598799195,0.0020097208836405,0.10320026077936884,-0.2791592656948664,-0.1972921840170032,-0.19096715621848093,-0.7879290000218515,0.03364491753994667,EVALUATED,0.07702363985391325,valid,8.0,0.0,10.0,-0.16862224643559076,-0.1631208612745848,0.0,ALL,-0.29792513630327266,glm,-0.2250042084753069,-0.2179168321677175,new,10.0,0.08994382608287016,0.790492341776626,,0.10621013475993069,1.0,10.0,glm/ALL/train_2010/M0/run_01,-0.9338971814349272,0.0,2011.0,39075.0,2010.0,0.2782503925183087,0.0
M0,-0.30202784832922014,-0.2989532398805307,-0.290003802557978,-0.3429059224817844,-1.3910269971218703,0.0,0.06352531556931607,-0.2993660262430847,-0.23542792431121462,-0.2280626409892791,-0.9742713661555519,0.0,-0.30202784832922014,-0.29300668719509615,-0.34451759185893227,-1.4100348683983874,0.004015695642089144,0.008798171695771573,-0.3305242383798057,-0.29322967663344857,-0.28441500842888867,-1.299098482551574,0.07140306485477409,-0.30509253150499893,-0.2960003482694773,-0.34612734710711723,-1.429042169525631,0.008016191680294823,-0.041835830531068985,-0.3690962519178923,-0.3469283620360679,-0.33691475304714724,-1.6241543563948775,0.1376614285432905,-0.30049244479637205,-0.29150704230582125,-0.3437127846224036,-1.4005353598799195,0.0020097208836405,0.035797496338704105,-0.3116805170452951,-0.26469494845766794,-0.25657601997752566,-1.1357553923921113,0.036367444122862226,EVALUATED,0.008798171695771573,valid,7.0,0.0,10.0,-0.23542792431121462,-0.2280626409892791,0.0,ALL,-0.3305242383798057,deepseek,-0.29322967663344857,-0.28441500842888867,new,10.0,0.058828490393066916,0.5350954837437145,,0.012152418715420499,1.0,10.0,deepseek/ALL/train_2010/M0/run_01,-1.299098482551574,0.0,2011.0,40705.0,2010.0,0.311893169144122,0.0
M1,-0.30202784832922014,-0.2989532398805307,-0.290003802557978,-0.3429059224817844,-1.3910269971218703,0.0,0.04607351611927135,-0.31889356195954877,-0.25287972376125933,-0.245060255154552,-1.04822722456942,0.0,-0.30202784832922014,-0.29300668719509615,-0.34451759185893227,-1.4100348683983874,0.004015695642089144,-0.000725893713819481,-0.35332639598961346,-0.3027537420430396,-0.2937157162748719,-1.3287732776040375,0.06259728267722206,-0.30509253150499893,-0.2960003482694773,-0.34612734710711723,-1.429042169525631,0.008016191680294823,-0.04469855788170074,-0.38665096357189765,-0.34979108938669967,-0.33971778667109676,-1.6110261172876954,0.1212090577019464,-0.30049244479637205,-0.29150704230582125,-0.3437127846224036,-1.4005353598799195,0.0020097208836405,0.022331912107612872,-0.33624297762944944,-0.2781605326887592,-0.26970838222928784,-1.1881584227746593,0.031815998741956,EVALUATED,-0.000725893713819481,valid,5.0,0.0,10.0,-0.25287972376125933,-0.245060255154552,0.0,ALL,-0.35332639598961346,glm,-0.3027537420430396,-0.2937157162748719,new,10.0,0.05773247337132357,0.4795037343110426,,-0.0010028794713244915,1.0,10.0,glm/ALL/train_2010/M1/run_01,-1.3287732776040375,0.0,2011.0,62684.0,2010.0,0.27160553104654295,0.0
M1,-0.30202784832922014,-0.2989532398805307,-0.290003802557978,-0.3429059224817844,-1.3910269971218703,0.0,0.1157671524541779,-0.2830527256471238,-0.18318608742635278,-0.17726194410980844,-0.7878453738024823,0.0,-0.30202784832922014,-0.29300668719509615,-0.34451759185893227,-1.4100348683983874,0.004015695642089144,0.08396568489544987,-0.3039078956455594,-0.21806216343377027,-0.21116257651049375,-0.9838870022933728,0.04228625727578933,-0.30509253150499893,-0.2960003482694773,-0.34612734710711723,-1.429042169525631,0.008016191680294823,0.053774714192123096,-0.32418825814459684,-0.25131781731287584,-0.24353842454095942,-1.1790219926958594,0.08280790728786258,-0.30049244479637205,-0.29150704230582125,-0.3437127846224036,-1.4005353598799195,0.0020097208836405,0.09966911337288875,-0.2935087761018711,-0.2008233314234833,-0.1943992915776197,-0.8859310369045555,0.02136900766699426,EVALUATED,0.08396568489544987,valid,3.0,0.0,10.0,-0.18318608742635278,-0.17726194410980844,0.0,ALL,-0.3039078956455594,deepseek,-0.21806216343377027,-0.21116257651049375,new,10.0,0.057812198711819855,0.5861039296120545,,0.11576362774903282,1.0,10.0,deepseek/ALL/train_2010/M1/run_01,-0.9838870022933728,0.0,2011.0,64226.0,2010.0,0.17308186794902589,0.0
M2,-0.30202784832922014,-0.2989532398805307,-0.290003802557978,-0.3429059224817844,-1.3910269971218703,0.0,0.07721780226088137,-0.2766325520284376,-0.2217354376196493,-0.21473621688748823,-0.9675169693379533,0.0,-0.30202784832922014,-0.29300668719509615,-0.34451759185893227,-1.4100348683983874,0.004015695642089144,0.04520747992293761,-0.30096542374200463,-0.25682036840628253,-0.24890029517542933,-1.169678344975903,0.04223446234646341,-0.30509253150499893,-0.2960003482694773,-0.34612734710711723,-1.429042169525631,0.008016191680294823,0.01474683928969256,-0.32451955757092044,-0.2903456922153064,-0.2815995445624183,-1.3718215834042562,0.08266417154075857,-0.30049244479637205,-0.29150704230582125,-0.3437127846224036,-1.4005353598799195,0.0020097208836405,0.060987331033957926,-0.2889208310153595,-0.23950511376241412,-0.23203246891571405,-1.0687028101083682,0.021347939857077877,EVALUATED,0.04520747992293761,valid,5.0,0.0,10.0,-0.2217354376196493,-0.21473621688748823,0.0,ALL,-0.30096542374200463,glm,-0.25682036840628253,-0.24890029517542933,new,10.0,0.053374334437541034,0.467531673909318,,0.06238586874984775,1.0,10.0,glm/ALL/train_2010/M2/run_01,-1.169678344975903,0.0,2011.0,84634.0,2010.0,0.18319736470279765,0.0
M2,-0.30202784832922014,-0.2989532398805307,-0.290003802557978,-0.3429059224817844,-1.3910269971218703,0.0,0.08540757180332759,-0.3043393713946393,-0.2135456680772031,-0.20676940791279863,-0.9148907437136313,0.0,-0.30202784832922014,-0.29300668719509615,-0.34451759185893227,-1.4100348683983874,0.004015695642089144,0.041090224989961954,-0.3236023087566815,-0.2609376233392582,-0.25291321357889773,-1.1841221748316468,0.058943424404447886,-0.30509253150499893,-0.2960003482694773,-0.34612734710711723,-1.429042169525631,0.008016191680294823,-0.00030121632703472567,-0.3512281611616257,-0.30539374783203366,-0.29629460951472375,-1.4515528324940439,0.11448550984910288,-0.30049244479637205,-0.29150704230582125,-0.3437127846224036,-1.4005353598799195,0.0020097208836405,0.06290357703782035,-0.3139799858940796,-0.2375888677585517,-0.2301665875343688,-1.0494766459853857,0.029914938984143144,EVALUATED,0.041090224989961954,valid,6.0,0.0,10.0,-0.2135456680772031,-0.20676940791279863,0.0,ALL,-0.3236023087566815,deepseek,-0.2609376233392582,-0.25291321357889773,new,10.0,0.05571511867569499,0.547217620876131,,0.05670983429409371,1.0,10.0,deepseek/ALL/train_2010/M2/run_01,-1.1841221748316468,0.0,2011.0,89116.0,2010.0,0.24736901000479014,0.0
M3,-0.30202784832922014,-0.2989532398805307,-0.290003802557978,-0.3429059224817844,-1.3910269971218703,0.0,0.0793929945309989,-0.3108908614167628,-0.21956024534953178,-0.2126199519267551,-0.9329014394328223,0.0,-0.30202784832922014,-0.29300668719509615,-0.34451759185893227,-1.4100348683983874,0.004015695642089144,0.024533874275066037,-0.33579147028103695,-0.2774939740541541,-0.2690581138674447,-1.2619126416030761,0.07303489523341944,-0.30509253150499893,-0.2960003482694773,-0.34612734710711723,-1.429042169525631,0.008016191680294823,-0.026092547524738108,-0.37325548996295255,-0.33118507902973704,-0.3215075387698163,-1.5891544040738474,0.14094372878704758,-0.30049244479637205,-0.29150704230582125,-0.3437127846224036,-1.4005353598799195,0.0020097208836405,0.05138825822706128,-0.32290004584087395,-0.24910418656931077,-0.24138178591905934,-1.097669211650669,0.03718104714895072,EVALUATED,0.024533874275066037,valid,10.0,0.0,10.0,-0.21956024534953178,-0.2126199519267551,0.0,ALL,-0.33579147028103695,glm,-0.2774939740541541,-0.2690581138674447,new,19.0,0.06324661758024545,0.5638380653438824,,0.03387383288342383,1.0,19.0,glm/ALL/train_2010/M3/run_01,-1.2619126416030761,9.0,2011.0,117392.0,2010.0,0.30925384080586676,0.0
M3,,,,,,,,,,,,,,,,,,,,,,,,,,,,,,,,,,,,,,,,,,,,,,MISSING,,failed,,0.0,5.0,,,0.0,ALL,,deepseek,,,new,19.0,,,摘要格式不合规,,1.0,10.0,deepseek/ALL/train_2010/M3/run_01,,5.0,2011.0,57101.0,2010.0,,0.0
M2,0.09042528798093619,0.09440950122671721,0.0904985655036945,-0.26347329934061303,0.4888430377743787,0.0,0.2396931501667332,-0.1854700591247046,0.3341026513934504,0.3189290078486342,1.2985523538145134,0.0,0.09042528798093619,0.08668585305252363,-0.2649638664084205,0.4739307793060938,0.003816436207759237,0.18771504914900938,-0.20122784159278928,0.27814033712994557,0.2657537824989653,1.1243596053850435,0.04963335938409682,0.08646128230717331,0.08289192968242731,-0.26644741860193677,0.4590527466973117,0.0076210056355837975,0.13798731192684044,-0.22476322190004683,0.22444859423401375,0.21464915480812907,0.9493143690949863,0.0972335390346863,0.09241825320553043,0.08859309989715625,-0.26421730448796754,0.4813953289362484,0.001909688067128412,0.21342994352323386,-0.1927002261032672,0.3058481967287643,0.29209301065454896,1.211623818698714,0.02507523217890805,EVALUATED,0.18771504914900938,valid,5.0,0.0,10.0,0.3341026513934504,0.3189290078486342,0.0,ALL,-0.20122784159278928,glm,0.27814033712994557,0.2657537824989653,new,10.0,0.07549063606666136,0.5916423935989555,,0.16478352869270907,1.0,10.0,glm/ALL/train_2011/M2/run_01,1.1243596053850435,0.0,2012.0,83986.0,2011.0,0.17056884694715277,0.0
M2,0.09042528798093619,0.09440950122671721,0.0904985655036945,-0.26347329934061303,0.4888430377743787,0.0,0.2395542477472168,-0.1471755278133854,0.333963748973934,0.3187971342960856,1.3535784998796923,0.0,0.09042528798093619,0.08668585305252363,-0.2649638664084205,0.4739307793060938,0.003816436207759237,0.20891618536471612,-0.1513267782537684,0.2993414733456523,0.28590969722354154,1.2410891772874217,0.02980667186941336,0.08646128230717331,0.08289192968242731,-0.26644741860193677,0.4590527466973117,0.0076210056355837975,0.1792118838166532,-0.15545787282744172,0.2656731661238265,0.25389506391800554,1.1285724764517953,0.0588434866196894,0.09241825320553043,0.08859309989715625,-0.26421730448796754,0.4813953289362484,0.001909688067128412,0.22410465460915718,-0.14925352504448364,0.3165229078146876,0.3022345012376828,1.297317287419513,0.015000739209995888,EVALUATED,0.20891618536471612,valid,2.0,0.0,10.0,0.333963748973934,0.3187971342960856,0.0,ALL,-0.1513267782537684,deepseek,0.2993414733456523,0.28590969722354154,new,10.0,0.07890380753345015,0.6812284778612112,,0.18333158898810908,1.0,10.0,deepseek/ALL/train_2011/M2/run_01,1.2410891772874217,0.0,2012.0,89737.0,2011.0,0.10521199616066444,0.0
M3,0.09042528798093619,0.09440950122671721,0.0904985655036945,-0.26347329934061303,0.4888430377743787,0.0,0.07372732634327961,-0.20575288675593395,0.16813682756999682,0.16095502054954602,0.7609505158821314,0.0,0.09042528798093619,0.08668585305252363,-0.2649638664084205,0.4739307793060938,0.003816436207759237,0.02216171016215962,-0.23241014762058243,0.1125869981430958,0.10788665311616374,0.5608520353214719,0.05087485759498115,0.08646128230717331,0.08289192968242731,-0.26644741860193677,0.4590527466973117,0.0076210056355837975,-0.026658676477953946,-0.2580947286078701,0.05980260582921937,0.05736271376825597,0.3607290584349513,0.09940899481906765,0.09241825320553043,0.08859309989715625,-0.26421730448796754,0.4813953289362484,0.001909688067128412,0.04759976091227869,-0.21917870916803983,0.14001801411780912,0.1341051239034634,0.6609718044056732,0.02573666216628833,EVALUATED,0.02216171016215962,valid,2.0,0.0,10.0,0.16813682756999682,0.16095502054954602,0.0,ALL,-0.23241014762058243,glm,0.1125869981430958,0.10788665311616374,new,19.0,0.03605951696100734,0.34898516070873076,,0.019509594243899198,1.0,19.0,glm/ALL/train_2011/M3/run_01,0.5608520353214719,9.0,2012.0,110990.0,2011.0,0.19332173017432505,0.0
M3,0.09042528798093619,0.09440950122671721,0.0904985655036945,-0.26347329934061303,0.4888430377743787,0.0,0.1505321917295468,-0.1605127066873202,0.244941692956264,0.23416508877846187,1.0385219090663649,0.0,0.09042528798093619,0.08668585305252363,-0.2649638664084205,0.4739307793060938,0.003816436207759237,0.1278754776824822,-0.171911174003464,0.21830076566341838,0.208791952732708,0.9476519478489848,0.023382515595436006,0.08646128230717331,0.08289192968242731,-0.26644741860193677,0.4590527466973117,0.0076210056355837975,0.10578274518320674,-0.18394262070782985,0.19224402749038005,0.18395389935146,0.8567324990035686,0.046270535906199305,0.09241825320553043,0.08859309989715625,-0.26421730448796754,0.4813953289362484,0.001909688067128412,0.139137789492912,-0.1658200073212711,0.23155604269844243,0.22141915871449358,0.9931297645039054,0.011754438211019364,EVALUATED,0.1278754776824822,valid,1.0,0.0,10.0,0.244941692956264,0.23416508877846187,0.0,ALL,-0.171911174003464,deepseek,0.21830076566341838,0.208791952732708,new,19.0,0.06506376197079308,0.45626181682946604,,0.11236559244531041,1.0,19.0,deepseek/ALL/train_2011/M3/run_01,0.9476519478489848,9.0,2012.0,112301.0,2011.0,0.08496210498258365,0.0
M0,0.09042528798093619,0.09440950122671721,0.0904985655036945,-0.26347329934061303,0.4888430377743787,0.0,0.08774937741010369,-0.24393643942983534,0.1821588786368209,0.17433467899840438,0.796934977832257,0.0,0.09042528798093619,0.08668585305252363,-0.2649638664084205,0.4739307793060938,0.003816436207759237,-0.010561295777185009,-0.291404480304999,0.07986399220375118,0.0765764883993465,0.43333251427439196,0.09530013948780189,0.08646128230717331,0.08289192968242731,-0.26644741860193677,0.4590527466973117,0.0076210056355837975,-0.10084752797739926,-0.33641678615283765,-0.01438624567022595,-0.013819326188350911,0.06555842634133452,0.18276182924453455,0.09241825320553043,0.08859309989715625,-0.26421730448796754,0.4813953289362484,0.001909688067128412,0.037390902505399115,-0.2680940362315205,0.12980915571092955,0.1243504893722529,0.6152184151871789,0.048661348973532303,EVALUATED,-0.010561295777185009,valid,1.0,0.0,10.0,0.1821588786368209,0.17433467899840438,0.0,ALL,-0.291404480304999,glm,0.07986399220375118,0.0765764883993465,new,10.0,0.044450122435491735,0.4897612026240393,,-0.009302932052331125,1.0,10.0,glm/ALL/train_2011/M0/run_01,0.43333251427439196,0.0,2012.0,38132.0,2011.0,0.3646900282356663,0.0
M0,0.09042528798093619,0.09440950122671721,0.0904985655036945,-0.26347329934061303,0.4888430377743787,0.0,0.12040681370844264,-0.21035050247811715,0.21481631493515985,0.20547170212409904,0.9173519836493722,0.0,0.09042528798093619,0.08668585305252363,-0.2649638664084205,0.4739307793060938,0.003816436207759237,0.029178644764578543,-0.25488469167650496,0.11960393274551473,0.11459583202711232,0.5842999980179852,0.08415058958475147,0.08646128230717331,0.08289192968242731,-0.26644741860193677,0.4590527466973117,0.0076210056355837975,-0.05440596316528734,-0.2968999568010794,0.032055319141885974,0.030763917953853692,0.2510788154223862,0.1619841280050867,0.09241825320553043,0.08859309989715625,-0.26421730448796754,0.4813953289362484,0.001909688067128412,0.074021244926469,-0.23276840680821032,0.16643949813199943,0.1593350199567567,0.7517472435368563,0.04289824880687338,EVALUATED,0.029178644764578543,valid,2.0,0.0,10.0,0.21481631493515985,0.20547170212409904,0.0,ALL,-0.25488469167650496,deepseek,0.11960393274551473,0.11459583202711232,new,10.0,0.05964223137253936,0.6463676599094977,,0.025683576257286234,1.0,10.0,deepseek/ALL/train_2011/M0/run_01,0.5842999980179852,0.0,2012.0,40395.0,2011.0,0.32011915927133605,0.0
M1,0.09042528798093619,0.09440950122671721,0.0904985655036945,-0.26347329934061303,0.4888430377743787,0.0,0.2033454770877383,-0.1783777295885356,0.2977549783144555,0.2844018711890355,1.202987003865505,0.0,0.09042528798093619,0.08668585305252363,-0.2649638664084205,0.4739307793060938,0.003816436207759237,0.13198147026373275,-0.20587969706446763,0.22240675824466893,0.21270397231465332,0.9552657650068961,0.06660129515709115,0.08646128230717331,0.08289192968242731,-0.26644741860193677,0.4590527466973117,0.0076210056355837975,0.06569996072204298,-0.23794750901582362,0.1521612430292163,0.1457035523407222,0.7090741246444305,0.1294967516406971,0.09241825320553043,0.08859309989715625,-0.26421730448796754,0.4813953289362484,0.001909688067128412,0.16706354029122816,-0.18926237449453742,0.2594817934967586,0.24800413734178006,1.0791719561326638,0.033786014762873094,EVALUATED,0.13198147026373275,valid,3.0,0.0,10.0,0.2977549783144555,0.2844018711890355,0.0,ALL,-0.20587969706446763,glm,0.22240675824466893,0.21270397231465332,new,10.0,0.08997906281384259,0.7065971482690437,,0.1159655469040497,1.0,10.0,glm/ALL/train_2011/M1/run_01,0.9552657650068961,0.0,2012.0,62915.0,2011.0,0.23805957174124556,0.0
M1,0.09042528798093619,0.09440950122671721,0.0904985655036945,-0.26347329934061303,0.4888430377743787,0.0,0.17868406486410904,-0.15496577672703538,0.27309356609082625,0.26095387144324533,1.1421623730543427,0.0,0.09042528798093619,0.08668585305252363,-0.2649638664084205,0.4739307793060938,0.003816436207759237,0.15479752746762987,-0.16235660301520516,0.24522281544856606,0.23443271750003625,1.048080392964752,0.02502959369173467,0.08646128230717331,0.08289192968242731,-0.26644741860193677,0.4590527466973117,0.0076210056355837975,0.13154017397643236,-0.17333462334921468,0.21800145628360568,0.20850676272010227,0.9540668459749769,0.04952525537454256,0.09241825320553043,0.08859309989715625,-0.26421730448796754,0.4813953289362484,0.001909688067128412,0.16665544365423424,-0.1586715374583284,0.25907369685976467,0.24761580392438653,1.0951076459111921,0.012582337508257546,EVALUATED,0.15479752746762987,valid,1.0,0.0,10.0,0.27309356609082625,0.26095387144324533,0.0,ALL,-0.16235660301520516,deepseek,0.24522281544856606,0.23443271750003625,new,10.0,0.06113206751882534,0.4510321319727342,,0.13596097163912502,1.0,10.0,deepseek/ALL/train_2011/M1/run_01,1.048080392964752,0.0,2012.0,63690.0,2011.0,0.08907472682104342,0.0
M0,0.28139512142439704,0.28558032672202316,0.26650006590174,-0.1597025386123957,1.2422455435971314,0.0,0.16362339883235344,-0.1628448154944545,0.4492037255543766,0.41755005647527277,1.8599999059431167,0.0,0.28139512142439704,0.262622022228133,-0.15988146796196834,1.2279319535680036,0.003356741472795944,0.12059321428912062,-0.16544299647834926,0.40198833571351766,0.374072394668751,1.7056523881279428,0.036885223998500936,0.2771880078083848,0.258722918186127,-0.16006327880430316,1.2134691054014222,0.006701624552651614,0.07879895835613371,-0.16805572638995758,0.3559869661645185,0.3316287498403758,1.549115698341237,0.07254435826809691,0.2834906322521893,0.26456383289482743,-0.1597921913315492,1.2351099486071313,0.0016797998532876637,0.14192527484860706,-0.1641452953900957,0.42541590710079635,0.39565607563599703,1.783028641018541,0.018598229147849386,EVALUATED,0.12059321428912062,valid,5.0,0.0,10.0,0.4492037255543766,0.41755005647527277,0.0,ALL,-0.16544299647834926,glm,0.40198833571351766,0.374072394668751,new,10.0,0.07803796140919818,0.7231378296503465,,0.08826899141513689,1.0,10.0,glm/ALL/train_2012/M0/run_01,1.7056523881279428,0.0,2013.0,38937.0,2012.0,0.13154287048427749,0.0
M0,0.28139512142439704,0.28558032672202316,0.26650006590174,-0.1597025386123957,1.2422455435971314,0.0,0.3706646015429602,-0.13843402753044032,0.6562449282649834,0.6072425920783411,2.5625192729661284,0.0,0.28139512142439704,0.262622022228133,-0.15988146796196834,1.2279319535680036,0.003356741472795944,0.29489639044355265,-0.14083757402008734,0.5762915118679497,0.5341663660622122,2.325524353947572,0.05835311155228081,0.2771880078083848,0.258722918186127,-0.16006327880430316,1.2134691054014222,0.006701624552651614,0.2244146623556147,-0.14338799105628208,0.5016026701639995,0.4657024162310772,2.090396022824671,0.11387014166385605,0.2834906322521893,0.26456383289482743,-0.1597921913315492,1.2351099486071313,0.0016797998532876637,0.3321045267358056,-0.1396192024457793,0.6155951589879949,0.5701162072574624,2.4438457824328506,0.02954372897302635,EVALUATED,0.29489639044355265,valid,6.0,0.0,10.0,0.6562449282649834,0.6072425920783411,0.0,ALL,-0.14083757402008734,deepseek,0.5762915118679497,0.5341663660622122,new,10.0,0.11424876640598815,1.284194673173523,,0.21506384258599298,1.0,10.0,deepseek/ALL/train_2012/M0/run_01,2.325524353947572,0.0,2013.0,40438.0,2012.0,0.19466382555268918,0.0
M1,,,,,,,,,,,,,,,,,,,,,,,,,,,,,,,,,,,,,,,,,,,,,,MISSING,,failed,,1.0,9.0,,,0.0,ALL,,glm,,,new,10.0,,,历史服务异常（见审计说明）,,1.0,9.0,glm/ALL/train_2012/M1/run_01,,0.0,2013.0,49700.0,2012.0,,1.0
M1,0.28139512142439704,0.28558032672202316,0.26650006590174,-0.1597025386123957,1.2422455435971314,0.0,0.2607979359221646,-0.13572826243048852,0.5463782626441878,0.5067699224000886,2.1857014514547437,0.0,0.28139512142439704,0.262622022228133,-0.15988146796196834,1.2279319535680036,0.003356741472795944,0.2133072655634365,-0.13735660820473605,0.49470238698783353,0.4593671484065711,2.0255676702207466,0.040059967774191234,0.2771880078083848,0.258722918186127,-0.16006327880430316,1.2134691054014222,0.006701624552651614,0.1677342088716698,-0.13895403511606697,0.4449222166800546,0.4136110033282092,1.8651453106455163,0.07879570599749086,0.2834906322521893,0.26456383289482743,-0.1597921913315492,1.2351099486071313,0.0016797998532876637,0.23669310503683794,-0.13654851188981754,0.5201837372890272,0.48275342011910105,2.1053040993408625,0.020198252981130725,EVALUATED,0.2133072655634365,valid,4.0,0.0,10.0,0.5463782626441878,0.5067699224000886,0.0,ALL,-0.13735660820473605,deepseek,0.49470238698783353,0.4593671484065711,new,10.0,0.09188588617938506,0.875597417221841,,0.15582266324742577,1.0,10.0,deepseek/ALL/train_2012/M1/run_01,2.0255676702207466,0.0,2013.0,63301.0,2012.0,0.1357344381761612,0.0
M2,,,,,,,,,,,,,,,,,,,,,,,,,,,,,,,,,,,,,,,,,,,,,,MISSING,,failed,,1.0,7.0,,,0.0,ALL,,glm,,,new,10.0,,,历史服务异常（见审计说明）,,1.0,7.0,glm/ALL/train_2012/M2/run_01,,0.0,2013.0,48998.0,2012.0,,1.0
M2,0.28139512142439704,0.28558032672202316,0.26650006590174,-0.1597025386123957,1.2422455435971314,0.0,0.11760439141552848,-0.1637592849821704,0.40318471813755163,0.375175131847421,1.6981299718275207,0.0,0.28139512142439704,0.262622022228133,-0.15988146796196834,1.2279319535680036,0.003356741472795944,0.07255061870174284,-0.16657547792371208,0.3539457401261399,0.329743425736885,1.5319913511188854,0.03948467865064226,0.2771880078083848,0.258722918186127,-0.16006327880430316,1.2134691054014222,0.006701624552651614,0.028959147696173027,-0.16955732561141323,0.30614715550455784,0.2855465783417994,1.3640410610574862,0.07760025003075292,0.2834906322521893,0.26456383289482743,-0.1597921913315492,1.2351099486071313,0.0016797998532876637,0.09485245490880478,-0.165175829474709,0.3783430871609941,0.3522663874481189,1.6151736057662316,0.019915981487307333,EVALUATED,0.07255061870174284,valid,3.0,0.0,10.0,0.40318471813755163,0.375175131847421,0.0,ALL,-0.16657547792371208,deepseek,0.3539457401261399,0.329743425736885,new,10.0,0.062386433746261245,0.6504518090355224,,0.05316033011233534,1.0,10.0,deepseek/ALL/train_2012/M2/run_01,1.5319913511188854,0.0,2013.0,90613.0,2012.0,0.14207880377392826,0.0
M3,,,,,,,,,,,,,,,,,,,,,,,,,,,,,,,,,,,,,,,,,,,,,,MISSING,,partial,,0.0,6.0,,,0.0,ALL,,glm,,,new,19.0,,,原始记录保留,,1.0,12.0,glm/ALL/train_2012/M3/run_01,,6.0,2013.0,67081.0,2012.0,,0.0
M3,,,,,,,,,,,,,,,,,,,,,,,,,,,,,,,,,,,,,,,,,,,,,,MISSING,,partial,,0.0,5.0,,,0.0,ALL,,deepseek,,,new,19.0,,,原始记录保留,,1.0,9.0,deepseek/ALL/train_2012/M3/run_01,,4.0,2013.0,54138.0,2012.0,,0.0
M2,,,,,,,,,,,,,,,,,,,,,,,,,,,,,,,,,,,,,,,,,,,,,,MISSING,,failed,,1.0,1.0,,,0.0,ALL,,glm,,,new,10.0,,,历史服务异常（见审计说明）,,1.0,1.0,glm/ALL/train_2013/M2/run_01,,0.0,2014.0,,2013.0,,1.0
M2,,,,,,,,,,,,,,,,,,,,,,,,,,,,,,,,,,,,,,,,,,,,,,MISSING,,partial,,0.0,5.0,,,0.0,ALL,,deepseek,,,new,10.0,,,原始记录保留,,1.0,5.0,deepseek/ALL/train_2013/M2/run_01,,0.0,2014.0,43107.0,2013.0,,0.0
M3,,,,,,,,,,,,,,,,,,,,,,,,,,,,,,,,,,,,,,,,,,,,,,MISSING,,incompatible,,,,,,,ALL,,glm,,,new,19.0,,,原始记录保留,,1.0,,glm/ALL/train_2013/M3/run_01,,,2014.0,,2013.0,,0.0
M3,,,,,,,,,,,,,,,,,,,,,,,,,,,,,,,,,,,,,,,,,,,,,,MISSING,,partial,,0.0,6.0,,,0.0,ALL,,deepseek,,,new,19.0,,,原始记录保留,,1.0,11.0,deepseek/ALL/train_2013/M3/run_01,,5.0,2014.0,67231.0,2013.0,,0.0
M0,,,,,,,,,,,,,,,,,,,,,,,,,,,,,,,,,,,,,,,,,,,,,,MISSING,,partial,,,,,,,ALL,,glm,,,new,10.0,,,原始记录保留,,1.0,,glm/ALL/train_2013/M0/run_01,,,2014.0,,2013.0,,0.0
M0,0.494365293322768,0.4995718309434709,0.48040659471078384,-0.10130961075383582,2.2076041607974215,0.0,0.1057430578960803,-0.09010529357389319,0.6053148888395512,0.5813737008902231,2.5643533037092596,0.0,0.494365293322768,0.4754294989561998,-0.10169673515864619,2.188950981665603,0.0038024471629007207,0.026808839718393873,-0.091212632637651,0.5211741330411619,0.5010510880602768,2.2791890818627376,0.062458291008722994,0.4891112678083107,0.47040644991288416,-0.10208790816772484,2.170020861305201,0.007589595960498729,-0.04662665906894814,-0.09276756785820084,0.4424846087393626,0.4258046906138826,1.9961241416750348,0.12139746113964682,0.49699154453814853,0.47794008513637065,-0.10150229416534884,2.198368539939878,0.001903165954878741,0.0655006637885136,-0.09048927680469843,0.5624922083266621,0.5405113853691867,2.4213809503639068,0.031692441437275065,EVALUATED,0.026808839718393873,valid,10.0,0.0,10.0,0.6053148888395512,0.5813737008902231,0.0,ALL,-0.091212632637651,deepseek,0.5211741330411619,0.5010510880602768,new,10.0,0.08260172089837328,0.6908853772481044,,0.017365512294693186,1.0,10.0,deepseek/ALL/train_2013/M0/run_01,2.2791890818627376,0.0,2014.0,41419.0,2013.0,0.21267385889494558,0.0
M1,0.494365293322768,0.4995718309434709,0.48040659471078384,-0.10130961075383582,2.2076041607974215,0.0,0.04612514020151992,-0.09248569856902167,0.5456969711449908,0.5244753558536415,2.3359967611597923,0.0,0.494365293322768,0.4754294989561998,-0.10169673515864619,2.188950981665603,0.0038024471629007207,-0.021376203033413255,-0.0961076842108004,0.47298909028935476,0.4549895113701503,2.0845474544927027,0.055741161802935535,0.4891112678083107,0.47040644991288416,-0.10208790816772484,2.170020861305201,0.007589595960498729,-0.08499729641448095,-0.10470434625186986,0.40411397139382976,0.389066126171133,1.83363329047049,0.10863990438526104,0.49699154453814853,0.47794008513637065,-0.10150229416534884,2.198368539939878,0.001903165954878741,0.011933120778444772,-0.09358869789050661,0.5089246653165933,0.4893458915994022,2.210563159540831,0.02824254948427874,EVALUATED,-0.021376203033413255,valid,10.0,0.0,10.0,0.5456969711449908,0.5244753558536415,0.0,ALL,-0.0961076842108004,glm,0.47298909028935476,0.4549895113701503,new,10.0,0.06139150357854799,0.5381536448358198,,-0.013853584736180147,1.0,10.0,glm/ALL/train_2013/M1/run_01,2.0845474544927027,0.0,2014.0,62766.0,2013.0,0.19119872617775197,0.0
M1,0.494365293322768,0.4995718309434709,0.48040659471078384,-0.10130961075383582,2.2076041607974215,0.0,0.09603476641105235,-0.0955576844565934,0.5956065973545233,0.5721129085573291,2.5119430879701907,0.0,0.494365293322768,0.4754294989561998,-0.10169673515864619,2.188950981665603,0.0038024471629007207,0.03248376535423936,-0.09735268073616299,0.5268490586770074,0.506472848410489,2.280416017711498,0.05098524857716854,0.4891112678083107,0.47040644991288416,-0.10208790816772484,2.170020861305201,0.007589595960498729,-0.02729549087813843,-0.09903210710542465,0.4618157769301723,0.4443018171120692,2.0511052621397785,0.09956543321822203,0.49699154453814853,0.47794008513637065,-0.10150229416534884,2.198368539939878,0.001903165954878741,0.06388795807262504,-0.09644906926968633,0.5608795026107736,0.5389718184159804,2.39639310336537,0.025801489615807076,EVALUATED,0.03248376535423936,valid,14.0,0.0,10.0,0.5956065973545233,0.5721129085573291,0.0,ALL,-0.09735268073616299,deepseek,0.5268490586770074,0.506472848410489,new,10.0,0.06606016515555502,0.4978089967748222,,0.021040212003522463,1.0,10.0,deepseek/ALL/train_2013/M1/run_01,2.280416017711498,0.0,2014.0,67553.0,2013.0,0.17302846098023228,0.0
M0,0.8156330597181609,0.8250169640333049,0.7862241005942479,-0.4855662889038692,1.5910951747821322,0.0,0.1430709600530422,-0.52469315788318,0.9680879240863471,0.9210687500894412,1.6776252344051112,0.0,0.8156330597181609,0.7773668631388586,-0.48637430832188433,1.579605962188487,0.007141741652660086,0.02254575532169434,-0.5321110533700804,0.8381788150398553,0.7986445110199112,1.5336844439954835,0.09980374344660112,0.806305961400555,0.7685616232324468,-0.4871740404893342,1.5680514825973562,0.01424719401360145,-0.08947772865550108,-0.5395161056085211,0.7168282327450539,0.6840064278429552,1.3893056383749758,0.19259788474582468,0.8203781972116122,0.7818458860123578,-0.48598529749515507,1.5853788419413817,0.0035759877583457964,0.08137853945541496,-0.5283896612982106,0.9017567366670272,0.8585966209052136,1.6054117519189375,0.050807398486883724,EVALUATED,0.02254575532169434,valid,5.0,0.0,10.0,0.9680879240863471,0.9210687500894412,0.0,ALL,-0.5321110533700804,glm,0.8381788150398553,0.7986445110199112,new,10.0,0.07496201754831436,0.5807935837381657,,0.011971444006487086,1.0,10.0,glm/ALL/train_2014/M0/run_01,1.5336844439954835,0.0,2015.0,39426.0,2014.0,0.264009742071747,0.0
M0,0.8156330597181609,0.8250169640333049,0.7862241005942479,-0.4855662889038692,1.5910951747821322,0.0,0.45344579264769447,-0.4814621277090738,1.2784627566809994,1.2124272954443422,1.95288984686745,0.0,0.8156330597181609,0.7773668631388586,-0.48637430832188433,1.579605962188487,0.007141741652660086,0.29994115950696165,-0.4897322792258749,1.1155742192251226,1.0597088162064305,1.8010513522587452,0.11651653030017044,0.806305961400555,0.7685616232324468,-0.4871740404893342,1.5680514825973562,0.01424719401360145,0.159306204718763,-0.4981288921403889,0.965612166119318,0.9187383950707046,1.6489911482284476,0.2241821284833832,0.8203781972116122,0.7818458860123578,-0.48598529749515507,1.5853788419413817,0.0035759877583457964,0.3755523776408669,-0.4855153269516369,1.1959305748524791,1.1350986263190923,1.8775995571317579,0.05943382371696353,EVALUATED,0.29994115950696165,valid,4.0,0.0,10.0,1.2784627566809994,1.2124272954443422,0.0,ALL,-0.4897322792258749,deepseek,1.1155742192251226,1.0597088162064305,new,10.0,0.08974387313593693,0.5577407144832173,,0.1588540660474289,1.0,10.0,deepseek/ALL/train_2014/M0/run_01,1.8010513522587452,0.0,2015.0,41894.0,2014.0,0.28697320120452086,0.0
M1,0.8156330597181609,0.8250169640333049,0.7862241005942479,-0.4855662889038692,1.5910951747821322,0.0,0.06386041769515938,-0.5206209489477054,0.8888773817284643,0.8464576277652289,1.597527907330084,0.0,0.8156330597181609,0.7773668631388586,-0.48637430832188433,1.579605962188487,0.007141741652660086,-0.05206287551672473,-0.5277683565904145,0.7635701842014362,0.7281960446491225,1.452101740160687,0.09881497373800835,0.806305961400555,0.7685616232324468,-0.4871740404893342,1.5680514825973562,0.01424719401360145,-0.15707391037243457,-0.5344270348985489,0.6492320510281204,0.6200249500325179,1.3095758065226828,0.19083859317720328,0.8203781972116122,0.7818458860123578,-0.48598529749515507,1.5853788419413817,0.0035759877583457964,0.0035899702133694866,-0.5243437772172951,0.8239681674249817,0.7852342480498495,1.5236048255326484,0.05029218283997715,EVALUATED,-0.05206287551672473,valid,2.0,0.0,10.0,0.8888773817284643,0.8464576277652289,0.0,ALL,-0.5277683565904145,glm,0.7635701842014362,0.7281960446491225,new,10.0,0.0416427325081102,0.399625836098627,,-0.027664979869659323,1.0,10.0,glm/ALL/train_2014/M1/run_01,1.452101740160687,0.0,2015.0,62544.0,2014.0,0.26897861334196943,0.0
M1,0.8156330597181609,0.8250169640333049,0.7862241005942479,-0.4855662889038692,1.5910951747821322,0.0,0.04644336588298614,-0.5242151354493627,0.8714603299162911,0.8300370781554771,1.573525384595757,0.0,0.8156330597181609,0.7773668631388586,-0.48637430832188433,1.579605962188487,0.007141741652660086,-0.06365882805343426,-0.5302025176004516,0.7519742316647267,0.7172372313783748,1.4345773799759456,0.09420693756979731,0.806305961400555,0.7685616232324468,-0.4871740404893342,1.5680514825973562,0.01424719401360145,-0.1638671053881302,-0.5360362471704225,0.6424388560124248,0.6135899027794742,1.2973830311266914,0.18225452329639996,0.8203781972116122,0.7818458860123578,-0.48598529749515507,1.5853788419413817,0.0035759877583457964,-0.009699096922857864,-0.5271770317862712,0.8106791002887543,0.7726902832770901,1.5040721274880906,0.04791556529095299,EVALUATED,-0.06365882805343426,valid,4.0,0.0,10.0,0.8714603299162911,0.8300370781554771,0.0,ALL,-0.5302025176004516,deepseek,0.7519742316647267,0.7172372313783748,new,10.0,0.036683504351692486,0.27733690087345986,,-0.03383073748449095,1.0,10.0,deepseek/ALL/train_2014/M1/run_01,1.4345773799759456,0.0,2015.0,65869.0,2014.0,0.2559446981962998,0.0
M2,0.8156330597181609,0.8250169640333049,0.7862241005942479,-0.4855662889038692,1.5910951747821322,0.0,0.6678002044804052,-0.45490185124188154,1.4928171685137102,1.4128088203790794,2.1794633219477904,0.0,0.8156330597181609,0.7773668631388586,-0.48637430832188433,1.579605962188487,0.007141741652660086,0.5542519330432751,-0.45603150405290127,1.369884992761436,1.2979689381594066,2.0745295432287367,0.08388223701024682,0.806305961400555,0.7685616232324468,-0.4871740404893342,1.5680514825973562,0.01424719401360145,0.44474584876042367,-0.45716728845776167,1.2510518101609787,1.1867558384465213,1.9671838061430766,0.1631573873540973,0.8203781972116122,0.7818458860123578,-0.48598529749515507,1.5853788419413817,0.0035759877583457964,0.609465265706107,-0.4554600958994295,1.4298434629177192,1.354006418367284,2.126494849388088,0.0425252894286798,EVALUATED,0.5542519330432751,valid,5.0,0.0,10.0,1.4928171685137102,1.4128088203790794,0.0,ALL,-0.45603150405290127,glm,1.369884992761436,1.2979689381594066,new,10.0,0.10488795734491069,0.7737373267128659,,0.2929063694262626,1.0,10.0,glm/ALL/train_2014/M2/run_01,2.0745295432287367,0.0,2015.0,86875.0,2014.0,0.20431439542253246,0.0
M2,0.8156330597181609,0.8250169640333049,0.7862241005942479,-0.4855662889038692,1.5910951747821322,0.0,0.17484686360015345,-0.5201905629681587,0.9998638276334584,0.950969185566678,1.7283304208345387,0.0,0.8156330597181609,0.7773668631388586,-0.48637430832188433,1.579605962188487,0.007141741652660086,0.06625514464693794,-0.5264451598744555,0.8818882043650988,0.8398689828002659,1.5992126202579473,0.09165372373893825,0.806305961400555,0.7685616232324468,-0.4871740404893342,1.5680514825973562,0.01424719401360145,-0.03594643167952216,-0.5329852253216283,0.7703595297210328,0.7346111543226146,1.4681426423418718,0.17765121449130694,0.8203781972116122,0.7818458860123578,-0.48598529749515507,1.5853788419413817,0.0035759877583457964,0.11922492597792766,-0.5233738966950009,0.9396031231895399,0.8942505191262511,1.6634648046768163,0.04655604246886674,EVALUATED,0.06625514464693794,valid,2.0,0.0,10.0,0.9998638276334584,0.950969185566678,0.0,ALL,-0.5264451598744555,deepseek,0.8818882043650988,0.8398689828002659,new,10.0,0.07173939259388962,0.5572192333353386,,0.03516557046136648,1.0,10.0,deepseek/ALL/train_2014/M2/run_01,1.5992126202579473,0.0,2015.0,87399.0,2014.0,0.24247524708626975,0.0
M3,0.8156330597181609,0.8250169640333049,0.7862241005942479,-0.4855662889038692,1.5910951747821322,0.0,0.31734486757593494,-0.49587791501097833,1.1423618316092399,1.0848519564899095,1.87216190116519,0.0,0.8156330597181609,0.7773668631388586,-0.48637430832188433,1.579605962188487,0.007141741652660086,0.1852041910817983,-0.5030611055222773,1.0008372507999592,0.9518848864249065,1.7277917971867103,0.10510379906536635,0.806305961400555,0.7685616232324468,-0.4871740404893342,1.5680514825973562,0.01424719401360145,0.06636803969448657,-0.5099403885292944,0.8726740010950416,0.8311814864758851,1.5869229377552005,0.20297035442999684,0.8203781972116122,0.7818458860123578,-0.48598529749515507,1.5853788419413817,0.0035759877583457964,0.24946601179542283,-0.4995235790056287,1.069844209007035,1.016759776090141,1.7994511546664085,0.053515733989089195,EVALUATED,0.1852041910817983,valid,4.0,0.0,10.0,1.1423618316092399,1.0848519564899095,0.0,ALL,-0.5030611055222773,glm,1.0008372507999592,0.9518848864249065,new,19.0,0.0800075095454592,0.5722251289677468,,0.09818908347252875,1.0,19.0,glm/ALL/train_2014/M3/run_01,1.7277917971867103,9.0,2015.0,112459.0,2014.0,0.268248416808033,0.0
M3,,,,,,,,,,,,,,,,,,,,,,,,,,,,,,,,,,,,,,,,,,,,,,MISSING,,failed,,0.0,5.0,,,0.0,ALL,,deepseek,,,new,19.0,,,摘要格式不合规,,1.0,10.0,deepseek/ALL/train_2014/M3/run_01,,5.0,2015.0,56314.0,2014.0,,0.0
M2,,,,,,,,,,,,,,,,,,,,,,,,,,,,,,,,,,,,,,,,,,,,,,MISSING,,failed,,1.0,10.0,,,0.0,ALL,,glm,,,new,10.0,,,历史服务异常（见审计说明）,,1.0,10.0,glm/ALL/train_2015/M2/run_01,,0.0,2016.0,76986.0,2015.0,,1.0
M2,0.052314188079194635,0.05603558561379085,0.05398126318770813,-0.2653991793630962,0.33295977195678533,0.0,0.17776477701366367,-0.22933963253244505,0.23380036262745452,0.22457713843113902,0.8114344921706064,0.0,0.052314188079194635,0.05039952780456103,-0.2656559316334033,0.3217453321160684,0.0032736501145092575,0.12475958911011675,-0.23160363637316772,0.1770737771893114,0.17024011568509345,0.6667673055412989,0.04979455814107129,0.04859545798401421,0.04681990783794654,-0.2659280388989852,0.3104935123940469,0.006535717435244459,0.07380649005750595,-0.2339760873034401,0.12240194804152016,0.11778273436003284,0.5202995595953577,0.09715502452809244,0.05416654931350928,0.052182427312303936,-0.2655281281788118,0.32733318160529024,0.0016382263727107121,0.15084924114952103,-0.2304722679561726,0.2050157904630303,0.19701650897599055,0.7389149218619752,0.025203163019237026,EVALUATED,0.12475958911011675,valid,12.0,0.0,10.0,0.23380036262745452,0.22457713843113902,0.0,ALL,-0.23160363637316772,deepseek,0.1770737771893114,0.17024011568509345,new,10.0,0.08837896044181295,0.6627389318008841,,0.11409048148661216,1.0,10.0,deepseek/ALL/train_2015/M2/run_01,0.6667673055412989,0.0,2016.0,91282.0,2015.0,0.1880952343551621,0.0
M3,,,,,,,,,,,,,,,,,,,,,,,,,,,,,,,,,,,,,,,,,,,,,,MISSING,,failed,,1.0,7.0,,,0.0,ALL,,glm,,,new,19.0,,,历史服务异常（见审计说明）,,1.0,14.0,glm/ALL/train_2015/M3/run_01,,7.0,2016.0,78689.0,2015.0,,1.0
M3,,,,,,,,,,,,,,,,,,,,,,,,,,,,,,,,,,,,,,,,,,,,,,MISSING,,failed,,0.0,4.0,,,0.0,ALL,,deepseek,,,new,19.0,,,摘要格式不合规,,1.0,8.0,deepseek/ALL/train_2015/M3/run_01,,4.0,2016.0,45062.0,2015.0,,0.0
M0,,,,,,,,,,,,,,,,,,,,,,,,,,,,,,,,,,,,,,,,,,,,,,MISSING,,failed,,1.0,8.0,,,0.0,ALL,,glm,,,new,10.0,,,历史服务异常（见审计说明）,,1.0,8.0,glm/ALL/train_2015/M0/run_01,,0.0,2016.0,27038.0,2015.0,,1.0
M0,0.052314188079194635,0.05603558561379085,0.05398126318770813,-0.2653991793630962,0.33295977195678533,0.0,0.19161734025269994,-0.23384081004010238,0.2476529258664908,0.2378324634914264,0.8320050879892499,0.0,0.052314188079194635,0.05039952780456103,-0.2656559316334033,0.3217453321160684,0.0032736501145092575,0.13599532207996745,-0.23618577987674982,0.18830951015916209,0.1810098415247603,0.686257503262292,0.05205511717662528,0.04859545798401421,0.04681990783794654,-0.2659280388989852,0.3104935123940469,0.006535717435244459,0.08356666561572745,-0.23851261349854658,0.13216212359974167,0.1271541479659244,0.5412436248356743,0.10153018632980258,0.05416654931350928,0.052182427312303936,-0.2655281281788118,0.32733318160529024,0.0016382263727107121,0.16337528464857565,-0.23501983923272918,0.21754183396208493,0.20901279233883652,0.7589794904472362,0.026358589327559117,EVALUATED,0.13599532207996745,valid,10.0,0.0,10.0,0.2476529258664908,0.2378324634914264,0.0,ALL,-0.23618577987674982,deepseek,0.18830951015916209,0.1810098415247603,new,10.0,0.10221031239119148,0.7069681556566829,,0.12434346195222279,1.0,10.0,deepseek/ALL/train_2015/M0/run_01,0.686257503262292,0.0,2016.0,41928.0,2015.0,0.19250206336984566,0.0
M1,,,,,,,,,,,,,,,,,,,,,,,,,,,,,,,,,,,,,,,,,,,,,,MISSING,,failed,,1.0,7.0,,,0.0,ALL,,glm,,,new,10.0,,,历史服务异常（见审计说明）,,1.0,7.0,glm/ALL/train_2015/M1/run_01,,0.0,2016.0,37479.0,2015.0,,1.0
M1,0.052314188079194635,0.05603558561379085,0.05398126318770813,-0.2653991793630962,0.33295977195678533,0.0,0.227822512373826,-0.23936404654093668,0.28385809798761685,0.27245202366062404,0.923078634965997,0.0,0.052314188079194635,0.05039952780456103,-0.2656559316334033,0.3217453321160684,0.0032736501145092575,0.16575106117407135,-0.2419400954213473,0.21806524925326598,0.20951397473627842,0.764088872436098,0.055952450656900674,0.04859545798401421,0.04681990783794654,-0.2659280388989852,0.3104935123940469,0.006535717435244459,0.10778824059985626,-0.24449795657015905,0.15638369858387047,0.15039853341964338,0.6069668247381921,0.10893885173926914,0.05416654931350928,0.052182427312303936,-0.2655281281788118,0.32733318160529024,0.0016382263727107121,0.19629791085741544,-0.24065452172945456,0.2504644601709247,0.24052213805403944,0.8434502563093703,0.028355853797615106,EVALUATED,0.16575106117407135,valid,9.0,0.0,10.0,0.28385809798761685,0.27245202366062404,0.0,ALL,-0.2419400954213473,deepseek,0.21806524925326598,0.20951397473627842,new,10.0,0.0999513702336562,0.7181551194810767,,0.1514799299884324,1.0,10.0,deepseek/ALL/train_2015/M1/run_01,0.764088872436098,0.0,2016.0,67853.0,2015.0,0.2068021079704871,0.0
M3,0.1399222343553146,0.14415162582034569,0.13866214498630547,-0.2809240376694757,0.5830207488702139,0.0,0.14928198245094393,-0.27061101728419723,0.2934336082712896,0.28160230304728184,0.9401296805424101,0.0,0.1399222343553146,0.1346031022745715,-0.28116325445315693,0.5715249606934846,0.0034766975931687883,0.10226327511567757,-0.2726633450272907,0.24218550947099216,0.23260139992429507,0.819840946418978,0.04368191834712657,0.13570822053418974,0.13055828287261773,-0.28140255194399943,0.5600211610563735,0.006941122938168017,0.05721108580488776,-0.2747360749197343,0.1929193063390775,0.18542739031268107,0.6989651613514768,0.0854811902585592,0.1420354222294944,0.1366312436125543,-0.2810436374080565,0.5772750134664567,0.0017398869815654111,0.12552922626829832,-0.27163784453138984,0.2675646484977927,0.25687652326328125,0.8800814562925084,0.022080826408006536,EVALUATED,0.10226327511567757,valid,12.0,0.0,10.0,0.2934336082712896,0.28160230304728184,0.0,C26,-0.2726633450272907,deepseek,0.24218550947099216,0.23260139992429507,new,19.0,0.09811009386122353,0.6559915946491606,,0.08637231596957884,1.0,19.0,deepseek/C26/train_2015/M3/run_01,0.819840946418978,9.0,2016.0,118996.0,2015.0,0.16698418813249902,0.0
M3,,,,,,,,,,,,,,,,,,,,,,,,,,,,,,,,,,,,,,,,,,,,,,MISSING,,failed,,1.0,1.0,,,0.0,C26,,glm,,,new,19.0,,,历史服务异常（见审计说明）,,1.0,1.0,glm/C26/train_2015/M3/run_01,,0.0,2016.0,,2015.0,,1.0
M0,0.1399222343553146,0.14415162582034569,0.13866214498630547,-0.2809240376694757,0.5830207488702139,0.0,0.06722918024898039,-0.26820160370483115,0.21138080606932608,0.20311288457847132,0.7440098172906903,0.0,0.1399222343553146,0.1346031022745715,-0.28116325445315693,0.5715249606934846,0.0034766975931687883,0.004775816094786833,-0.2709809423109818,0.14469805045010142,0.13918652194086678,0.5746828970258291,0.05713919706048242,0.13570822053418974,0.13055828287261773,-0.28140255194399943,0.5600211610563735,0.006941122938168017,-0.05380755690588446,-0.27376975442919227,0.08190066362830528,0.07886327327657039,0.4056690294537054,0.11102007722251182,0.1420354222294944,0.1366312436125543,-0.2810436374080565,0.5772750134664567,0.0017398869815654111,0.035444442045186264,-0.26959269437385847,0.17747986427468065,0.17062942386825197,0.6591756658416299,0.028988180674052032,EVALUATED,0.004775816094786833,valid,5.0,0.0,10.0,0.21138080606932608,0.20311288457847132,0.0,C26,-0.2709809423109818,deepseek,0.14469805045010142,0.13918652194086678,new,10.0,0.05777739985314885,0.4041575933886007,,0.004039667842531625,1.0,10.0,deepseek/C26/train_2015/M0/run_01,0.5746828970258291,0.0,2016.0,42549.0,2015.0,0.22639827190358927,0.0
M0,,,,,,,,,,,,,,,,,,,,,,,,,,,,,,,,,,,,,,,,,,,,,,MISSING,,failed,,1.0,1.0,,,0.0,C26,,glm,,,new,10.0,,,历史服务异常（见审计说明）,,1.0,1.0,glm/C26/train_2015/M0/run_01,,0.0,2016.0,,2015.0,,1.0
M1,0.1399222343553146,0.14415162582034569,0.13866214498630547,-0.2809240376694757,0.5830207488702139,0.0,0.10007911113228452,-0.26821156372829913,0.2442307369526302,0.2345583096363626,0.8345834173524322,0.0,0.1399222343553146,0.1346031022745715,-0.28116325445315693,0.5715249606934846,0.0034766975931687883,0.05213067315385467,-0.2699194368286957,0.19205290750916926,0.18459717045999158,0.7039275192772286,0.04378563444395606,0.13570822053418974,0.13055828287261773,-0.28140255194399943,0.5600211610563735,0.006941122938168017,0.006262960284730612,-0.2716343166099007,0.14197118081892035,0.13656958961333077,0.5727733495187165,0.08558686635846684,0.1420354222294944,0.1366312436125543,-0.2810436374080565,0.5772750134664567,0.0017398869815654111,0.07582955757916876,-0.2690660128062553,0.21786497980866315,0.20932221296225761,0.7693014861238641,0.022144097812407032,EVALUATED,0.05213067315385467,valid,8.0,0.0,10.0,0.2442307369526302,0.2345583096363626,0.0,C26,-0.2699194368286957,deepseek,0.19205290750916926,0.18459717045999158,new,10.0,0.08076224922337273,0.5446451372795728,,0.04406304555768936,1.0,10.0,deepseek/C26/train_2015/M1/run_01,0.7039275192772286,0.0,2016.0,66822.0,2015.0,0.1713351807984565,0.0
M1,,,,,,,,,,,,,,,,,,,,,,,,,,,,,,,,,,,,,,,,,,,,,,MISSING,,failed,,1.0,1.0,,,0.0,C26,,glm,,,new,10.0,,,历史服务异常（见审计说明）,,1.0,1.0,glm/C26/train_2015/M1/run_01,,0.0,2016.0,,2015.0,,1.0
M2,0.1399222343553146,0.14415162582034569,0.13866214498630547,-0.2809240376694757,0.5830207488702139,0.0,0.2919245947221445,-0.26404947174787674,0.4360762205424902,0.4176336360269852,1.3218376403534084,0.0,0.1399222343553146,0.1346031022745715,-0.28116325445315693,0.5715249606934846,0.0034766975931687883,0.23290573282292226,-0.2656802312013067,0.37282796717823685,0.3573794085633253,1.1775217060281455,0.048085652435601145,0.13570822053418974,0.13055828287261773,-0.28140255194399943,0.5600211610563735,0.006941122938168017,0.17715109387024075,-0.26728935136258436,0.3128593144044305,0.3001579369351459,1.0340000992055778,0.09391141930891893,0.1420354222294944,0.1366312436125543,-0.2810436374080565,0.5772750134664567,0.0017398869815654111,0.2619874643104976,-0.26487501025194604,0.40402288653999197,0.3871097465637585,1.2495706098428487,0.024335013197517057,EVALUATED,0.23290573282292226,valid,8.0,0.0,10.0,0.4360762205424902,0.4176336360269852,0.0,C26,-0.2656802312013067,deepseek,0.37282796717823685,0.3573794085633253,new,10.0,0.11412790990622557,0.9117937224998114,,0.1963473445843289,1.0,10.0,deepseek/C26/train_2015/M2/run_01,1.1775217060281455,0.0,2016.0,88568.0,2015.0,0.17697175885078154,0.0
M2,,,,,,,,,,,,,,,,,,,,,,,,,,,,,,,,,,,,,,,,,,,,,,MISSING,,failed,,1.0,1.0,,,0.0,C26,,glm,,,new,10.0,,,历史服务异常（见审计说明）,,1.0,1.0,glm/C26/train_2015/M2/run_01,,0.0,2016.0,,2015.0,,1.0
M0,,,,,,,,,,,,,,,,,,,,,,,,,,,,,,,,,,,,,,,,,,,,,,MISSING,,failed,,1.0,1.0,,,0.0,C35,,glm,,,new,10.0,,,历史服务异常（见审计说明）,,1.0,1.0,glm/C35/train_2015/M0/run_01,,0.0,2016.0,,2015.0,,1.0
M0,-0.00015245231165805784,0.003020530350287931,0.0029124973270568955,-0.2764764696170763,0.17835952077230097,0.0,0.19452616402808842,-0.25669134122127446,0.19754669437837635,0.18986118418805775,0.6707281706359791,0.0,-0.00015245231165805784,-0.00014700798647071522,-0.2764800870563098,0.16877131761282482,0.0031502627424883243,0.1317728609515929,-0.25907454269419905,0.13162040863993485,0.12663408615334704,0.5200620086255211,0.057481695534808794,-0.0027736473357082847,-0.002674721100127897,-0.27645741182861006,0.1607696908125557,0.006302643624883595,0.07212590926686513,-0.26146743306934406,0.06935226193115684,0.06679449052639796,0.3693347308184065,0.11159474698687373,0.0013884570183240186,0.0013388360878130445,-0.2764917005786791,0.17344024216000611,0.0015751447639528386,0.16272282572359265,-0.25788232155110746,0.16411128274191666,0.1578106821652887,0.5954092864571958,0.029174568239486096,EVALUATED,0.1317728609515929,valid,4.0,0.0,10.0,0.19754669437837635,0.18986118418805775,0.0,C35,-0.25907454269419905,deepseek,0.13162040863993485,0.12663408615334704,new,10.0,0.12915353646824404,0.8838225454205565,,0.12679973471350303,1.0,10.0,deepseek/C35/train_2015/M0/run_01,0.5200620086255211,0.0,2016.0,41533.0,2015.0,0.22805345155023013,0.0
M1,,,,,,,,,,,,,,,,,,,,,,,,,,,,,,,,,,,,,,,,,,,,,,MISSING,,failed,,1.0,1.0,,,0.0,C35,,glm,,,new,10.0,,,历史服务异常（见审计说明）,,1.0,1.0,glm/C35/train_2015/M1/run_01,,0.0,2016.0,,2015.0,,1.0
M1,-0.00015245231165805784,0.003020530350287931,0.0029124973270568955,-0.2764764696170763,0.17835952077230097,0.0,0.18211420818018365,-0.23488502152275748,0.18513473853047158,0.17796711510561702,0.6684562324486638,0.0,-0.00015245231165805784,-0.00014700798647071522,-0.2764800870563098,0.16877131761282482,0.0031502627424883243,0.1263344118591534,-0.23762799279461655,0.12618195954749534,0.12141252646229583,0.5201836932121515,0.05257055797938519,-0.0027736473357082847,-0.002674721100127897,-0.27645741182861006,0.1607696908125557,0.006302643624883595,0.07307122200087779,-0.24035764954050542,0.0702975746651695,0.06770384741083402,0.37223954512096746,0.10238140328056718,0.0013884570183240186,0.0013388360878130445,-0.2764917005786791,0.17344024216000611,0.0015751447639528386,0.1538801695485601,-0.23625817626111068,0.15526862656688412,0.14932883220434712,0.5943006829239483,0.026640032006554275,EVALUATED,0.1263344118591534,valid,7.0,0.0,10.0,0.18513473853047158,0.17796711510561702,0.0,C35,-0.23762799279461655,deepseek,0.12618195954749534,0.12141252646229583,new,10.0,0.09945155771131473,0.7024616212362019,,0.12157740729861377,1.0,10.0,deepseek/C35/train_2015/M1/run_01,0.5201836932121515,0.0,2016.0,64629.0,2015.0,0.2080889852717126,0.0
M2,,,,,,,,,,,,,,,,,,,,,,,,,,,,,,,,,,,,,,,,,,,,,,MISSING,,failed,,1.0,1.0,,,0.0,C35,,glm,,,new,10.0,,,历史服务异常（见审计说明）,,1.0,1.0,glm/C35/train_2015/M2/run_01,,0.0,2016.0,,2015.0,,1.0
M2,-0.00015245231165805784,0.003020530350287931,0.0029124973270568955,-0.2764764696170763,0.17835952077230097,0.0,0.22403581998320998,-0.2497379354704915,0.2270563503334979,0.21812196657939076,0.7796137909424127,0.0,-0.00015245231165805784,-0.00014700798647071522,-0.2764800870563098,0.16877131761282482,0.0031502627424883243,0.17257081647251638,-0.2516770207955483,0.17241836416085832,0.1657767141244597,0.6442052646775908,0.0466017150586684,-0.0027736473357082847,-0.002674721100127897,-0.27645741182861006,0.1607696908125557,0.006302643624883595,0.1230952204513327,-0.25361205136495113,0.12032157311562441,0.11578484832059655,0.5089380160194527,0.09100025107008823,0.0013884570183240186,0.0013388360878130445,-0.2764917005786791,0.17344024216000611,0.0015751447639528386,0.19804697846590602,-0.25070798581894493,0.19943543548423004,0.19167073082686814,0.7119588360566124,0.023583831859299558,EVALUATED,0.17257081647251638,valid,6.0,0.0,10.0,0.2270563503334979,0.21812196657939076,0.0,C35,-0.2516770207955483,deepseek,0.17241836416085832,0.1657767141244597,new,10.0,0.09477211283022792,0.7290707175135794,,0.1659481178095883,1.0,10.0,deepseek/C35/train_2015/M2/run_01,0.6442052646775908,0.0,2016.0,89749.0,2015.0,0.18436010248126644,0.0
M3,,,,,,,,,,,,,,,,,,,,,,,,,,,,,,,,,,,,,,,,,,,,,,MISSING,,failed,,1.0,1.0,,,0.0,C35,,glm,,,new,19.0,,,历史服务异常（见审计说明）,,1.0,1.0,glm/C35/train_2015/M3/run_01,,0.0,2016.0,,2015.0,,1.0
M3,,,,,,,,,,,,,,,,,,,,,,,,,,,,,,,,,,,,,,,,,,,,,,MISSING,,failed,,0.0,8.0,,,0.0,C35,,deepseek,,,new,19.0,,,摘要格式不合规,,1.0,16.0,deepseek/C35/train_2015/M3/run_01,,8.0,2016.0,97183.0,2015.0,,0.0
M1,0.013971108100331753,0.017452329928515642,0.016823819007128815,-0.2831546446084072,0.22831270088172403,0.0,0.30931565145826245,-0.25851932990134985,0.3267679813867781,0.31343760727479175,0.9593448026383354,0.0,0.013971108100331753,0.013468794966954745,-0.2834207047731241,0.21859654273399282,0.0031412474778262033,0.2478503709035056,-0.2606315399419823,0.26182147900383734,0.2513847189505818,0.8224871699623836,0.05535126551105374,0.0105272827497922,0.010149406948613882,-0.2836742244132202,0.2089469993648035,0.006271957419232348,0.18961221226081415,-0.2627386691049831,0.20013949501060635,0.19234524325777191,0.6853898154741068,0.10777600324692474,0.015694760403274444,0.01513001447247242,-0.28328603166824307,0.2234128533035515,0.0015718227209058483,0.278185984471899,-0.2595760707672422,0.29388074487517346,0.282029523871824,0.8909577824196995,0.028051760583967973,EVALUATED,0.2478503709035056,valid,10.0,0.0,10.0,0.3267679813867781,0.31343760727479175,0.0,C39,-0.2606315399419823,deepseek,0.26182147900383734,0.2513847189505818,new,10.0,0.09648005167112098,0.6457001472347736,,0.23475406955315736,1.0,10.0,deepseek/C39/train_2015/M1/run_01,0.8224871699623836,0.0,2016.0,67851.0,2015.0,0.20063976665001584,0.0
M1,,,,,,,,,,,,,,,,,,,,,,,,,,,,,,,,,,,,,,,,,,,,,,MISSING,,failed,,1.0,1.0,,,0.0,C39,,glm,,,new,10.0,,,历史服务异常（见审计说明）,,1.0,1.0,glm/C39/train_2015/M1/run_01,,0.0,2016.0,,2015.0,,1.0
M2,0.013971108100331753,0.017452329928515642,0.016823819007128815,-0.2831546446084072,0.22831270088172403,0.0,0.11647880448484105,-0.25390657916719006,0.1339311344133567,0.1288523869310565,0.531889372303826,0.0,0.013971108100331753,0.013468794966954745,-0.2834207047731241,0.21859654273399282,0.0031412474778262033,0.07497287796054986,-0.25597021105000606,0.08894398606088161,0.0856351952776313,0.4191757437157297,0.041934581733273246,0.0105272827497922,0.010149406948613882,-0.2836742244132202,0.2089469993648035,0.006271957419232348,0.03522917604743081,-0.2580275585352917,0.04575645879722301,0.04408680471816129,0.3062864410934524,0.08210041258530734,0.015694760403274444,0.01513001447247242,-0.28328603166824307,0.2234128533035515,0.0015718227209058483,0.09554308595912131,-0.2549390193387022,0.11123784636239575,0.10705974440173938,0.4756367125395616,0.021193537116495815,EVALUATED,0.07497287796054986,valid,7.0,0.0,10.0,0.1339311344133567,0.1288523869310565,0.0,C39,-0.25597021105000606,deepseek,0.08894398606088161,0.0856351952776313,new,10.0,0.07212169970738318,0.4704894115797916,,0.07120732347070402,1.0,10.0,deepseek/C39/train_2015/M2/run_01,0.4191757437157297,0.0,2016.0,90988.0,2015.0,0.164634337783546,0.0
M2,,,,,,,,,,,,,,,,,,,,,,,,,,,,,,,,,,,,,,,,,,,,,,MISSING,,failed,,1.0,1.0,,,0.0,C39,,glm,,,new,10.0,,,历史服务异常（见审计说明）,,1.0,1.0,glm/C39/train_2015/M2/run_01,,0.0,2016.0,,2015.0,,1.0
M3,0.013971108100331753,0.017452329928515642,0.016823819007128815,-0.2831546446084072,0.22831270088172403,0.0,0.022600294565048307,-0.2793040927253446,0.04005262449356395,0.03859492442619317,0.29310088273280827,0.0,0.013971108100331753,0.013468794966954745,-0.2834207047731241,0.21859654273399282,0.0031412474778262033,-0.01413098218042974,-0.2808655518783144,-0.0001598740800979881,-0.00015416473167007005,0.1851989759583172,0.037914895055866704,0.0105272827497922,0.010149406948613882,-0.2836742244132202,0.2089469993648035,0.006271957419232348,-0.04916122919647492,-0.2823805635538259,-0.03863394644668272,-0.03728021369480117,0.07777646608735972,0.07435788662336704,0.015694760403274444,0.01513001447247242,-0.28328603166824307,0.2234128533035515,0.0015718227209058483,0.0040290916026615164,-0.28008796644788814,0.01972385200593596,0.019012775018708794,0.23909441486095992,0.019147217506987262,EVALUATED,-0.01413098218042974,valid,12.0,0.0,10.0,0.04005262449356395,0.03859492442619317,0.0,C39,-0.2808655518783144,deepseek,-0.0001598740800979881,-0.00015416473167007005,new,19.0,0.06658130953329579,0.4584001422359601,,-0.013441913324098942,1.0,19.0,deepseek/C39/train_2015/M3/run_01,0.1851989759583172,9.0,2016.0,118072.0,2015.0,0.15632512774730536,0.0
M3,,,,,,,,,,,,,,,,,,,,,,,,,,,,,,,,,,,,,,,,,,,,,,MISSING,,failed,,1.0,1.0,,,0.0,C39,,glm,,,new,19.0,,,历史服务异常（见审计说明）,,1.0,1.0,glm/C39/train_2015/M3/run_01,,0.0,2016.0,,2015.0,,1.0
M0,0.013971108100331753,0.017452329928515642,0.016823819007128815,-0.2831546446084072,0.22831270088172403,0.0,0.17730162880780553,-0.24654618566350472,0.19475395873632118,0.18718536045602452,0.6710358981905992,0.0,0.013971108100331753,0.013468794966954745,-0.2834207047731241,0.21859654273399282,0.0031412474778262033,0.12682752721337365,-0.24829382818338208,0.1407986353137054,0.13544424822361578,0.54515799932967,0.04909013866405235,0.0105272827497922,0.010149406948613882,-0.2836742244132202,0.2089469993648035,0.006271957419232348,0.07880174231978909,-0.25004022322168484,0.08932902506958129,0.08600535238704943,0.41917792115057195,0.09584970912160744,0.015694760403274444,0.01513001447247242,-0.28328603166824307,0.2234128533035515,0.0015718227209058483,0.15176372251479608,-0.24742016292888636,0.16745848291807053,0.16102070553942216,0.6081168178233303,0.02484214723597744,EVALUATED,0.12682752721337365,valid,7.0,0.0,10.0,0.19475395873632118,0.18718536045602452,0.0,C39,-0.24829382818338208,deepseek,0.1407986353137054,0.13544424822361578,new,10.0,0.10998888987875771,0.7408347553445055,,0.12035442419382836,1.0,10.0,deepseek/C39/train_2015/M0/run_01,0.54515799932967,0.0,2016.0,41343.0,2015.0,0.1830173235383732,0.0
M0,,,,,,,,,,,,,,,,,,,,,,,,,,,,,,,,,,,,,,,,,,,,,,MISSING,,failed,,1.0,1.0,,,0.0,C39,,glm,,,new,10.0,,,历史服务异常（见审计说明）,,1.0,1.0,glm/C39/train_2015/M0/run_01,,0.0,2016.0,,2015.0,,1.0
M3,,,,,,,,,,,,,,,,,,,,,,,,,,,,,,,,,,,,,,,,,,,,,,MISSING,,failed,,0.0,9.0,,,0.0,ALL,,deepseek,,,reused,19.0,,,原始记录保留,,1.0,18.0,deepseek/ALL/train_2016/M3/run_01,,9.0,2017.0,104906.0,2016.0,,0.0
M3,-0.15644647325265082,-0.15380505637003616,-0.1487428595675203,-0.17903929845137512,-0.9731707659453399,0.0,0.03736701879745097,-0.204214467470912,-0.1164380375725852,-0.11252297704831205,-0.586584757843617,0.0,-0.15644647325265082,-0.15130532052894918,-0.18030791254374035,-0.9934595974597322,0.0028581218454842277,0.014483727221212273,-0.20875607214283298,-0.14196274603143855,-0.13725803179531026,-0.7479602361885673,0.026578871630163193,-0.15908289590805302,-0.1538632223170292,-0.1815759815632353,-1.0136779605651176,0.005708613080751825,-0.007750882554618532,-0.2132891673086721,-0.16683377846267156,-0.16138492182790942,-0.9094800086605445,0.05242851338227134,-0.15513155585010707,-0.15002967222007102,-0.17967616517799,-0.9833746651058128,0.0014299897783285917,0.02583745058215825,-0.2064881734452445,-0.12929410526794882,-0.12497808188895598,-0.6673182569315642,0.013381910906560822,EVALUATED,0.014483727221212273,valid,10.0,0.0,10.0,-0.1164380375725852,-0.11252297704831205,0.0,ALL,-0.20875607214283298,glm,-0.14196274603143855,-0.13725803179531026,reused,19.0,0.04306748118610196,0.279530923876414,,0.01655163991648201,1.0,19.0,glm/ALL/train_2016/M3/run_01,-0.7479602361885673,9.0,2017.0,110604.0,2016.0,0.11830079779013954,0.0
M0,-0.15644647325265082,-0.15380505637003616,-0.1487428595675203,-0.17903929845137512,-0.9731707659453399,0.0,0.04970643811056852,-0.1856975395922419,-0.10409861825946765,-0.10057449430094834,-0.5426049488689002,0.0,-0.15644647325265082,-0.15130532052894918,-0.18030791254374035,-0.9934595974597322,0.0028581218454842277,0.020333360531320732,-0.1921703658018693,-0.1361131127213301,-0.1315870741223646,-0.7519744074168538,0.032770506555078335,-0.15908289590805302,-0.1538632223170292,-0.1815759815632353,-1.0136779605651176,0.005708613080751825,-0.00826001397042675,-0.19907582137493962,-0.16734290987847977,-0.1618790861435171,-0.9633846140104901,0.06438059960460046,-0.15513155585010707,-0.15002967222007102,-0.17967616517799,-0.9833746651058128,0.0014299897783285917,0.03485938120590992,-0.18868394837974545,-0.12027217464419715,-0.11623685114746496,-0.6474651539385461,0.01653352645963204,EVALUATED,0.020333360531320732,valid,7.0,0.0,10.0,-0.10409861825946765,-0.10057449430094834,0.0,ALL,-0.1921703658018693,deepseek,-0.1361131127213301,-0.1315870741223646,reused,10.0,0.066900420498268,0.5050228535151872,,0.023233616144352487,1.0,10.0,deepseek/ALL/train_2016/M0/run_01,-0.7519744074168538,0.0,2017.0,41651.0,2016.0,0.14506402791658538,0.0
M0,-0.15644647325265082,-0.15380505637003616,-0.1487428595675203,-0.17903929845137512,-0.9731707659453399,0.0,0.0556301353150489,-0.18778162139655052,-0.09817492105498726,-0.09484056396273077,-0.4942981079903615,0.0,-0.15644647325265082,-0.15130532052894918,-0.18030791254374035,-0.9934595974597322,0.0028581218454842277,0.0237711425729058,-0.1936641725818492,-0.13267533067974502,-0.12825493866366489,-0.7153777248299104,0.034421897517847466,-0.15908289590805302,-0.1538632223170292,-0.1815759815632353,-1.0136779605651176,0.005708613080751825,-0.006567257680643035,-0.20352050814588374,-0.16565015358869606,-0.1602361340237084,-0.9346722285971122,0.06754631725618236,-0.15513155585010707,-0.15002967222007102,-0.17967616517799,-0.9833746651058128,0.0014299897783285917,0.03952690347576038,-0.19073789928376272,-0.1156046523743467,-0.11171580835383677,-0.6049293790502944,0.017377731547472054,EVALUATED,0.0237711425729058,valid,9.0,0.0,10.0,-0.09817492105498726,-0.09484056396273077,0.0,ALL,-0.1936641725818492,glm,-0.13267533067974502,-0.12825493866366489,reused,10.0,0.06490760847044322,0.4701712425501451,,0.027159804842479263,1.0,10.0,glm/ALL/train_2016/M0/run_01,-0.7153777248299104,0.0,2017.0,38895.0,2016.0,0.1531102489226335,0.0
M1,-0.15644647325265082,-0.15380505637003616,-0.1487428595675203,-0.17903929845137512,-0.9731707659453399,0.0,0.0533299883357119,-0.18936341915874233,-0.10047506803432427,-0.09706686502209372,-0.5047671859775289,0.0,-0.15644647325265082,-0.15130532052894918,-0.18030791254374035,-0.9934595974597322,0.0028581218454842277,0.023843536240490626,-0.19568734743488325,-0.1326029370121602,-0.12818477480561552,-0.7096278444959895,0.0329884075582933,-0.15908289590805302,-0.1538632223170292,-0.1815759815632353,-1.0136779605651176,0.005708613080751825,-0.004504834932608448,-0.2020953024170391,-0.16358773084066147,-0.1582345525990314,-0.9141792969168651,0.0648412746118434,-0.15513155585010707,-0.15002967222007102,-0.17967616517799,-0.9833746651058128,0.0014299897783285917,0.038438105558930236,-0.1924865942980678,-0.11669345029117684,-0.11277036047519717,-0.6073096485691836,0.016638315557026356,EVALUATED,0.023843536240490626,valid,6.0,0.0,10.0,-0.10047506803432427,-0.09706686502209372,0.0,ALL,-0.19568734743488325,deepseek,-0.1326029370121602,-0.12818477480561552,reused,10.0,0.05304735943891318,0.361627040858254,,0.02724247751587594,1.0,10.0,deepseek/ALL/train_2016/M1/run_01,-0.7096278444959895,0.0,2017.0,65223.0,2016.0,0.14543547700311785,0.0
M1,-0.15644647325265082,-0.15380505637003616,-0.1487428595675203,-0.17903929845137512,-0.9731707659453399,0.0,-0.008846501627917558,-0.21327654276708352,-0.16265155799795372,-0.15732605497757057,-0.8282091965995941,0.0,-0.15644647325265082,-0.15130532052894918,-0.18030791254374035,-0.9934595974597322,0.0028581218454842277,-0.0427176381950527,-0.2261432120291298,-0.19916411144770352,-0.192786528198015,-1.0621022078404923,0.03935754778541843,-0.15908289590805302,-0.1538632223170292,-0.1815759815632353,-1.0136779605651176,0.005708613080751825,-0.07561041174342875,-0.25302013930849276,-0.23469330765148178,-0.22734744892924508,-1.2992535640795908,0.07702594622880343,-0.15513155585010707,-0.15002967222007102,-0.17967616517799,-0.9833746651058128,0.0014299897783285917,-0.025911761221117602,-0.21733661764225665,-0.18104331707122467,-0.17518081274142738,-0.9447439345498126,0.019892252828994393,EVALUATED,-0.0427176381950527,valid,7.0,0.0,10.0,-0.16265155799795372,-0.15732605497757057,0.0,ALL,-0.2261432120291298,glm,-0.19916411144770352,-0.192786528198015,reused,10.0,0.0366761973229004,0.2360222915549114,,-0.04887647898879133,1.0,10.0,glm/ALL/train_2016/M1/run_01,-1.0621022078404923,0.0,2017.0,62275.0,2016.0,0.1795919905480809,0.0
M2,-0.15644647325265082,-0.15380505637003616,-0.1487428595675203,-0.17903929845137512,-0.9731707659453399,0.0,0.056831072553321316,-0.1845865682426785,-0.09697398381671485,-0.09367826327130946,-0.5220393398460107,0.0,-0.15644647325265082,-0.15130532052894918,-0.18030791254374035,-0.9934595974597322,0.0028581218454842277,0.02867553526496247,-0.190107326925267,-0.12777093798768835,-0.12350207894734333,-0.7288804561545046,0.03132912703136676,-0.15908289590805302,-0.1538632223170292,-0.1815759815632353,-1.0136779605651176,0.005708613080751825,0.001324260001468125,-0.1955320213781886,-0.1577586359065849,-0.15257836715319228,-0.936910359853606,0.0616167193944906,-0.15513155585010707,-0.15002967222007102,-0.17967616517799,-0.9833746651058128,0.0014299897783285917,0.0426109966690601,-0.18735021966846255,-0.11252055918104698,-0.10872897015530059,-0.6256133488180565,0.015794717696354876,EVALUATED,0.02867553526496247,valid,4.0,0.0,10.0,-0.09697398381671485,-0.09367826327130946,0.0,ALL,-0.190107326925267,deepseek,-0.12777093798768835,-0.12350207894734333,reused,10.0,0.05268366984337072,0.3898180988098348,,0.03276000457424133,1.0,10.0,deepseek/ALL/train_2016/M2/run_01,-0.7288804561545046,0.0,2017.0,87796.0,2016.0,0.13832474290692653,0.0
M2,-0.15644647325265082,-0.15380505637003616,-0.1487428595675203,-0.17903929845137512,-0.9731707659453399,0.0,0.03946772737025417,-0.191203835675667,-0.114337328999782,-0.11048840429793172,-0.6017668350549346,0.0,-0.15644647325265082,-0.15130532052894918,-0.18030791254374035,-0.9934595974597322,0.0028581218454842277,0.013275945788863486,-0.1964422543521287,-0.14317052746378733,-0.13842909351212573,-0.7901069725304654,0.02933223299553077,-0.15908289590805302,-0.1538632223170292,-0.1815759815632353,-1.0136779605651176,0.005708613080751825,-0.012082277259891416,-0.20471878033256463,-0.17116517316794444,-0.1655893302225233,-0.9783964267410753,0.057765735477641265,-0.15513155585010707,-0.15002967222007102,-0.17967616517799,-0.9833746651058128,0.0014299897783285917,0.02628156536998949,-0.1938243890513517,-0.12884999048011758,-0.12454770944234972,-0.695872973284063,0.014780700870812593,EVALUATED,0.013275945788863486,valid,6.0,0.0,10.0,-0.114337328999782,-0.11048840429793172,0.0,ALL,-0.1964422543521287,glm,-0.14317052746378733,-0.13842909351212573,reused,10.0,0.05448213284937388,0.4191041140421102,,0.01517180127115747,1.0,10.0,glm/ALL/train_2016/M2/run_01,-0.7901069725304654,0.0,2017.0,83360.0,2016.0,0.13143573679580678,0.0
M0,-0.14866823626810255,-0.146142216717693,-0.14131068679966785,-0.2004749034672758,-0.8125974957554288,0.0,0.06149501840572591,-0.20707563917664018,-0.0846471983119671,-0.08175123291600661,-0.4143280500047415,0.0,-0.14866823626810255,-0.14376040383568245,-0.20102555030897562,-0.8300214836817056,0.002749727510865094,0.032191738312682516,-0.21221998711786572,-0.11647649795542003,-0.11256022820649592,-0.6168388523650137,0.0320158755276881,-0.1511869019915847,-0.14620324765449322,-0.20157681897899327,-0.8474288485192442,0.005493716939771621,0.003969909512957948,-0.21737749447252785,-0.14721699247862674,-0.14235296553770072,-0.8194331861612875,0.06291163065957786,-0.14740681826158586,-0.1425370566031653,-0.20075006523823413,-0.8213161327204975,0.0013756031319733654,0.046700078437103554,-0.20965406104821027,-0.1007067398244823,-0.09729111028133375,-0.5155829392637302,0.016149571785900405,EVALUATED,0.032191738312682516,valid,4.0,0.0,10.0,-0.0846471983119671,-0.08175123291600661,0.0,C26,-0.21221998711786572,glm,-0.11647649795542003,-0.11256022820649592,reused,10.0,0.06755107587374361,0.4802117627878184,,0.03643860406474242,1.0,10.0,glm/C26/train_2016/M0/run_01,-0.6168388523650137,0.0,2017.0,38922.0,2016.0,0.14197798360402478,0.0
M0,-0.14866823626810255,-0.146142216717693,-0.14131068679966785,-0.2004749034672758,-0.8125974957554288,0.0,-0.0049016619485283686,-0.22428036018064956,-0.15104387866622138,-0.14606452297710537,-0.6865858235817276,0.0,-0.14866823626810255,-0.14376040383568245,-0.20102555030897562,-0.8300214836817056,0.002749727510865094,-0.03714542971712442,-0.23673016402805136,-0.18581366598522697,-0.17981420388933167,-0.8892563914906811,0.036360347119608324,-0.1511869019915847,-0.14620324765449322,-0.20157681897899327,-0.8474288485192442,0.005493716939771621,-0.067768871562638,-0.24891349221184833,-0.2189557735542227,-0.21203189307551518,-1.0900547623715044,0.07127945640092792,-0.14740681826158586,-0.1425370566031653,-0.20075006523823413,-0.8213161327204975,0.0013756031319733654,-0.02121645382586801,-0.23052906321585953,-0.16862327208745387,-0.16312185684058966,-0.7880415003059117,0.018364397043397405,EVALUATED,-0.03714542971712442,valid,7.0,0.0,10.0,-0.15104387866622138,-0.14606452297710537,0.0,C26,-0.23673016402805136,deepseek,-0.18581366598522697,-0.17981420388933167,reused,10.0,0.045505496885371775,0.26109887347871935,,-0.04210713942120736,1.0,10.0,deepseek/C26/train_2016/M0/run_01,-0.8892563914906811,0.0,2017.0,40934.0,2016.0,0.1669735842627353,0.0
M1,-0.14866823626810255,-0.146142216717693,-0.14131068679966785,-0.2004749034672758,-0.8125974957554288,0.0,0.03993706224830729,-0.19459249333472317,-0.10620515446938572,-0.10261387311617931,-0.5386129250912121,0.0,-0.14866823626810255,-0.14376040383568245,-0.20102555030897562,-0.8300214836817056,0.002749727510865094,0.01701278880915902,-0.1999198311866467,-0.13165544745894353,-0.12726648831190013,-0.7007343811572704,0.026089680087703848,-0.1511869019915847,-0.14620324765449322,-0.20157681897899327,-0.8474288485192442,0.005493716939771621,-0.005162125899758285,-0.20921979785407896,-0.15634902789134297,-0.15121078287050127,-0.8623106351803702,0.051437824132074414,-0.14740681826158586,-0.1425370566031653,-0.20075006523823413,-0.8213161327204975,0.0013756031319733654,0.028383498159835097,-0.1972263394801319,-0.11902332010175076,-0.11502710528257931,-0.6197089015481958,0.013138907370991566,EVALUATED,0.01701278880915902,valid,3.0,0.0,10.0,-0.10620515446938572,-0.10261387311617931,0.0,C26,-0.1999198311866467,glm,-0.13165544745894353,-0.12726648831190013,reused,10.0,0.03925209472136071,0.2590366900376631,,0.019263201091925586,1.0,10.0,glm/C26/train_2016/M1/run_01,-0.7007343811572704,0.0,2017.0,61857.0,2016.0,0.11641752710557318,0.0
M1,-0.14866823626810255,-0.146142216717693,-0.14131068679966785,-0.2004749034672758,-0.8125974957554288,0.0,-0.02838821610811504,-0.2268138428265355,-0.17453043282580805,-0.16885646989136105,-0.8268004014037404,0.0,-0.14866823626810255,-0.14376040383568245,-0.20102555030897562,-0.8300214836817056,0.002749727510865094,-0.048501211641133524,-0.24162508534696403,-0.19716944790923607,-0.19084787129540814,-0.9623070330148349,0.025200001037938676,-0.1511869019915847,-0.14620324765449322,-0.20157681897899327,-0.8474288485192442,0.005493716939771621,-0.06799899560313893,-0.25614429962457874,-0.21918589759472362,-0.21225576674722257,-1.0975303414535815,0.049733021131547796,-0.14740681826158586,-0.1425370566031653,-0.20075006523823413,-0.8213161327204975,0.0013756031319733654,-0.03851768517945564,-0.2342530670155658,-0.1859245034410415,-0.17992187068113152,-0.894554948768589,0.012684743458648954,EVALUATED,-0.048501211641133524,valid,3.0,0.0,10.0,-0.17453043282580805,-0.16885646989136105,0.0,C26,-0.24162508534696403,deepseek,-0.19716944790923607,-0.19084787129540814,reused,10.0,0.019313204221413034,0.11914279803840741,,-0.054993330921231265,1.0,10.0,deepseek/C26/train_2016/M1/run_01,-0.9623070330148349,0.0,2017.0,66898.0,2016.0,0.11197152031372389,0.0
M2,-0.14866823626810255,-0.146142216717693,-0.14131068679966785,-0.2004749034672758,-0.8125974957554288,0.0,-0.0015589171229594134,-0.2179299023957817,-0.14770113384065242,-0.14282248367799955,-0.7053942050797645,0.0,-0.14866823626810255,-0.14376040383568245,-0.20102555030897562,-0.8300214836817056,0.002749727510865094,-0.01481201017845779,-0.22061285804977326,-0.16348024644656034,-0.15813024382307017,-0.7996934605294082,0.016358870001417225,-0.1511869019915847,-0.14620324765449322,-0.20157681897899327,-0.8474288485192442,0.005493716939771621,-0.02778551178630151,-0.22574750762765294,-0.1789724137778862,-0.17316966589957372,-0.8938514287131083,0.032426905163911425,-0.14740681826158586,-0.1425370566031653,-0.20075006523823413,-0.8213161327204975,0.0013756031319733654,-0.008218935500274527,-0.21927287722734523,-0.15562575376186039,-0.15050910293229625,-0.7525499762585185,0.008216533191145675,EVALUATED,-0.01481201017845779,valid,3.0,0.0,10.0,-0.14770113384065242,-0.14282248367799955,0.0,C26,-0.22061285804977326,glm,-0.16348024644656034,-0.15813024382307017,reused,10.0,0.03046741320994208,0.19924559950629828,,-0.016782498790945954,1.0,10.0,glm/C26/train_2016/M2/run_01,-0.7996934605294082,0.0,2017.0,83003.0,2016.0,0.07440341832110628,0.0
M2,-0.14866823626810255,-0.146142216717693,-0.14131068679966785,-0.2004749034672758,-0.8125974957554288,0.0,0.010475825360605429,-0.21338759195195978,-0.13566639135708758,-0.13115405423452287,-0.7265668888830957,0.0,-0.14866823626810255,-0.14376040383568245,-0.20102555030897562,-0.8300214836817056,0.002749727510865094,-0.008382614576421421,-0.21715317401895506,-0.15705085084452397,-0.15189167262034664,-0.8684183783439022,0.022901337038216577,-0.1511869019915847,-0.14620324765449322,-0.20157681897899327,-0.8474288485192442,0.005493716939771621,-0.026721874052485717,-0.22160998247821984,-0.1779087760440704,-0.1721367901566624,-1.0103089849823907,0.04522358985674471,-0.14740681826158586,-0.1425370566031653,-0.20075006523823413,-0.8213161327204975,0.0013756031319733654,0.000986292288702617,-0.21518322782601307,-0.14642052597288324,-0.14158057657158896,-0.7974522388375284,0.01152378993491598,EVALUATED,-0.008382614576421421,valid,3.0,0.0,10.0,-0.13566639135708758,-0.13115405423452287,0.0,C26,-0.21715317401895506,deepseek,-0.15705085084452397,-0.15189167262034664,reused,10.0,0.0376781101475153,0.24963041553228085,,-0.009496487689999,1.0,10.0,deepseek/C26/train_2016/M2/run_01,-0.8684183783439022,0.0,2017.0,89846.0,2016.0,0.10228237982694897,0.0
M3,,,,,,,,,,,,,,,,,,,,,,,,,,,,,,,,,,,,,,,,,,,,,,MISSING,,failed,,1.0,4.0,,,0.0,C26,,glm,,,reused,19.0,,,原始记录保留,,1.0,7.0,glm/C26/train_2016/M3/run_01,,3.0,2017.0,32235.0,2016.0,,1.0
M3,,,,,,,,,,,,,,,,,,,,,,,,,,,,,,,,,,,,,,,,,,,,,,MISSING,,failed,,0.0,1.0,,,0.0,C26,,deepseek,,,reused,19.0,,,原始记录保留,,1.0,2.0,deepseek/C26/train_2016/M3/run_01,,1.0,2017.0,9346.0,2016.0,,0.0
M1,-0.21259662271080926,-0.21020693805032142,-0.2035224242352165,-0.2369566900144402,-1.2205343825369286,0.0,0.10497926074005437,-0.16851290945876385,-0.10522767731026705,-0.10166753708035281,-0.43042853802027825,0.0,-0.21259662271080926,-0.2058463917684601,-0.2381209573574148,-1.2377857763252467,0.002720237538590307,0.06619316158628141,-0.18504636119958617,-0.14640346112452784,-0.14156402788298816,-0.6575310292846009,0.041814648766155905,-0.2149804456661909,-0.20816490977530944,-0.23928401029280566,-1.2550096381569256,0.00543342982305101,0.02917204655940775,-0.21757500682530106,-0.18580839910678315,-0.17980908769051063,-0.8848249419736852,0.08171828794566768,-0.21140245960524406,-0.20468503710873598,-0.23753892146479239,-1.2291629743038632,0.001361007111918819,0.08534136288118621,-0.17558442660424278,-0.12606109672405785,-0.12184529197403515,-0.5440136391919979,0.021152744043689692,EVALUATED,0.06619316158628141,valid,6.0,0.0,10.0,-0.10522767731026705,-0.10166753708035281,0.0,C35,-0.18504636119958617,deepseek,-0.14640346112452784,-0.14156402788298816,reused,10.0,0.04567906821203195,0.2702748624817632,,0.08094449640368562,1.0,10.0,deepseek/C35/train_2016/M1/run_01,-0.6575310292846009,0.0,2017.0,66469.0,2016.0,0.18808581355340545,0.0
M1,-0.21259662271080926,-0.21020693805032142,-0.2035224242352165,-0.2369566900144402,-1.2205343825369286,0.0,0.005257669665205689,-0.23047286380504672,-0.20494926838511573,-0.1984102251751252,-0.9811215275406678,0.0,-0.21259662271080926,-0.2058463917684601,-0.2381209573574148,-1.2377857763252467,0.002720237538590307,-0.027216877773249992,-0.2600622345150473,-0.23981350048405925,-0.23233276599553054,-1.1957235252245744,0.03788561326432364,-0.2149804456661909,-0.20816490977530944,-0.23928401029280566,-1.2550096381569256,0.00543342982305101,-0.058219240742416134,-0.29017704780204034,-0.27319968640860703,-0.2648692886634768,-1.409937234868376,0.07415745720424646,-0.21140245960524406,-0.20468503710873598,-0.23753892146479239,-1.2291629743038632,0.001361007111918819,-0.011184750052863568,-0.24540201779952053,-0.22258720965810763,-0.21556497141724307,-1.088524880601055,0.019148101564653422,EVALUATED,-0.027216877773249992,valid,5.0,0.0,10.0,-0.20494926838511573,-0.1984102251751252,0.0,C35,-0.2600622345150473,glm,-0.23981350048405925,-0.23233276599553054,reused,10.0,0.029236401226010962,0.16162279440971095,,-0.03335170167652024,1.0,10.0,glm/C35/train_2016/M1/run_01,-1.1957235252245744,0.0,2017.0,62615.0,2016.0,0.17860822675042246,0.0
M2,-0.21259662271080926,-0.21020693805032142,-0.2035224242352165,-0.2369566900144402,-1.2205343825369286,0.0,0.10741465770411807,-0.15174955270741863,-0.10279228034620336,-0.09930988912738026,-0.4505778607227073,0.0,-0.21259662271080926,-0.2058463917684601,-0.2381209573574148,-1.2377857763252467,0.002720237538590307,0.07686980755097428,-0.16384295904404633,-0.13572681515983498,-0.13121262429972302,-0.6412599072634417,0.03304621662467224,-0.2149804456661909,-0.20816490977530944,-0.23928401029280566,-1.2550096381569256,0.00543342982305101,0.047552120463679515,-0.19199443185483156,-0.16742832520251139,-0.16196199154266822,-0.8316049286637449,0.06488212651248458,-0.21140245960524406,-0.20468503710873598,-0.23753892146479239,-1.2291629743038632,0.001361007111918819,0.09197107719440689,-0.1571910326837519,-0.11943138241083717,-0.11542238211898015,-0.5460361153247089,0.016678780931114533,EVALUATED,0.07686980755097428,valid,5.0,0.0,10.0,-0.10279228034620336,-0.09930988912738026,0.0,C35,-0.16384295904404633,deepseek,-0.13572681515983498,-0.13121262429972302,reused,10.0,0.05921636386934124,0.35929440810060415,,0.09397900695173478,1.0,10.0,deepseek/C35/train_2016/M2/run_01,-0.6412599072634417,0.0,2017.0,85600.0,2016.0,0.14572836846159584,0.0
M2,-0.21259662271080926,-0.21020693805032142,-0.2035224242352165,-0.2369566900144402,-1.2205343825369286,0.0,0.06697847105507115,-0.1738711538123896,-0.14322846699525027,-0.13848527301150315,-0.6803324821114564,0.0,-0.21259662271080926,-0.2058463917684601,-0.2381209573574148,-1.2377857763252467,0.002720237538590307,0.02777201704561061,-0.2057191912132047,-0.18482460566519865,-0.17885346022333493,-0.93265708185598,0.04359480992496688,-0.2149804456661909,-0.20816490977530944,-0.23928401029280566,-1.2550096381569256,0.00543342982305101,-0.009508258491124244,-0.2413273693757334,-0.22448870415731514,-0.2174151987302324,-1.1847954676251775,0.08510420397859968,-0.21140245960524406,-0.20468503710873598,-0.23753892146479239,-1.2291629743038632,0.001361007111918819,0.04715174196058558,-0.18833451665801582,-0.16425071764465848,-0.15887796209492855,-0.8063494065393484,0.022063750069743038,EVALUATED,0.02777201704561061,valid,6.0,0.0,10.0,-0.14322846699525027,-0.13848527301150315,0.0,C35,-0.2057191912132047,glm,-0.18482460566519865,-0.17885346022333493,reused,10.0,0.0452486541931673,0.2868252332491896,,0.03398955978457918,1.0,10.0,glm/C35/train_2016/M2/run_01,-0.93265708185598,0.0,2017.0,87114.0,2016.0,0.19798157798206795,0.0
M3,-0.21259662271080926,-0.21020693805032142,-0.2035224242352165,-0.2369566900144402,-1.2205343825369286,0.0,0.09221645367404652,-0.19609929160358175,-0.1179904843762749,-0.11402665974216109,-0.5957029723352909,0.0,-0.21259662271080926,-0.2058463917684601,-0.2381209573574148,-1.2377857763252467,0.002720237538590307,0.05810221830727946,-0.20190166452223546,-0.1544944044035298,-0.1494115743677631,-0.8277028542621364,0.03728041627109145,-0.2149804456661909,-0.20816490977530944,-0.23928401029280566,-1.2550096381569256,0.00543342982305101,0.025808432994930852,-0.21624597391739653,-0.18917201267126005,-0.18307671296400074,-1.0567826017397606,0.0730174877267089,-0.21140245960524406,-0.20468503710873598,-0.23753892146479239,-1.2291629743038632,0.001361007111918819,0.0749832494083289,-0.19900991336956586,-0.13641921019691516,-0.13188378784069255,-0.7116794009947734,0.018841930261873193,EVALUATED,0.05810221830727946,valid,9.0,0.0,10.0,-0.1179904843762749,-0.11402665974216109,0.0,C35,-0.20190166452223546,deepseek,-0.1544944044035298,-0.1494115743677631,reused,19.0,0.052702734317840186,0.34429190015806416,,0.07106284831516252,1.0,19.0,deepseek/C35/train_2016/M3/run_01,-0.8277028542621364,9.0,2017.0,116611.0,2016.0,0.16576136584768875,0.0
M3,-0.21259662271080926,-0.21020693805032142,-0.2035224242352165,-0.2369566900144402,-1.2205343825369286,0.0,0.07976042951354423,-0.18265898413850867,-0.1304465085367772,-0.1260948626666597,-0.6697776146517087,0.0,-0.21259662271080926,-0.2058463917684601,-0.2381209573574148,-1.2377857763252467,0.002720237538590307,0.05059641997361908,-0.19370883918777326,-0.16200020273719018,-0.15669397653850203,-0.8719676058795587,0.03200937266393772,-0.2149804456661909,-0.20816490977530944,-0.23928401029280566,-1.2550096381569256,0.00543342982305101,0.0226545171691106,-0.2165688298308357,-0.1923259284970803,-0.1861410644778575,-1.0729368188815116,0.06289569797157704,-0.21140245960524406,-0.20468503710873598,-0.23753892146479239,-1.2291629743038632,0.001361007111918819,0.06501803773506687,-0.18820149940329167,-0.1463844218701772,-0.1415455645221131,-0.7710193922254066,0.016148740862703685,EVALUATED,0.05059641997361908,valid,12.0,0.0,10.0,-0.1304465085367772,-0.1260948626666597,0.0,C35,-0.19370883918777326,glm,-0.16200020273719018,-0.15669397653850203,reused,19.0,0.0600002437449406,0.4035322509036103,,0.06189283121109668,1.0,19.0,glm/C35/train_2016/M3/run_01,-0.8719676058795587,9.0,2017.0,112864.0,2016.0,0.14551808596984586,0.0
M0,-0.21259662271080926,-0.21020693805032142,-0.2035224242352165,-0.2369566900144402,-1.2205343825369286,0.0,0.06944894151480718,-0.20159517352695921,-0.14075799653551424,-0.13608996848458643,-0.5945374103091277,0.0,-0.21259662271080926,-0.2058463917684601,-0.2381209573574148,-1.2377857763252467,0.002720237538590307,0.03029096246561136,-0.22762022706885698,-0.1823056602451979,-0.1764068197499764,-0.8255483692509746,0.04544574356231522,-0.2149804456661909,-0.20816490977530944,-0.23928401029280566,-1.2550096381569256,0.00543342982305101,-0.006832268307079281,-0.25272999450622524,-0.22181271397327018,-0.21481140365892304,-1.0556776015793965,0.08876744401572559,-0.21140245960524406,-0.20468503710873598,-0.23753892146479239,-1.2291629743038632,0.001361007111918819,0.049650560509462593,-0.21468088138253738,-0.16175189909578147,-0.15645302604922784,-0.7098975044622001,0.02299519751441044,EVALUATED,0.03029096246561136,valid,7.0,0.0,10.0,-0.14075799653551424,-0.13608996848458643,0.0,C35,-0.22762022706885698,deepseek,-0.1823056602451979,-0.1764068197499764,reused,10.0,0.04416431715972989,0.2562866863410326,,0.03707037494174603,1.0,10.0,deepseek/C35/train_2016/M0/run_01,-0.8255483692509746,0.0,2017.0,41761.0,2016.0,0.20163521365221412,0.0
M0,-0.21259662271080926,-0.21020693805032142,-0.2035224242352165,-0.2369566900144402,-1.2205343825369286,0.0,0.034469251262435274,-0.21491697022670442,-0.17573768678788615,-0.1700286401066109,-0.8130778114156092,0.0,-0.21259662271080926,-0.2058463917684601,-0.2381209573574148,-1.2377857763252467,0.002720237538590307,0.0017904293218975464,-0.23724724109935147,-0.2108061933889117,-0.20410517623042623,-1.0209003425089074,0.03741431575556259,-0.2149804456661909,-0.20816490977530944,-0.23928401029280566,-1.2550096381569256,0.00543342982305101,-0.02938507670894175,-0.26402073634530165,-0.24436552237513265,-0.23676588570614387,-1.2279562470556868,0.07327006381549372,-0.21140245960524406,-0.20468503710873598,-0.23753892146479239,-1.2291629743038632,0.001361007111918819,0.017924234807367045,-0.22592875157110026,-0.19347822479787702,-0.1872607445920016,-0.9171352865203083,0.018906108249367004,EVALUATED,0.0017904293218975464,valid,8.0,0.0,10.0,-0.17573768678788615,-0.1700286401066109,0.0,C35,-0.23724724109935147,glm,-0.2108061933889117,-0.20410517623042623,reused,10.0,0.04901279650403369,0.28210011843084326,,0.002192542500576433,1.0,10.0,glm/C35/train_2016/M0/run_01,-1.0209003425089074,0.0,2017.0,39204.0,2016.0,0.1696067997872677,0.0
M2,-0.11925420892058292,-0.1164802728599118,-0.11256388442814591,-0.19853848652417294,-0.5529374039973611,0.0,0.019534643039992083,-0.2206900228078149,-0.09694562981991972,-0.0936508221465231,-0.3481993123014648,0.0,-0.11925420892058292,-0.11525075905309612,-0.19887469433286642,-0.5697573850003812,0.0030145357116353917,-0.02871582772060688,-0.22922450548746953,-0.1479700366411898,-0.14308326853253595,-0.6115490290462043,0.050929800910367355,-0.1220164856514524,-0.1179266406240086,-0.19921071717563066,-0.5865534405731264,0.006021683163286945,-0.07395450628919975,-0.23854357170074092,-0.19597099194065215,-0.1896831486112236,-0.873564230764106,0.09908938937881004,-0.11786823755314801,-0.11390824940357513,-0.19870661535435952,-0.5613477225941256,0.0015081692640206018,-0.0050071031188964055,-0.22497828745918091,-0.12287534067204442,-0.11875869464667654,-0.48012465034429486,0.025821649635699606,EVALUATED,-0.02871582772060688,valid,1.0,0.0,10.0,-0.09694562981991972,-0.0936508221465231,0.0,C39,-0.22922450548746953,glm,-0.1479700366411898,-0.14308326853253595,reused,10.0,0.022814022029821687,0.1505119436530512,,-0.031458076697135184,1.0,10.0,glm/C39/train_2016/M2/run_01,-0.6115490290462043,0.0,2017.0,83949.0,2016.0,0.22994608488692667,0.0
M2,-0.11925420892058292,-0.1164802728599118,-0.11256388442814591,-0.19853848652417294,-0.5529374039973611,0.0,-0.05224577985384471,-0.22099058548874806,-0.1687260527137565,-0.16322162278393182,-0.9589005746360465,0.0,-0.11925420892058292,-0.11525075905309612,-0.19887469433286642,-0.5697573850003812,0.0030145357116353917,-0.0775438407629655,-0.22642245490532276,-0.19679804968354841,-0.19048692028662306,-1.1542330163892063,0.029844103971753338,-0.1220164856514524,-0.1179266406240086,-0.19921071717563066,-0.5865534405731264,0.006021683163286945,-0.10181929334205297,-0.23757918438720116,-0.22383577899350537,-0.21677985917725695,-1.348393305001274,0.05868823676763488,-0.11786823755314801,-0.11390824940357513,-0.19870661535435952,-0.5613477225941256,0.0015081692640206018,-0.06505267877370013,-0.22371315967458805,-0.18292091632684815,-0.17700439036754678,-1.0568130013425996,0.015049539421307946,EVALUATED,-0.0775438407629655,valid,5.0,0.0,10.0,-0.1687260527137565,-0.16322162278393182,0.0,C39,-0.22642245490532276,deepseek,-0.19679804968354841,-0.19048692028662306,reused,10.0,0.010201484185185667,0.06320200844564074,,-0.08503670616660308,1.0,10.0,deepseek/C39/train_2016/M2/run_01,-1.1542330163892063,0.0,2017.0,89547.0,2016.0,0.13753571648973187,0.0
M3,-0.11925420892058292,-0.1164802728599118,-0.11256388442814591,-0.19853848652417294,-0.5529374039973611,0.0,-0.039574520355268095,-0.2590731845648049,-0.1560547932151799,-0.15092533032197852,-0.6799241073626682,0.0,-0.11925420892058292,-0.11525075905309612,-0.19887469433286642,-0.5697573850003812,0.0030145357116353917,-0.06454112665333278,-0.26470556938649736,-0.1837953355739157,-0.17785370218890573,-0.8356738427591878,0.02918159806481086,-0.1220164856514524,-0.1179266406240086,-0.19921071717563066,-0.5865534405731264,0.006021683163286945,-0.08855674834476057,-0.2729204810101833,-0.21057323399621297,-0.2038786306046343,-0.9907688870431395,0.05745884667012401,-0.11786823755314801,-0.11390824940357513,-0.19870661535435952,-0.5613477225941256,0.0015081692640206018,-0.05219486177945909,-0.261898244157044,-0.1700630993326071,-0.1645194923332406,-0.7579555344280613,0.014706050472349004,EVALUATED,-0.06454112665333278,valid,3.0,0.0,10.0,-0.1560547932151799,-0.15092533032197852,0.0,C39,-0.26470556938649736,glm,-0.1837953355739157,-0.17785370218890573,reused,19.0,0.015555186523969927,0.09106597515238032,,-0.07075783763183419,1.0,19.0,glm/C39/train_2016/M3/run_01,-0.8356738427591878,9.0,2017.0,110459.0,2016.0,0.1344832214512412,0.0
M3,-0.11925420892058292,-0.1164802728599118,-0.11256388442814591,-0.19853848652417294,-0.5529374039973611,0.0,-0.03871139379277688,-0.20996450975325953,-0.1551916666526887,-0.15008798630789177,-0.8488491981754075,0.0,-0.11925420892058292,-0.11525075905309612,-0.19887469433286642,-0.5697573850003812,0.0030145357116353917,-0.07134068580830577,-0.21879809445599074,-0.1905948947288887,-0.18445913547939907,-1.088708957831899,0.03596420754524169,-0.1220164856514524,-0.1179266406240086,-0.19921071717563066,-0.5865534405731264,0.006021683163286945,-0.10243588322511776,-0.24168131457558384,-0.22445236887657016,-0.2173798415867667,-1.327073277740116,0.07046491119906066,-0.11786823755314801,-0.11390824940357513,-0.19870661535435952,-0.5613477225941256,0.0015081692640206018,-0.05520800766006806,-0.21337079156267158,-0.17307624521321607,-0.16744462339123722,-0.9688017397594605,0.018170766407550346,EVALUATED,-0.07134068580830577,valid,5.0,0.0,10.0,-0.1551916666526887,-0.15008798630789177,0.0,C39,-0.21879809445599074,deepseek,-0.1905948947288887,-0.18445913547939907,reused,19.0,0.011536744586557292,0.0751844139004013,,-0.07822371947133022,1.0,19.0,deepseek/C39/train_2016/M3/run_01,-1.088708957831899,9.0,2017.0,115455.0,2016.0,0.16688042973294065,0.0
M0,-0.11925420892058292,-0.1164802728599118,-0.11256388442814591,-0.19853848652417294,-0.5529374039973611,0.0,0.07894666434905895,-0.2196074996237225,-0.037533608510852856,-0.0362177011631426,-0.08559421428201988,0.0,-0.11925420892058292,-0.11525075905309612,-0.19887469433286642,-0.5697573850003812,0.0030145357116353917,0.024890670468897036,-0.23047267906999536,-0.09436353845168588,-0.09115199145223007,-0.38492473761004153,0.054781891563606556,-0.1220164856514524,-0.1179266406240086,-0.19921071717563066,-0.5865534405731264,0.006021683163286945,-0.025654352447401996,-0.24116821060550464,-0.1476708380988544,-0.14279310272298384,-0.6825437032951047,0.10643355557212467,-0.11786823755314801,-0.11390824940357513,-0.19870661535435952,-0.5613477225941256,0.0015081692640206018,0.05146751009584205,-0.22505331770734205,-0.06640072745730596,-0.06410699588091262,-0.23537781026807544,0.027796349712691584,EVALUATED,0.024890670468897036,valid,2.0,0.0,10.0,-0.037533608510852856,-0.0362177011631426,0.0,C39,-0.23047267906999536,glm,-0.09436353845168588,-0.09115199145223007,reused,10.0,0.037916406933227786,0.25858545712721254,,0.027237963578329083,1.0,10.0,glm/C39/train_2016/M0/run_01,-0.38492473761004153,0.0,2017.0,38503.0,2016.0,0.24014152300215338,0.0
M0,-0.11925420892058292,-0.1164802728599118,-0.11256388442814591,-0.19853848652417294,-0.5529374039973611,0.0,0.06602608560422318,-0.22852558683092727,-0.05045418725568862,-0.04869686986156896,-0.1507043234442647,0.0,-0.11925420892058292,-0.11525075905309612,-0.19887469433286642,-0.5697573850003812,0.0030145357116353917,0.015888725661859393,-0.2363994548588937,-0.10336548325872352,-0.09986477219158951,-0.4317771527720457,0.051334027140849885,-0.1220164856514524,-0.1179266406240086,-0.19921071717563066,-0.5865534405731264,0.006021683163286945,-0.031386535487530676,-0.24420909998112084,-0.15340302113898308,-0.14835286684450333,-0.7126594323419306,0.09982677997512915,-0.11786823755314801,-0.11390824940357513,-0.19870661535435952,-0.5613477225941256,0.0015081692640206018,0.04058690442411084,-0.2324596224213782,-0.07728133312903718,-0.07462698377428034,-0.29122753920231864,0.02602980086840223,EVALUATED,0.015888725661859393,valid,5.0,0.0,10.0,-0.05045418725568862,-0.04869686986156896,0.0,C39,-0.2363994548588937,deepseek,-0.10336548325872352,-0.09986477219158951,reused,10.0,0.05749498125982976,0.3784431901402516,,0.017390223296535057,1.0,10.0,deepseek/C39/train_2016/M0/run_01,-0.4317771527720457,0.0,2017.0,41043.0,2016.0,0.22850079197607118,0.0
M1,-0.11925420892058292,-0.1164802728599118,-0.11256388442814591,-0.19853848652417294,-0.5529374039973611,0.0,0.02357999176031067,-0.2235266291480953,-0.09290028109960113,-0.08973603047434642,-0.37908645881077385,0.0,-0.11925420892058292,-0.11525075905309612,-0.19887469433286642,-0.5697573850003812,0.0030145357116353917,-0.00815435379622409,-0.22860467126131023,-0.127408562716807,-0.1231509380604845,-0.5708792842505283,0.035800999804471635,-0.1220164856514524,-0.1179266406240086,-0.19921071717563066,-0.5865534405731264,0.006021683163286945,-0.037964499284484865,-0.2345994976558402,-0.15998098493593726,-0.1547346288170095,-0.7587257294198438,0.07029197796840618,-0.11786823755314801,-0.11390824940357513,-0.19870661535435952,-0.5613477225941256,0.0015081692640206018,0.007428465940480189,-0.22607736709344683,-0.11043977161266783,-0.10671400844454026,-0.4756458549773889,0.018069562535221614,EVALUATED,-0.00815435379622409,valid,4.0,0.0,10.0,-0.09290028109960113,-0.08973603047434642,0.0,C39,-0.22860467126131023,glm,-0.127408562716807,-0.1231509380604845,reused,10.0,0.027977846150540706,0.16613694198190274,,-0.008929285996259417,1.0,10.0,glm/C39/train_2016/M1/run_01,-0.5708792842505283,0.0,2017.0,61251.0,2016.0,0.15686674864003333,0.0
M1,-0.11925420892058292,-0.1164802728599118,-0.11256388442814591,-0.19853848652417294,-0.5529374039973611,0.0,-0.017397632614936098,-0.21911915618286848,-0.1338779054748479,-0.12942050335928956,-0.6326713154073855,0.0,-0.11925420892058292,-0.11525075905309612,-0.19887469433286642,-0.5697573850003812,0.0030145357116353917,-0.047635296260357674,-0.22451798425167302,-0.1668895051809406,-0.1614390098041576,-0.8305906873789202,0.03394939912910306,-0.1220164856514524,-0.1179266406240086,-0.19921071717563066,-0.5865534405731264,0.006021683163286945,-0.07652188816142413,-0.23895101471595914,-0.19853837381287653,-0.19217834162899083,-1.027153796085582,0.0666175952147491,-0.11786823755314801,-0.11390824940357513,-0.19870661535435952,-0.5613477225941256,0.0015081692640206018,-0.03268497380767732,-0.22182652097852784,-0.15055321136082533,-0.14558860930137096,-0.7317492607066574,0.01713911417145783,EVALUATED,-0.047635296260357674,valid,7.0,0.0,10.0,-0.1338779054748479,-0.12942050335928956,0.0,C39,-0.22451798425167302,deepseek,-0.1668895051809406,-0.1614390098041576,reused,10.0,0.020772358703611625,0.11968662475161101,,-0.052204905767004095,1.0,10.0,deepseek/C39/train_2016/M1/run_01,-0.8305906873789202,0.0,2017.0,65007.0,2016.0,0.1525848421094523,0.0
M0,,,,,,,,,,,,,,,,,,,,,,,,,,,,,,,,,,,,,,,,,,,,,,MISSING,,failed,,1.0,1.0,,,0.0,ALL,,glm,,,new,10.0,,,历史服务异常（见审计说明）,,1.0,1.0,glm/ALL/train_2017/M0/run_01,,0.0,2018.0,,2017.0,,1.0
M0,-0.3186288430407155,-0.3165914905625752,-0.30618979345768926,-0.3700662721399147,-1.3978547939822465,0.0,0.0642827691078437,-0.34213767253639427,-0.2523087214547315,-0.24363167358117244,-1.1499976665688738,0.0,-0.3186288430407155,-0.30817619486281844,-0.37099770287738476,-1.4099383760282715,0.0026141257635385992,0.040488584960215235,-0.35880411649671207,-0.27814025808050025,-0.26874344283395213,-1.3001176283531048,0.028371686416137562,-0.32081222909067764,-0.3103052394394642,-0.37209647717752115,-1.4230209395303766,0.005223197383434212,0.017950296407415856,-0.37485807216598144,-0.3028619326832618,-0.29280968216850434,-1.4477308788551624,0.05583816336283339,-0.31760668559014726,-0.307179570591127,-0.3705272761308529,-1.403880539939355,0.0013078483690853536,0.05225155018245531,-0.3505354100853104,-0.26535513540769196,-0.2563101844241822,-1.225290451195256,0.014300276711633053,EVALUATED,0.040488584960215235,valid,3.0,0.0,10.0,-0.2523087214547315,-0.24363167358117244,0.0,ALL,-0.35880411649671207,deepseek,-0.27814025808050025,-0.26874344283395213,new,10.0,0.07134156940069238,0.7202980164869145,,0.05699825842368522,1.0,10.0,deepseek/ALL/train_2017/M0/run_01,-1.3001176283531048,0.0,2018.0,40467.0,2017.0,0.1382533295401171,0.0
M1,,,,,,,,,,,,,,,,,,,,,,,,,,,,,,,,,,,,,,,,,,,,,,MISSING,,failed,,1.0,1.0,,,0.0,ALL,,glm,,,new,10.0,,,历史服务异常（见审计说明）,,1.0,1.0,glm/ALL/train_2017/M1/run_01,,0.0,2018.0,,2017.0,,1.0
M1,-0.3186288430407155,-0.3165914905625752,-0.30618979345768926,-0.3700662721399147,-1.3978547939822465,0.0,0.0512511229572733,-0.3404760266592163,-0.2653403676053019,-0.25629582804529993,-1.1096807934644237,0.0,-0.3186288430407155,-0.30817619486281844,-0.37099770287738476,-1.4099383760282715,0.0026141257635385992,0.022589388521911724,-0.36059893592498815,-0.29603945451880376,-0.28616475179041134,-1.277472966222023,0.034905461989466306,-0.32081222909067764,-0.3103052394394642,-0.37209647717752115,-1.4230209395303766,0.005223197383434212,-0.004636616598362786,-0.38010694855748084,-0.3254488456890404,-0.3148273590054189,-1.4436097866716964,0.06847552389518298,-0.31760668559014726,-0.307179570591127,-0.3705272761308529,-1.403880539939355,0.0013078483690853536,0.03674049356418796,-0.3506391035753854,-0.2808661920259593,-0.2713954804877027,-1.1938112294566754,0.017622255643667144,EVALUATED,0.022589388521911724,valid,3.0,0.0,10.0,-0.2653403676053019,-0.25629582804529993,0.0,ALL,-0.36059893592498815,deepseek,-0.29603945451880376,-0.28616475179041134,new,10.0,0.056930417372774766,0.7608229856517246,,0.031816544774781796,1.0,10.0,deepseek/ALL/train_2017/M1/run_01,-1.277472966222023,0.0,2018.0,66094.0,2017.0,0.170385983509306,0.0
M2,-0.3186288430407155,-0.3165914905625752,-0.30618979345768926,-0.3700662721399147,-1.3978547939822465,0.0,0.037173836763557344,-0.35097170307015746,-0.27941765379901784,-0.2699861605523749,-1.2413337274036882,0.0,-0.3186288430407155,-0.30817619486281844,-0.37099770287738476,-1.4099383760282715,0.0026141257635385992,0.010223115067404032,-0.37012201072362383,-0.30840572797331145,-0.29821110562969677,-1.4087933865645994,0.0327978781850406,-0.32081222909067764,-0.3103052394394642,-0.37209647717752115,-1.4230209395303766,0.005223197383434212,-0.015073689464645601,-0.38843165255899526,-0.33588591855532324,-0.3250112253499552,-1.5722853097001903,0.06438139320726699,-0.31760668559014726,-0.307179570591127,-0.3705272761308529,-1.403880539939355,0.0013078483690853536,0.02352957194084082,-0.36061561536995423,-0.29407711364930644,-0.2842539530507344,-1.3253812746644096,0.016555297152587356,EVALUATED,0.010223115067404032,valid,2.0,0.0,10.0,-0.27941765379901784,-0.2699861605523749,0.0,ALL,-0.37012201072362383,glm,-0.30840572797331145,-0.29821110562969677,reused,10.0,0.047014305766229336,0.6097272932403159,,0.014404085489867935,1.0,10.0,glm/ALL/train_2017/M2/run_01,-1.4087933865645994,0.0,2018.0,83692.0,2017.0,0.1613622524551657,0.0
M2,-0.3186288430407155,-0.3165914905625752,-0.30618979345768926,-0.3700662721399147,-1.3978547939822465,0.0,0.07767186741886034,-0.3269762223239491,-0.23891962314371484,-0.2306292655448403,-1.0510764194754183,0.0,-0.3186288430407155,-0.30817619486281844,-0.37099770287738476,-1.4099383760282715,0.0026141257635385992,0.045788680262064396,-0.3492144001448835,-0.2728401627786511,-0.2635881618247077,-1.242629548483471,0.037060868412054915,-0.32081222909067764,-0.3103052394394642,-0.37209647717752115,-1.4230209395303766,0.005223197383434212,0.01566708326248223,-0.37076426075685354,-0.3051451458281954,-0.29503405223476353,-1.4318028813850243,0.07256963202432805,-0.31760668559014726,-0.307179570591127,-0.3705272761308529,-1.403880539939355,0.0013078483690853536,0.061579653261084166,-0.3381907207824092,-0.2560270323290631,-0.24724422856356076,-1.1467895148516545,0.018727890267409276,EVALUATED,0.045788680262064396,valid,3.0,0.0,10.0,-0.23891962314371484,-0.2306292655448403,0.0,ALL,-0.3492144001448835,deepseek,-0.2728401627786511,-0.2635881618247077,new,10.0,0.07325549922200901,0.8809751443623903,,0.06444998380659861,1.0,10.0,deepseek/ALL/train_2017/M2/run_01,-1.242629548483471,0.0,2018.0,87474.0,2017.0,0.1800294691328107,0.0
M3,-0.3186288430407155,-0.3165914905625752,-0.30618979345768926,-0.3700662721399147,-1.3978547939822465,0.0,0.05074301209558252,-0.3353211956278891,-0.26584847846699267,-0.2567897897783361,-1.2275823770362368,0.0,-0.3186288430407155,-0.30817619486281844,-0.37099770287738476,-1.4099383760282715,0.0026141257635385992,0.024383023404261572,-0.3542041888302101,-0.2942458196364539,-0.2844182195780568,-1.3952907888315855,0.03248202032223537,-0.32081222909067764,-0.3103052394394642,-0.37209647717752115,-1.4230209395303766,0.005223197383434212,-0.0006349285868408883,-0.3725178893533192,-0.3214471576775185,-0.31092441646475033,-1.560273392726055,0.06380595471797636,-0.31760668559014726,-0.307179570591127,-0.3705272761308529,-1.403880539939355,0.0013078483690853536,0.03740040665923683,-0.34483645397233254,-0.28020627893091044,-0.27075342018200754,-1.3117784555811867,0.016388836798232297,EVALUATED,0.024383023404261572,valid,1.0,0.0,10.0,-0.26584847846699267,-0.2567897897783361,0.0,ALL,-0.3542041888302101,glm,-0.2942458196364539,-0.2844182195780568,reused,19.0,0.050625327828766914,0.5827445338671045,,0.03434107804378117,1.0,19.0,glm/ALL/train_2017/M3/run_01,-1.3952907888315855,9.0,2018.0,110286.0,2017.0,0.15737875093424794,0.0
M3,-0.3186288430407155,-0.3165914905625752,-0.30618979345768926,-0.3700662721399147,-1.3978547939822465,0.0,0.040254264526881856,-0.34069557923907934,-0.27633722603569333,-0.26698950693529966,-1.3214467446866178,0.0,-0.3186288430407155,-0.30817619486281844,-0.37099770287738476,-1.4099383760282715,0.0026141257635385992,0.013585114716608837,-0.3602243101652969,-0.30504372832410664,-0.29493524231886803,-1.496961909080977,0.03316082435779672,-0.32081222909067764,-0.3103052394394642,-0.37209647717752115,-1.4230209395303766,0.005223197383434212,-0.012338708924022002,-0.3793932686631303,-0.33315093801469964,-0.32234198617670795,-1.6737146312284312,0.06507189397191243,-0.31760668559014726,-0.307179570591127,-0.3705272761308529,-1.403880539939355,0.0013078483690853536,0.026831420983105092,-0.3505206178804704,-0.29077526460704217,-0.28103930454299964,-1.4090670493633581,0.016736476132551397,EVALUATED,0.013585114716608837,valid,1.0,0.0,10.0,-0.27633722603569333,-0.26698950693529966,0.0,ALL,-0.3602243101652969,deepseek,-0.30504372832410664,-0.29493524231886803,new,19.0,0.04483862740792347,0.500892915279799,,0.019139197647766393,1.0,19.0,deepseek/ALL/train_2017/M3/run_01,-1.496961909080977,9.0,2018.0,114638.0,2017.0,0.16163912560123736,0.0
M1,-0.3133603382468062,-0.31124697003262947,-0.30098004606547546,-0.35094423037781475,-1.2941531626097875,0.0,-0.042149177655647074,-0.397640447710237,-0.35339614768827654,-0.34211097518997013,-1.5669266201370138,0.0,-0.3133603382468062,-0.3030399288817003,-0.3520037002272137,-1.3065241329510826,0.0026877530190255955,-0.06524326200736075,-0.41541698653301573,-0.37860360025416695,-0.3667599330083763,-1.7162986824381714,0.031096465164302645,-0.3152092129006787,-0.304842218287634,-0.3529541958931519,-1.3176976983474817,0.005376434190625915,-0.08758182802352688,-0.43263062155338405,-0.4027910409242056,-0.39044879994325143,-1.863938328536962,0.06109444963570329,-0.31231416750149676,-0.3020202033647099,-0.3514780022904207,-1.3003730519908023,0.00134435039676718,-0.05382019396376325,-0.40660538940423485,-0.36613436146526,-0.35456210051989523,-1.6418345295720305,0.015688287489963072,EVALUATED,-0.06524326200736075,valid,1.0,0.0,10.0,-0.35339614768827654,-0.34211097518997013,0.0,C26,-0.41541698653301573,deepseek,-0.37860360025416695,-0.3667599330083763,new,10.0,0.05531660346912667,0.374725835921452,,-0.09142561642654046,1.0,10.0,deepseek/C26/train_2017/M1/run_01,-1.7162986824381714,0.0,2018.0,63409.0,2017.0,0.15832153273814942,0.0
M1,,,,,,,,,,,,,,,,,,,,,,,,,,,,,,,,,,,,,,,,,,,,,,MISSING,,failed,,1.0,1.0,,,0.0,C26,,glm,,,new,10.0,,,历史服务异常（见审计说明）,,1.0,1.0,glm/C26/train_2017/M1/run_01,,0.0,2018.0,,2017.0,,1.0
M2,-0.3133603382468062,-0.31124697003262947,-0.30098004606547546,-0.35094423037781475,-1.2941531626097875,0.0,0.05961143813684744,-0.3357473227750838,-0.251635531895782,-0.24297770714410993,-0.9873095876303024,0.0,-0.3133603382468062,-0.3030399288817003,-0.3520037002272137,-1.3065241329510826,0.0026877530190255955,0.025463754949485717,-0.35883467792003676,-0.2878965832973205,-0.27823713272897976,-1.1745838116787803,0.04023397918463319,-0.3152092129006787,-0.304842218287634,-0.3529541958931519,-1.3176976983474817,0.005376434190625915,-0.0072202314940599255,-0.38175339387414287,-0.32242944439473864,-0.3118823795285963,-1.359965339199585,0.0786487662036127,-0.31231416750149676,-0.3020202033647099,-0.3514780022904207,-1.3003730519908023,0.00134435039676718,0.04234096866854131,-0.3470537563231618,-0.26997319883295545,-0.26080015389110156,-1.0811067499915492,0.02035077644683068,EVALUATED,0.025463754949485717,valid,2.0,0.0,10.0,-0.251635531895782,-0.24297770714410993,0.0,C26,-0.35883467792003676,deepseek,-0.2878965832973205,-0.27823713272897976,new,10.0,0.05628417027713931,0.47806730946796344,,0.03558711206070031,1.0,10.0,deepseek/C26/train_2017/M2/run_01,-1.1745838116787803,0.0,2018.0,86342.0,2017.0,0.19481190007526825,0.0
M2,-0.3133603382468062,-0.31124697003262947,-0.30098004606547546,-0.35094423037781475,-1.2941531626097875,0.0,-0.00939829730693309,-0.3753880833155414,-0.32064526733956256,-0.3101424235570689,-1.3605779051159332,0.0,-0.3133603382468062,-0.3030399288817003,-0.3520037002272137,-1.3065241329510826,0.0026877530190255955,-0.029505793592966567,-0.3906655130222443,-0.34286613183977277,-0.3318256355204017,-1.4852017761541565,0.02594828677014061,-0.3152092129006787,-0.304842218287634,-0.3529541958931519,-1.3176976983474817,0.005376434190625915,-0.04921331482708757,-0.405617745913186,-0.3644225277277663,-0.3528882741324393,-1.6091510912244544,0.051128507113182016,-0.31231416750149676,-0.3020202033647099,-0.3514780022904207,-1.3003730519908023,0.00134435039676718,-0.019533108164356716,-0.38307499079062,-0.3318472756658535,-0.3210698132552896,-1.423007707202076,0.01307217755948751,EVALUATED,-0.029505793592966567,valid,2.0,0.0,10.0,-0.32064526733956256,-0.3101424235570689,0.0,C26,-0.3906655130222443,glm,-0.34286613183977277,-0.3318256355204017,reused,10.0,0.04244748152921628,0.4007003254272871,,-0.04130180168357933,1.0,10.0,glm/C26/train_2017/M2/run_01,-1.4852017761541565,0.0,2018.0,84131.0,2017.0,0.13041504849309618,0.0
M3,,,,,,,,,,,,,,,,,,,,,,,,,,,,,,,,,,,,,,,,,,,,,,MISSING,,failed,,0.0,5.0,,,0.0,C26,,deepseek,,,new,19.0,,,摘要格式不合规,,1.0,10.0,deepseek/C26/train_2017/M3/run_01,,5.0,2018.0,56534.0,2017.0,,0.0
M3,-0.3133603382468062,-0.31124697003262947,-0.30098004606547546,-0.35094423037781475,-1.2941531626097875,0.0,0.04727063786041208,-0.34400281556139567,-0.2639763321722174,-0.2549698432970583,-1.0654096327962228,0.0,-0.3133603382468062,-0.3030399288817003,-0.3520037002272137,-1.3065241329510826,0.0026877530190255955,0.007585331371108617,-0.3587244774777698,-0.3057750068756976,-0.295647731476987,-1.2878815141347808,0.05010111124011446,-0.3152092129006787,-0.304842218287634,-0.3529541958931519,-1.3176976983474817,0.005376434190625915,-0.029988997126535355,-0.3736290299777082,-0.34519821002721407,-0.3341029578650485,-1.5073104397044843,0.09751545714238775,-0.31231416750149676,-0.3020202033647099,-0.3514780022904207,-1.3003730519908023,0.00134435039676718,0.027114202379275754,-0.3514156744607557,-0.285199965122221,-0.27561259295611307,-1.1770821851046576,0.02539523804762394,EVALUATED,0.007585331371108617,valid,1.0,0.0,10.0,-0.2639763321722174,-0.2549698432970583,0.0,C26,-0.3587244774777698,glm,-0.3057750068756976,-0.295647731476987,reused,19.0,0.028002689309720368,0.25384060478653514,,0.01060634276057204,1.0,19.0,glm/C26/train_2017/M3/run_01,-1.2878815141347808,9.0,2018.0,110089.0,2017.0,0.23615880389219418,0.0
M0,,,,,,,,,,,,,,,,,,,,,,,,,,,,,,,,,,,,,,,,,,,,,,NO_ELIGIBLE_PORTFOLIO,,empty,0.0,0.0,10.0,,,0.0,C26,,deepseek,,,new,10.0,,,原始记录保留,,1.0,10.0,deepseek/C26/train_2017/M0/run_01,,0.0,2018.0,39894.0,2017.0,,0.0
M0,,,,,,,,,,,,,,,,,,,,,,,,,,,,,,,,,,,,,,,,,,,,,,MISSING,,failed,,1.0,1.0,,,0.0,C26,,glm,,,new,10.0,,,历史服务异常（见审计说明）,,1.0,1.0,glm/C26/train_2017/M0/run_01,,0.0,2018.0,,2017.0,,1.0
M2,,,,,,,,,,,,,,,,,,,,,,,,,,,,,,,,,,,,,,,,,,,,,,NO_ELIGIBLE_PORTFOLIO,,empty,0.0,0.0,10.0,,,0.0,C35,,glm,,,reused,10.0,,,原始记录保留,,1.0,10.0,glm/C35/train_2017/M2/run_01,,0.0,2018.0,83094.0,2017.0,,0.0
M2,-0.30491283521941737,-0.3026177446804428,-0.29257180451921994,-0.3569608408390639,-1.1945868363734085,0.0,0.09172113492160106,-0.2954581858926184,-0.21089660975884172,-0.20344476351868857,-0.7593355382826321,0.0,-0.30491283521941737,-0.2948077155077822,-0.3581141680854253,-1.2071151834368143,0.002637858900255177,0.06000978754397801,-0.31310267997398733,-0.24490304767543936,-0.2364387514873394,-0.9232504205677369,0.03698141487161538,-0.3072499391961069,-0.29708485769011195,-0.35931038975765817,-1.2200058945852885,0.005265042836843931,0.029900669647223266,-0.33464529830139367,-0.2773492695488836,-0.2679739713588587,-1.0855051126362942,0.072440042599382,-0.3037525634743591,-0.29367732513820366,-0.3575254909299648,-1.2007619056099261,0.0013202829086959422,0.07563258083127378,-0.3020654074113486,-0.2281199826430853,-0.2201481485598643,-0.8415693941566874,0.018686119746703676,EVALUATED,0.06000978754397801,valid,2.0,0.0,10.0,-0.21089660975884172,-0.20344476351868857,0.0,C35,-0.31310267997398733,deepseek,-0.24490304767543936,-0.2364387514873394,new,10.0,0.05419295287157368,0.5073328349351697,,0.08277028167214295,1.0,10.0,deepseek/C35/train_2017/M2/run_01,-0.9232504205677369,0.0,2018.0,85510.0,2017.0,0.17534249490791093,0.0
M3,,,,,,,,,,,,,,,,,,,,,,,,,,,,,,,,,,,,,,,,,,,,,,NO_ELIGIBLE_PORTFOLIO,,empty,0.0,0.0,10.0,,,0.0,C35,,glm,,,reused,19.0,,,原始记录保留,,1.0,19.0,glm/C35/train_2017/M3/run_01,,9.0,2018.0,107101.0,2017.0,,0.0
M3,-0.30491283521941737,-0.3026177446804428,-0.29257180451921994,-0.3569608408390639,-1.1945868363734085,0.0,0.11635632734944235,-0.28650615562226345,-0.18626141733100043,-0.1795783840891647,-0.6498313428182457,0.0,-0.30491283521941737,-0.2948077155077822,-0.3581141680854253,-1.2071151834368143,0.002637858900255177,0.09391175902049753,-0.2962517284190844,-0.21100107619891983,-0.20354603210542188,-0.7649173034753513,0.02666729889863306,-0.3072499391961069,-0.29708485769011195,-0.35931038975765817,-1.2200058945852885,0.005265042836843931,0.07232165326937989,-0.3122754808488579,-0.234928285926727,-0.22675496529628614,-0.8790544616315045,0.05255082195005358,-0.3037525634743591,-0.29367732513820366,-0.3575254909299648,-1.2007619056099261,0.0013202829086959422,0.1050290557479906,-0.29123209966626906,-0.1987235077263685,-0.19164791967344896,-0.7074387249495694,0.013434555480463245,EVALUATED,0.09391175902049753,valid,1.0,0.0,10.0,-0.18626141733100043,-0.1795783840891647,0.0,C35,-0.2962517284190844,deepseek,-0.21100107619891983,-0.20354603210542188,new,19.0,0.06720309703591083,0.5022106012907963,,0.1294138994559113,1.0,19.0,deepseek/C35/train_2017/M3/run_01,-0.7649173034753513,9.0,2018.0,113125.0,2017.0,0.1227237047871965,0.0
M0,,,,,,,,,,,,,,,,,,,,,,,,,,,,,,,,,,,,,,,,,,,,,,MISSING,,failed,,1.0,1.0,,,0.0,C35,,glm,,,new,10.0,,,历史服务异常（见审计说明）,,1.0,1.0,glm/C35/train_2017/M0/run_01,,0.0,2018.0,,2017.0,,1.0
M0,-0.30491283521941737,-0.3026177446804428,-0.29257180451921994,-0.3569608408390639,-1.1945868363734085,0.0,0.008699072298865906,-0.34304880513635005,-0.2939186723815769,-0.2840996825476074,-1.3444791932518587,0.0,-0.30491283521941737,-0.2948077155077822,-0.3581141680854253,-1.2071151834368143,0.002637858900255177,-0.009185467700788874,-0.356725448443981,-0.31409830292020624,-0.30375927627566457,-1.4651456077311007,0.023401538827671466,-0.3072499391961069,-0.29708485769011195,-0.35931038975765817,-1.2200058945852885,0.005265042836843931,-0.026470910566520622,-0.3701367190693383,-0.3337208497626275,-0.32289816293318063,-1.5852829916902633,0.04619188739835718,-0.3037525634743591,-0.29367732513820366,-0.3575254909299648,-1.2007619056099261,0.0013202829086959422,-0.00031448637677322644,-0.34991001663884136,-0.3040670498511323,-0.29398370491418113,-1.4048104383856992,0.011778412532689108,EVALUATED,-0.009185467700788874,valid,2.0,0.0,10.0,-0.2939186723815769,-0.2840996825476074,0.0,C35,-0.356725448443981,deepseek,-0.31409830292020624,-0.30375927627566457,new,10.0,0.07568797807057773,0.589968679161416,,-0.012693787162359693,1.0,10.0,deepseek/C35/train_2017/M0/run_01,-1.4651456077311007,0.0,2018.0,39899.0,2017.0,0.11415785686198625,0.0
M1,,,,,,,,,,,,,,,,,,,,,,,,,,,,,,,,,,,,,,,,,,,,,,MISSING,,failed,,1.0,1.0,,,0.0,C35,,glm,,,new,10.0,,,历史服务异常（见审计说明）,,1.0,1.0,glm/C35/train_2017/M1/run_01,,0.0,2018.0,,2017.0,,1.0
M1,-0.30491283521941737,-0.3026177446804428,-0.29257180451921994,-0.3569608408390639,-1.1945868363734085,0.0,0.0379604047011165,-0.3086334805786537,-0.2646573399793263,-0.255631841733186,-1.161898871830822,0.0,-0.30491283521941737,-0.2948077155077822,-0.3581141680854253,-1.2071151834368143,0.002637858900255177,0.01769808473467749,-0.32403458735501267,-0.2872147504847399,-0.2775734875556767,-1.2888897964873234,0.025644935248801133,-0.3072499391961069,-0.29708485769011195,-0.35931038975765817,-1.2200058945852885,0.005265042836843931,-0.001751072110805607,-0.3390296924198717,-0.3090010113069125,-0.2987912032335418,-1.4145559313328335,0.05055658648264303,-0.3037525634743591,-0.29367732513820366,-0.3575254909299648,-1.2007619056099261,0.0013202829086959422,0.027729715793904153,-0.3163744862587524,-0.27602284768045493,-0.2666837067960639,-1.225487513882995,0.012916352458437159,EVALUATED,0.01769808473467749,valid,2.0,0.0,10.0,-0.2646573399793263,-0.255631841733186,0.0,C35,-0.32403458735501267,deepseek,-0.2872147504847399,-0.2775734875556767,new,10.0,0.06717419773062358,0.5515412445856791,,0.024439047804550418,1.0,10.0,deepseek/C35/train_2017/M1/run_01,-1.2888897964873234,0.0,2018.0,63292.0,2017.0,0.12300603135858026,0.0
M3,-0.32251281266652976,-0.3204101223893254,-0.30991312024235884,-0.3838207468983146,-1.1183037985037891,0.0,-0.018588085898677442,-0.4130978724712592,-0.33899820828800287,-0.3280492350272546,-1.3360923851283215,0.0,-0.32251281266652976,-0.31196368594839097,-0.38477554811894776,-1.1285952626809828,0.0026539205507268245,-0.0460872077795188,-0.43218377293911137,-0.36860002044604856,-0.35697333059465386,-1.4941430111066885,0.035512192655262544,-0.32461204531834276,-0.3140111316846095,-0.38573043320336076,-1.1388872113561854,0.005301769380229599,-0.07231184510218347,-0.45068901868994227,-0.3969238904205262,-0.3846991480224119,-1.6506948850145016,0.06958845620874399,-0.32146212317168377,-0.31093901096622434,-0.3842982790572975,-1.1234506400794517,0.0013277340571124137,-0.0324940681306769,-0.4227092380710148,-0.35395619130236067,-0.34265819082052584,-1.4152580780500388,0.0179389055218246,EVALUATED,-0.0460872077795188,valid,1.0,0.0,10.0,-0.33899820828800287,-0.3280492350272546,0.0,C39,-0.43218377293911137,deepseek,-0.36860002044604856,-0.35697333059465386,new,19.0,0.03698393308081828,0.34531793091339247,,-0.06541754225328111,1.0,19.0,deepseek/C39/train_2017/M3/run_01,-1.4941430111066885,9.0,2018.0,114429.0,2017.0,0.1849735267926803,0.0
M3,-0.32251281266652976,-0.3204101223893254,-0.30991312024235884,-0.3838207468983146,-1.1183037985037891,0.0,0.02019930793193636,-0.36555438980853405,-0.30021081445738906,-0.29022725131720706,-1.1330609297899004,0.0,-0.32251281266652976,-0.31196368594839097,-0.38477554811894776,-1.1285952626809828,0.0026539205507268245,-0.0038251020967043914,-0.3826016688954199,-0.32633791476323415,-0.3156946140101655,-1.2651198709987557,0.030484156256120887,-0.32461204531834276,-0.3140111316846095,-0.38573043320336076,-1.1388872113561854,0.005301769380229599,-0.026702785508454396,-0.39912837150550784,-0.35131483082679715,-0.3400774962690909,-1.3951969352970166,0.05991166844060026,-0.32146212317168377,-0.31093901096622434,-0.3842982790572975,-1.1234506400794517,0.0013277340571124137,0.008038659906477452,-0.3741421259127876,-0.3134234632652063,-0.30310146018975903,-1.1993453540663512,0.015376176848851541,EVALUATED,-0.0038251020967043914,valid,1.0,0.0,10.0,-0.30021081445738906,-0.29022725131720706,0.0,C39,-0.3826016688954199,glm,-0.32633791476323415,-0.3156946140101655,reused,19.0,0.04063693491876313,0.36810217881965973,,-0.005422574340305353,1.0,19.0,glm/C39/train_2017/M3/run_01,-1.2651198709987557,9.0,2018.0,109549.0,2017.0,0.1509457717611241,0.0
M0,-0.32251281266652976,-0.3204101223893254,-0.30991312024235884,-0.3838207468983146,-1.1183037985037891,0.0,0.056397996216207336,-0.3682326092032925,-0.2640121261731181,-0.2550046375535947,-0.9387095990430536,0.0,-0.32251281266652976,-0.31196368594839097,-0.38477554811894776,-1.1285952626809828,0.0026539205507268245,0.018144444088596612,-0.38161749133026857,-0.30436836857793315,-0.29427726162011614,-1.1329180427290864,0.045866003296563346,-0.32461204531834276,-0.3140111316846095,-0.38573043320336076,-1.1388872113561854,0.005301769380229599,-0.01783412705579701,-0.3966879741646572,-0.34244617237413977,-0.33141557056818594,-1.324565410840127,0.0893953609851507,-0.32146212317168377,-0.31093901096622434,-0.3842982790572975,-1.1234506400794517,0.0013277340571124137,0.03698950693403191,-0.37496181141970697,-0.28447261623765185,-0.27490475285349947,-1.0360542715492471,0.023233113955323376,EVALUATED,0.018144444088596612,valid,1.0,0.0,10.0,-0.2640121261731181,-0.2550046375535947,0.0,C39,-0.38161749133026857,deepseek,-0.30436836857793315,-0.29427726162011614,new,10.0,0.04135583065107242,0.38660192748754896,,0.02570565530782165,1.0,10.0,deepseek/C39/train_2017/M0/run_01,-1.1329180427290864,0.0,2018.0,40021.0,2017.0,0.22010662860958463,0.0
M0,,,,,,,,,,,,,,,,,,,,,,,,,,,,,,,,,,,,,,,,,,,,,,MISSING,,failed,,1.0,1.0,,,0.0,C39,,glm,,,new,10.0,,,历史服务异常（见审计说明）,,1.0,1.0,glm/C39/train_2017/M0/run_01,,0.0,2018.0,,2017.0,,1.0
M1,-0.32251281266652976,-0.3204101223893254,-0.30991312024235884,-0.3838207468983146,-1.1183037985037891,0.0,0.02019930793193636,-0.36555438980853405,-0.30021081445738906,-0.29022725131720706,-1.1330609297899004,0.0,-0.32251281266652976,-0.31196368594839097,-0.38477554811894776,-1.1285952626809828,0.0026539205507268245,-0.0038251020967043914,-0.3826016688954199,-0.32633791476323415,-0.3156946140101655,-1.2651198709987557,0.030484156256120887,-0.32461204531834276,-0.3140111316846095,-0.38573043320336076,-1.1388872113561854,0.005301769380229599,-0.026702785508454396,-0.39912837150550784,-0.35131483082679715,-0.3400774962690909,-1.3951969352970166,0.05991166844060026,-0.32146212317168377,-0.31093901096622434,-0.3842982790572975,-1.1234506400794517,0.0013277340571124137,0.008038659906477452,-0.3741421259127876,-0.3134234632652063,-0.30310146018975903,-1.1993453540663512,0.015376176848851541,EVALUATED,-0.0038251020967043914,valid,1.0,0.0,10.0,-0.30021081445738906,-0.29022725131720706,0.0,C39,-0.3826016688954199,deepseek,-0.32633791476323415,-0.3156946140101655,new,10.0,0.04063693491876313,0.36810217881965973,,-0.005422574340305353,1.0,10.0,deepseek/C39/train_2017/M1/run_01,-1.2651198709987557,0.0,2018.0,63351.0,2017.0,0.1509457717611241,0.0
M1,,,,,,,,,,,,,,,,,,,,,,,,,,,,,,,,,,,,,,,,,,,,,,MISSING,,failed,,1.0,1.0,,,0.0,C39,,glm,,,new,10.0,,,历史服务异常（见审计说明）,,1.0,1.0,glm/C39/train_2017/M1/run_01,,0.0,2018.0,,2017.0,,1.0
M2,-0.32251281266652976,-0.3204101223893254,-0.30991312024235884,-0.3838207468983146,-1.1183037985037891,0.0,0.006907418174626367,-0.35679716781155557,-0.31350270421469906,-0.3031787008695711,-1.0637397060158553,0.0,-0.32251281266652976,-0.31196368594839097,-0.38477554811894776,-1.1285952626809828,0.0026539205507268245,-0.022040248271301688,-0.37835877841066756,-0.34455306093783145,-0.3334729243472345,-1.2099338857452595,0.03639268489837973,-0.32461204531834276,-0.3140111316846095,-0.38573043320336076,-1.1388872113561854,0.005301769380229599,-0.04935816306708396,-0.39901030698956386,-0.3739702083854267,-0.36222626807458624,-1.3538792509305697,0.07128710421279895,-0.32146212317168377,-0.31093901096622434,-0.3842982790572975,-1.1234506400794517,0.0013277340571124137,-0.007743332219643184,-0.3676667296766878,-0.32920545539132695,-0.3184921068908817,-1.136977603598132,0.018390748505053754,EVALUATED,-0.022040248271301688,valid,2.0,0.0,10.0,-0.31350270421469906,-0.3031787008695711,0.0,C39,-0.37835877841066756,deepseek,-0.34455306093783145,-0.3334729243472345,new,10.0,0.05493668103611136,0.5109496480674695,,-0.03126177784451967,1.0,10.0,deepseek/C39/train_2017/M2/run_01,-1.2099338857452595,0.0,2018.0,86338.0,2017.0,0.1804388342007054,0.0
M2,-0.32251281266652976,-0.3204101223893254,-0.30991312024235884,-0.3838207468983146,-1.1183037985037891,0.0,-0.016583897170101225,-0.41770729597198575,-0.33699401955942665,-0.32609281474651586,-1.2965975856834417,0.0,-0.32251281266652976,-0.31196368594839097,-0.38477554811894776,-1.1285952626809828,0.0026539205507268245,-0.04503667576920667,-0.43720109248402694,-0.3675494884357364,-0.35594594325790707,-1.4566021005731509,0.0364206353349671,-0.32461204531834276,-0.3140111316846095,-0.38573043320336076,-1.1388872113561854,0.005301769380229599,-0.0719187436214016,-0.45590003394361145,-0.39653078893974436,-0.3843139985730275,-1.6140174704778676,0.07133213621534018,-0.32146212317168377,-0.31093901096622434,-0.3842982790572975,-1.1234506400794517,0.0013277340571124137,-0.03100116168696254,-0.42754659809826556,-0.3524632848586463,-0.3411995216377375,-1.3768589992946663,0.01840372421540617,EVALUATED,-0.04503667576920667,valid,1.0,0.0,10.0,-0.33699401955942665,-0.32609281474651586,0.0,C39,-0.43720109248402694,glm,-0.3675494884357364,-0.35594594325790707,reused,10.0,0.035609239336341934,0.33153127391998405,,-0.0639243255207268,1.0,10.0,glm/C39/train_2017/M2/run_01,-1.4566021005731509,0.0,2018.0,83350.0,2017.0,0.1892521190902591,0.0
M1,0.29735603999487403,0.30104355002696637,0.2888725751474346,-0.20319846470452463,1.222809800314881,0.0,0.17467131538867076,-0.14180409937265548,0.4757148654156371,0.45534731923351557,1.9405318953313624,0.0,0.29735603999487403,0.2853498472913656,-0.20364175162321407,1.2107496224723073,0.003180102690662113,0.12224670351889944,-0.15146352717500877,0.41960274351377347,0.40194927491727683,1.7568612273127469,0.04757913819100225,0.29368374058947366,0.28184129494569876,-0.20408827038257682,1.198689479105375,0.006351737961037136,0.07223325209038833,-0.16109591381238553,0.365916992679862,0.3507896535524595,1.5735106417354927,0.09332900589325689,0.2991977276351174,0.2871092808638309,-0.20342037206835284,1.2167803171286566,0.0015911874827924403,0.14813875721891945,-0.14663944474403712,0.4473364848540369,0.428350807677236,1.8486227929091206,0.024021175038248757,EVALUATED,0.12224670351889944,valid,2.0,0.0,10.0,0.4757148654156371,0.45534731923351557,0.0,ALL,-0.15146352717500877,deepseek,0.41960274351377347,0.40194927491727683,new,10.0,0.08098890322952561,0.7672239373308457,,0.09071415682790396,1.0,10.0,deepseek/ALL/train_2018/M1/run_01,1.7568612273127469,0.0,2019.0,63997.0,2018.0,0.15363553613196826,0.0
M1,,,,,,,,,,,,,,,,,,,,,,,,,,,,,,,,,,,,,,,,,,,,,,MISSING,,failed,,1.0,1.0,,,0.0,ALL,,glm,,,new,10.0,,,历史服务异常（见审计说明）,,1.0,1.0,glm/ALL/train_2018/M1/run_01,,0.0,2019.0,,2018.0,,1.0
M2,0.29735603999487403,0.30104355002696637,0.2888725751474346,-0.20319846470452463,1.222809800314881,0.0,0.18582645502087725,-0.15120311714851364,0.4868700050478436,0.46595417020980445,1.930027208783226,0.0,0.29735603999487403,0.2853498472913656,-0.20364175162321407,1.2107496224723073,0.003180102690662113,0.13701432598261754,-0.1612130478528192,0.43437036597749157,0.41600979515320313,1.7637182195943717,0.04510973721003659,0.29368374058947366,0.28184129494569876,-0.20408827038257682,1.198689479105375,0.006351737961037136,0.09002100046390371,-0.1710619664869173,0.3837047410533774,0.3677482370363043,1.5971063906601277,0.08861275948721932,0.2991977276351174,0.2871092808638309,-0.20342037206835284,1.2167803171286566,0.0015911874827924403,0.16115522316981123,-0.15623472135259375,0.46035295080492866,0.4407357690961795,1.8468253634994436,0.02275928830200143,EVALUATED,0.13701432598261754,valid,4.0,0.0,10.0,0.4868700050478436,0.46595417020980445,0.0,ALL,-0.1612130478528192,deepseek,0.43437036597749157,0.41600979515320313,new,10.0,0.0828848012969814,0.8726433856919801,,0.10165321771125502,1.0,10.0,deepseek/ALL/train_2018/M2/run_01,1.7637182195943717,0.0,2019.0,88855.0,2018.0,0.14417578371166753,0.0
M2,,,,,,,,,,,,,,,,,,,,,,,,,,,,,,,,,,,,,,,,,,,,,,MISSING,,failed,,1.0,1.0,,,0.0,ALL,,glm,,,new,10.0,,,历史服务异常（见审计说明）,,1.0,1.0,glm/ALL/train_2018/M2/run_01,,0.0,2019.0,,2018.0,,1.0
M3,,,,,,,,,,,,,,,,,,,,,,,,,,,,,,,,,,,,,,,,,,,,,,MISSING,,failed,,0.0,5.0,,,0.0,ALL,,deepseek,,,new,19.0,,,摘要格式不合规,,1.0,10.0,deepseek/ALL/train_2018/M3/run_01,,5.0,2019.0,56669.0,2018.0,,0.0
M3,,,,,,,,,,,,,,,,,,,,,,,,,,,,,,,,,,,,,,,,,,,,,,MISSING,,failed,,1.0,1.0,,,0.0,ALL,,glm,,,new,19.0,,,历史服务异常（见审计说明）,,1.0,1.0,glm/ALL/train_2018/M3/run_01,,0.0,2019.0,,2018.0,,1.0
M0,0.29735603999487403,0.30104355002696637,0.2888725751474346,-0.20319846470452463,1.222809800314881,0.0,0.1575647393756967,-0.17632284896817008,0.45860828940266307,0.4390759809419349,1.7787015916689182,0.0,0.29735603999487403,0.2853498472913656,-0.20364175162321407,1.2107496224723073,0.003180102690662113,0.08581584823782595,-0.18928721384541802,0.3831718882327,0.36724033643915166,1.543130780658391,0.06418045817852087,0.29368374058947366,0.28184129494569876,-0.20408827038257682,1.198689479105375,0.006351737961037136,0.018380556050424435,-0.20283945800382053,0.3120642966398981,0.29939872122733435,1.3083450889740016,0.12505757723454963,0.2991977276351174,0.2871092808638309,-0.20342037206835284,1.2167803171286566,0.0015911874827924403,0.12116834690480682,-0.18278043708210956,0.42036607453992425,0.4026761837546742,1.6609543106964013,0.03251462058072827,EVALUATED,0.08581584823782595,valid,4.0,0.0,10.0,0.45860828940266307,0.4390759809419349,0.0,ALL,-0.18928721384541802,deepseek,0.3831718882327,0.36724033643915166,new,10.0,0.08626024925160616,1.0247518979278187,,0.06371066159174865,1.0,10.0,deepseek/ALL/train_2018/M0/run_01,1.543130780658391,0.0,2019.0,40765.0,2018.0,0.20915711732231348,0.0
M0,,,,,,,,,,,,,,,,,,,,,,,,,,,,,,,,,,,,,,,,,,,,,,MISSING,,failed,,1.0,1.0,,,0.0,ALL,,glm,,,new,10.0,,,历史服务异常（见审计说明）,,1.0,1.0,glm/ALL/train_2018/M0/run_01,,0.0,2019.0,,2018.0,,1.0
M2,,,,,,,,,,,,,,,,,,,,,,,,,,,,,,,,,,,,,,,,,,,,,,MISSING,,failed,,1.0,1.0,,,0.0,C26,,glm,,,new,10.0,,,历史服务异常（见审计说明）,,1.0,1.0,glm/C26/train_2018/M2/run_01,,0.0,2019.0,,2018.0,,1.0
M2,,,,,,,,,,,,,,,,,,,,,,,,,,,,,,,,,,,,,,,,,,,,,,NO_ELIGIBLE_PORTFOLIO,,empty,0.0,0.0,10.0,,,0.0,C26,,deepseek,,,new,10.0,,,原始记录保留,,1.0,10.0,deepseek/C26/train_2018/M2/run_01,,0.0,2019.0,86811.0,2018.0,,0.0
M3,,,,,,,,,,,,,,,,,,,,,,,,,,,,,,,,,,,,,,,,,,,,,,MISSING,,failed,,1.0,1.0,,,0.0,C26,,glm,,,new,19.0,,,历史服务异常（见审计说明）,,1.0,1.0,glm/C26/train_2018/M3/run_01,,0.0,2019.0,,2018.0,,1.0
M3,,,,,,,,,,,,,,,,,,,,,,,,,,,,,,,,,,,,,,,,,,,,,,NO_ELIGIBLE_PORTFOLIO,,empty,0.0,0.0,10.0,,,0.0,C26,,deepseek,,,new,19.0,,,原始记录保留,,1.0,19.0,deepseek/C26/train_2018/M3/run_01,,9.0,2019.0,113276.0,2018.0,,0.0
M0,,,,,,,,,,,,,,,,,,,,,,,,,,,,,,,,,,,,,,,,,,,,,,MISSING,,failed,,1.0,1.0,,,0.0,C26,,glm,,,new,10.0,,,历史服务异常（见审计说明）,,1.0,1.0,glm/C26/train_2018/M0/run_01,,0.0,2019.0,,2018.0,,1.0
M0,,,,,,,,,,,,,,,,,,,,,,,,,,,,,,,,,,,,,,,,,,,,,,NO_ELIGIBLE_PORTFOLIO,,empty,0.0,0.0,10.0,,,0.0,C26,,deepseek,,,new,10.0,,,原始记录保留,,1.0,10.0,deepseek/C26/train_2018/M0/run_01,,0.0,2019.0,39558.0,2018.0,,0.0
M1,,,,,,,,,,,,,,,,,,,,,,,,,,,,,,,,,,,,,,,,,,,,,,MISSING,,failed,,1.0,1.0,,,0.0,C26,,glm,,,new,10.0,,,历史服务异常（见审计说明）,,1.0,1.0,glm/C26/train_2018/M1/run_01,,0.0,2019.0,,2018.0,,1.0
M1,,,,,,,,,,,,,,,,,,,,,,,,,,,,,,,,,,,,,,,,,,,,,,NO_ELIGIBLE_PORTFOLIO,,empty,0.0,0.0,10.0,,,0.0,C26,,deepseek,,,new,10.0,,,原始记录保留,,1.0,10.0,deepseek/C26/train_2018/M1/run_01,,0.0,2019.0,62994.0,2018.0,,0.0
M3,,,,,,,,,,,,,,,,,,,,,,,,,,,,,,,,,,,,,,,,,,,,,,MISSING,,failed,,0.0,2.0,,,0.0,C35,,deepseek,,,new,19.0,,,摘要格式不合规,,1.0,4.0,deepseek/C35/train_2018/M3/run_01,,2.0,2019.0,21873.0,2018.0,,0.0
M3,,,,,,,,,,,,,,,,,,,,,,,,,,,,,,,,,,,,,,,,,,,,,,MISSING,,failed,,1.0,1.0,,,0.0,C35,,glm,,,new,19.0,,,历史服务异常（见审计说明）,,1.0,1.0,glm/C35/train_2018/M3/run_01,,0.0,2019.0,,2018.0,,1.0
M0,0.3166228022772313,0.32028844872932294,0.3072517226220266,-0.1809358382296875,1.2546484618032945,0.0,0.1932604732184573,-0.1708195295401702,0.5135489219477802,0.491310301947544,1.8364953078454174,0.0,0.3166228022772313,0.30375172089076585,-0.1814225279317364,1.2432113124459816,0.003064482991419877,0.12798725416979684,-0.18405320712480067,0.4446100564470281,0.425756151458208,1.642379348307467,0.05831275144114996,0.3129512057090904,0.3002456890373777,-0.18190867620350537,1.2317055936545038,0.0061184915290581005,0.06533657816942706,-0.1970431644322398,0.37828778387851747,0.36258461708492806,1.4463750878871595,0.11394301756649444,0.3184538063977962,0.3055000282949334,-0.18117954330230845,1.2489301560469714,0.0015334154473889787,0.16036232246218596,-0.17745337465297994,0.47881612885998215,0.45829643828374267,1.7398934246799036,0.029500031401471703,EVALUATED,0.12798725416979684,valid,4.0,0.0,10.0,0.5135489219477802,0.491310301947544,0.0,C35,-0.18405320712480067,deepseek,0.4446100564470281,0.425756151458208,new,10.0,0.09022506161361636,0.829417966995762,,0.0935794972405366,1.0,10.0,deepseek/C35/train_2018/M0/run_01,1.642379348307467,0.0,2019.0,41033.0,2018.0,0.18371617463890427,0.0
M0,,,,,,,,,,,,,,,,,,,,,,,,,,,,,,,,,,,,,,,,,,,,,,MISSING,,failed,,1.0,1.0,,,0.0,C35,,glm,,,new,10.0,,,历史服务异常（见审计说明）,,1.0,1.0,glm/C35/train_2018/M0/run_01,,0.0,2019.0,,2018.0,,1.0
M1,0.3166228022772313,0.32028844872932294,0.3072517226220266,-0.1809358382296875,1.2546484618032945,0.0,0.22734718105300566,-0.1582827215470124,0.5476356297823286,0.5236837529357921,1.9546914847205463,0.0,0.3166228022772313,0.30375172089076585,-0.1814225279317364,1.2432113124459816,0.003064482991419877,0.16584390751894573,-0.1706422670761112,0.482466709796177,0.46176764296007633,1.7725935296180153,0.05344936153938129,0.3129512057090904,0.3002456890373777,-0.18190867620350537,1.2317055936545038,0.0061184915290581005,0.10691736879437919,-0.1828155466608542,0.4198685745034696,0.402202423417763,1.5894230166237973,0.10464334089163721,0.3184538063977962,0.3055000282949334,-0.18117954330230845,1.2489301560469714,0.0015334154473889787,0.19620955243351101,-0.1644933679652324,0.5146633588313072,0.4923691339424563,1.863632970067099,0.02701376478692374,EVALUATED,0.16584390751894573,valid,5.0,0.0,10.0,0.5476356297823286,0.5236837529357921,0.0,C35,-0.1706422670761112,deepseek,0.482466709796177,0.46176764296007633,new,10.0,0.10502588217164009,0.8935247444571438,,0.1212009307733446,1.0,10.0,deepseek/C35/train_2018/M1/run_01,1.7725935296180153,0.0,2019.0,65086.0,2018.0,0.17136339446001236,0.0
M1,,,,,,,,,,,,,,,,,,,,,,,,,,,,,,,,,,,,,,,,,,,,,,MISSING,,failed,,1.0,1.0,,,0.0,C35,,glm,,,new,10.0,,,历史服务异常（见审计说明）,,1.0,1.0,glm/C35/train_2018/M1/run_01,,0.0,2019.0,,2018.0,,1.0
M2,0.3166228022772313,0.32028844872932294,0.3072517226220266,-0.1809358382296875,1.2546484618032945,0.0,0.16744251176333202,-0.14961249877879146,0.48773096049265496,0.4667726902423699,1.8245744891349749,0.0,0.3166228022772313,0.30375172089076585,-0.1814225279317364,1.2432113124459816,0.003064482991419877,0.08574578826898893,-0.1648127276732293,0.4023685905462202,0.38553371566309735,1.5690822954823302,0.07232354900577037,0.3129512057090904,0.3002456890373777,-0.18190867620350537,1.2317055936545038,0.0061184915290581005,0.009213501013882519,-0.18199343321051786,0.3221647067229729,0.3090430611707031,1.3139420803549726,0.1405637448685488,0.3184538063977962,0.3055000282949334,-0.18117954330230845,1.2489301560469714,0.0015334154473889787,0.1258270031857267,-0.15710711798025845,0.4442808095835229,0.4254428057381223,1.69651646633869,0.03669031358234857,EVALUATED,0.08574578826898893,valid,4.0,0.0,10.0,0.48773096049265496,0.4667726902423699,0.0,C35,-0.1648127276732293,deepseek,0.4023685905462202,0.38553371566309735,new,10.0,0.10257621535366816,1.05512714742477,,0.06272819698865306,1.0,10.0,deepseek/C35/train_2018/M2/run_01,1.5690822954823302,0.0,2019.0,88849.0,2018.0,0.2316670090709281,0.0
M2,,,,,,,,,,,,,,,,,,,,,,,,,,,,,,,,,,,,,,,,,,,,,,MISSING,,failed,,1.0,1.0,,,0.0,C35,,glm,,,new,10.0,,,历史服务异常（见审计说明）,,1.0,1.0,glm/C35/train_2018/M2/run_01,,0.0,2019.0,,2018.0,,1.0
M0,,,,,,,,,,,,,,,,,,,,,,,,,,,,,,,,,,,,,,,,,,,,,,MISSING,,failed,,1.0,1.0,,,0.0,C39,,glm,,,new,10.0,,,历史服务异常（见审计说明）,,1.0,1.0,glm/C39/train_2018/M0/run_01,,0.0,2019.0,,2018.0,,1.0
M0,0.571664981513561,0.5765057687532602,0.5510828943728843,-0.18921713985495847,1.6630288507507456,0.0,0.13054871856371597,-0.18133629587502487,0.7070544873169762,0.6747609813631976,2.003012858082876,0.0,0.571664981513561,0.5464900153112744,-0.18934671935126313,1.652605417066369,0.003629155073570144,0.05830829200092791,-0.18217592524760706,0.629973273514489,0.6017790494173927,1.840974114768495,0.061124373934349024,0.5668412460592123,0.5419128121896313,-0.18947626785531413,1.6421740542264314,0.007246776212453938,-0.009602780826934776,-0.18293255854456902,0.5572384652322775,0.5327993121583283,1.6807622218381695,0.11945643909592416,0.5740827153760575,0.5487839943529358,-0.1892819334933039,1.6578168562625573,0.0018160227334115971,0.09404560916701454,-0.18175647791493932,0.668128324543072,0.6379200166675019,1.9221515045567055,0.030926713687174097,EVALUATED,0.05830829200092791,valid,3.0,0.0,10.0,0.7070544873169762,0.6747609813631976,0.0,C39,-0.18217592524760706,deepseek,0.629973273514489,0.6017790494173927,new,10.0,0.057940313568671464,0.4682981386050916,,0.035751303635148224,1.0,10.0,deepseek/C39/train_2018/M0/run_01,1.840974114768495,0.0,2019.0,40842.0,2018.0,0.18119059811432342,0.0
M1,,,,,,,,,,,,,,,,,,,,,,,,,,,,,,,,,,,,,,,,,,,,,,MISSING,,failed,,1.0,1.0,,,0.0,C39,,glm,,,new,10.0,,,历史服务异常（见审计说明）,,1.0,1.0,glm/C39/train_2018/M1/run_01,,0.0,2019.0,,2018.0,,1.0
M1,0.571664981513561,0.5765057687532602,0.5510828943728843,-0.18921713985495847,1.6630288507507456,0.0,0.18503903699182955,-0.16693935669930904,0.7615448057450898,0.7262821365160299,2.1239248629710588,0.0,0.571664981513561,0.5464900153112744,-0.18934671935126313,1.652605417066369,0.003629155073570144,0.12098047774471565,-0.16818976542025432,0.6926454592582767,0.6611273509039459,1.9834647665218887,0.05450405587956049,0.5668412460592123,0.5419128121896313,-0.18947626785531413,1.6421740542264314,0.007246776212453938,0.05988711475561437,-0.16942203427340075,0.6267283608148266,0.598704040887037,1.843174313821849,0.10679689196717933,0.5740827153760575,0.5487839943529358,-0.1892819334933039,1.6578168562625573,0.0018160227334115971,0.1527875351795709,-0.16756487454614366,0.7268702505556284,0.6935036882380288,2.0539880802930863,0.027536964323454028,EVALUATED,0.12098047774471565,valid,4.0,0.0,10.0,0.7615448057450898,0.7262821365160299,0.0,C39,-0.16818976542025432,deepseek,0.6926454592582767,0.6611273509039459,new,10.0,0.0597253126403427,0.5508451587598906,,0.07412743338636907,1.0,10.0,deepseek/C39/train_2018/M1/run_01,1.9834647665218887,0.0,2019.0,63664.0,2018.0,0.1581690092535628,0.0
M2,,,,,,,,,,,,,,,,,,,,,,,,,,,,,,,,,,,,,,,,,,,,,,MISSING,,failed,,1.0,1.0,,,0.0,C39,,glm,,,new,10.0,,,历史服务异常（见审计说明）,,1.0,1.0,glm/C39/train_2018/M2/run_01,,0.0,2019.0,,2018.0,,1.0
M2,0.571664981513561,0.5765057687532602,0.5510828943728843,-0.18921713985495847,1.6630288507507456,0.0,0.13000968501043664,-0.1705938927473475,0.7065154537636968,0.6742510292073418,1.9678257391082252,0.0,0.571664981513561,0.5464900153112744,-0.18934671935126313,1.652605417066369,0.003629155073570144,0.03438860523384202,-0.17245027665302937,0.6060535867474031,0.5791066376703309,1.7604270373896465,0.07831719265417782,0.5668412460592123,0.5419128121896313,-0.18947626785531413,1.6421740542264314,0.007246776212453938,-0.055503303157381056,-0.17512304768806475,0.5113379429018312,0.4892095573818571,1.5521064290409716,0.15184043326297622,0.5740827153760575,0.5487839943529358,-0.1892819334933039,1.6578168562625573,0.0018160227334115971,0.08143205834510003,-0.1715225431695011,0.6555147737211575,0.6259755952114994,1.8641557325504345,0.03977409494559494,EVALUATED,0.03438860523384202,valid,2.0,0.0,10.0,0.7065154537636968,0.6742510292073418,0.0,C39,-0.17245027665302937,deepseek,0.6060535867474031,0.5791066376703309,new,10.0,0.0402078461927526,0.3700281007423149,,0.021090742284871178,1.0,10.0,deepseek/C39/train_2018/M2/run_01,1.7604270373896465,0.0,2019.0,85330.0,2018.0,0.2389783804404084,0.0
M3,,,,,,,,,,,,,,,,,,,,,,,,,,,,,,,,,,,,,,,,,,,,,,MISSING,,failed,,1.0,1.0,,,0.0,C39,,glm,,,new,19.0,,,历史服务异常（见审计说明）,,1.0,1.0,glm/C39/train_2018/M3/run_01,,0.0,2019.0,,2018.0,,1.0
M3,0.571664981513561,0.5765057687532602,0.5510828943728843,-0.18921713985495847,1.6630288507507456,0.0,0.10752341372005025,-0.1732523411485566,0.6840291824733105,0.652972766199956,1.9406260326970275,0.0,0.571664981513561,0.5464900153112744,-0.18934671935126313,1.652605417066369,0.003629155073570144,0.04237208543739346,-0.17580216260859471,0.6140370669509545,0.5866751570429183,1.7935247157244205,0.057436946217343125,0.5668412460592123,0.5419128121896313,-0.18947626785531413,1.6421740542264314,0.007246776212453938,-0.019856728356276276,-0.17831698643015947,0.546984517702936,0.523065607217148,1.646284823275878,0.11239184250809427,0.5740827153760575,0.5487839943529358,-0.1892819334933039,1.6578168562625573,0.0018160227334115971,0.07453144177594861,-0.17452839661899255,0.6486141571520061,0.6194396716728265,1.8670224968642257,0.029033104649518342,EVALUATED,0.04237208543739346,valid,3.0,0.0,10.0,0.6840291824733105,0.652972766199956,0.0,C39,-0.17580216260859471,deepseek,0.6140370669509545,0.5866751570429183,new,19.0,0.06093143063082501,0.5113356478155017,,0.025984740498667502,1.0,19.0,deepseek/C39/train_2018/M3/run_01,1.7935247157244205,9.0,2019.0,113543.0,2018.0,0.16947525207479672,0.0
M2,,,,,,,,,,,,,,,,,,,,,,,,,,,,,,,,,,,,,,,,,,,,,,MISSING,,failed,,1.0,1.0,,,0.0,ALL,,glm,,,new,10.0,,,历史服务异常（见审计说明）,,1.0,1.0,glm/ALL/train_2019/M2/run_01,,0.0,2020.0,,2019.0,,1.0
M2,,,,,,,,,,,,,,,,,,,,,,,,,,,,,,,,,,,,,,,,,,,,,,MISSING,,partial,,0.0,10.0,,,0.0,ALL,,deepseek,,,new,10.0,,,单格 watchdog 超时,,1.0,10.0,deepseek/ALL/train_2019/M2/run_01,,0.0,2020.0,93613.0,2019.0,,0.0
M3,,,,,,,,,,,,,,,,,,,,,,,,,,,,,,,,,,,,,,,,,,,,,,MISSING,,failed,,1.0,1.0,,,0.0,ALL,,glm,,,new,19.0,,,历史服务异常（见审计说明）,,1.0,1.0,glm/ALL/train_2019/M3/run_01,,0.0,2020.0,,2019.0,,1.0
M3,,,,,,,,,,,,,,,,,,,,,,,,,,,,,,,,,,,,,,,,,,,,,,MISSING,,failed,,0.0,5.0,,,0.0,ALL,,deepseek,,,new,19.0,,,摘要格式不合规,,1.0,10.0,deepseek/ALL/train_2019/M3/run_01,,5.0,2020.0,58535.0,2019.0,,0.0
M0,,,,,,,,,,,,,,,,,,,,,,,,,,,,,,,,,,,,,,,,,,,,,,MISSING,,failed,,1.0,1.0,,,0.0,ALL,,glm,,,new,10.0,,,历史服务异常（见审计说明）,,1.0,1.0,glm/ALL/train_2019/M0/run_01,,0.0,2020.0,,2019.0,,1.0
M0,0.1651734703694836,0.16896568930393796,0.16174608611500574,-0.1340623586462646,0.758300059780993,0.0,-0.030395015371575074,-0.15897519355722434,0.1385706739323629,0.1327223919823306,0.6384830856477111,0.0,0.1651734703694836,0.15812661040894715,-0.13411626225213646,0.7450839571629432,0.003404397636155883,-0.0767367327395001,-0.16029118086582106,0.0884367376299835,0.08478269332211785,0.46090606506913795,0.04684495496764166,0.1613824161562627,0.1545077790894529,-0.1341792013014793,0.7318173220716839,0.006797278768480026,-0.12072079803813773,-0.16156954519988087,0.040661618118124965,0.03901699367121303,0.2846090089536998,0.09160211567944826,0.16707086287366035,0.1599376311920142,-0.13408723574770165,0.7517034583068499,0.0017035884435602435,-0.05404539542796982,-0.15963296788710857,0.11302546744569053,0.1083059406722966,0.5489284526183763,0.023685506960124683,EVALUATED,-0.0767367327395001,valid,12.0,0.0,10.0,0.1385706739323629,0.1327223919823306,0.0,ALL,-0.16029118086582106,deepseek,0.0884367376299835,0.08478269332211785,new,10.0,0.04865746840267845,0.4241956885447957,,-0.06332979177546982,1.0,10.0,deepseek/ALL/train_2019/M0/run_01,0.46090606506913795,0.0,2020.0,41276.0,2019.0,0.17948788230930782,0.0
M1,,,,,,,,,,,,,,,,,,,,,,,,,,,,,,,,,,,,,,,,,,,,,,MISSING,,failed,,1.0,1.0,,,0.0,ALL,,glm,,,new,10.0,,,历史服务异常（见审计说明）,,1.0,1.0,glm/ALL/train_2019/M1/run_01,,0.0,2020.0,,2019.0,,1.0
M1,0.1651734703694836,0.16896568930393796,0.16174608611500574,-0.1340623586462646,0.758300059780993,0.0,0.010891638990915053,-0.153858277130008,0.179857328294853,0.17213900363428514,0.7938828634934737,0.0,0.1651734703694836,0.15812661040894715,-0.13411626225213646,0.7450839571629432,0.003404397636155883,-0.03757328362491785,-0.15518900269883695,0.12760018674456575,0.12223934505841827,0.6097786957340746,0.04774596490744516,0.1613824161562627,0.1545077790894529,-0.1341792013014793,0.7318173220716839,0.006797278768480026,-0.08348994458736336,-0.15643504172086153,0.07789247156889934,0.07468889815169755,0.42725671423928746,0.09334331907419437,0.16707086287366035,0.1599376311920142,-0.13408723574770165,0.7517034583068499,0.0017035884435602435,-0.013761692132667536,-0.15452338888052553,0.15330917074099282,0.14679972705657818,0.7013321328088271,0.024150985933634763,EVALUATED,-0.03757328362491785,valid,20.0,0.0,10.0,0.179857328294853,0.17213900363428514,0.0,ALL,-0.15518900269883695,deepseek,0.12760018674456575,0.12223934505841827,new,10.0,0.04883750106456494,0.46071743308774893,,-0.030987341995238893,1.0,10.0,deepseek/ALL/train_2019/M1/run_01,0.6097786957340746,0.0,2020.0,68132.0,2019.0,0.17965487695658983,0.0
M3,,,,,,,,,,,,,,,,,,,,,,,,,,,,,,,,,,,,,,,,,,,,,,MISSING,,failed,,0.0,1.0,,,0.0,C26,,deepseek,,,new,19.0,,,摘要格式不合规,,1.0,2.0,deepseek/C26/train_2019/M3/run_01,,1.0,2020.0,9532.0,2019.0,,0.0
M3,,,,,,,,,,,,,,,,,,,,,,,,,,,,,,,,,,,,,,,,,,,,,,MISSING,,failed,,1.0,1.0,,,0.0,C26,,glm,,,new,19.0,,,历史服务异常（见审计说明）,,1.0,1.0,glm/C26/train_2019/M3/run_01,,0.0,2020.0,,2019.0,,1.0
M0,0.2450664189911813,0.2491100636748551,0.23813313377249679,-0.13966311023138167,0.9941592714588346,0.0,0.03785323031163479,-0.16992430779951528,0.2869632939864899,0.27414336460708943,1.0963747918789626,0.0,0.2450664189911813,0.23428382830795402,-0.13972059099685175,0.9815784818264451,0.003359564448601803,-0.023353854155484743,-0.17144030631778295,0.22171256483569657,0.21204261027589189,0.8964302930021012,0.0556900880442465,0.24104577007926675,0.23045592153126027,-0.13977799724716433,0.9690164612284203,0.006707129705550368,-0.08125113581189769,-0.17295483559890323,0.15979463426736906,0.1529919889682705,0.6968997821014074,0.10845778740896264,0.24708570329063373,0.23620612688814702,-0.13969185944352636,0.9878677038811172,0.0016813223943506594,0.0068209861564629826,-0.1706824958720442,0.2539066894470967,0.242698590740549,0.9963652800531235,0.028220152584242066,EVALUATED,-0.023353854155484743,valid,15.0,0.0,10.0,0.2869632939864899,0.27414336460708943,0.0,C26,-0.17144030631778295,deepseek,0.22171256483569657,0.21204261027589189,new,10.0,0.05701019090945748,0.47254454439293897,,-0.01801953288373881,1.0,10.0,deepseek/C26/train_2019/M0/run_01,0.8964302930021012,0.0,2020.0,42326.0,2019.0,0.20489093130164338,0.0
M0,,,,,,,,,,,,,,,,,,,,,,,,,,,,,,,,,,,,,,,,,,,,,,MISSING,,failed,,1.0,1.0,,,0.0,C26,,glm,,,new,10.0,,,历史服务异常（见审计说明）,,1.0,1.0,glm/C26/train_2019/M0/run_01,,0.0,2020.0,,2019.0,,1.0
M1,0.2450664189911813,0.2491100636748551,0.23813313377249679,-0.13966311023138167,0.9941592714588346,0.0,0.13151341633867641,-0.1591458449894192,0.3806234800135315,0.36306546086203073,1.401928200146148,0.0,0.2450664189911813,0.23428382830795402,-0.13972059099685175,0.9815784818264451,0.003359564448601803,0.07486526606228283,-0.16041471608097213,0.31993168505346414,0.30547231549914455,1.2230596685882404,0.050538895866417424,0.24104577007926675,0.23045592153126027,-0.13977799724716433,0.9690164612284203,0.006707129705550368,0.02084854579632367,-0.16170253460891182,0.2618943158755904,0.2502997246340708,1.044162990325411,0.09874744637300238,0.24708570329063373,0.23620612688814702,-0.13969185944352636,0.9878677038811172,0.0016813223943506594,0.10287011095004273,-0.15977005310186465,0.34995581424067645,0.3339763893010592,1.3125764925252095,0.025568057823628143,EVALUATED,0.07486526606228283,valid,19.0,0.0,10.0,0.3806234800135315,0.36306546086203073,0.0,C26,-0.16041471608097213,deepseek,0.31993168505346414,0.30547231549914455,new,10.0,0.05856705805291967,0.4522279007262058,,0.057675945806387796,1.0,10.0,deepseek/C26/train_2019/M1/run_01,1.2230596685882404,0.0,2020.0,69411.0,2019.0,0.178559375671887,0.0
M1,,,,,,,,,,,,,,,,,,,,,,,,,,,,,,,,,,,,,,,,,,,,,,MISSING,,failed,,1.0,1.0,,,0.0,C26,,glm,,,new,10.0,,,历史服务异常（见审计说明）,,1.0,1.0,glm/C26/train_2019/M1/run_01,,0.0,2020.0,,2019.0,,1.0
M2,0.2450664189911813,0.2491100636748551,0.23813313377249679,-0.13966311023138167,0.9941592714588346,0.0,0.076214000452699,-0.15825315680339258,0.3253240641275541,0.31059356927405823,1.266065826800175,0.0,0.2450664189911813,0.23428382830795402,-0.13972059099685175,0.9815784818264451,0.003359564448601803,0.027566804811399948,-0.1593783465396088,0.27263322380258126,0.26051600900649974,1.101098186957186,0.04409634504395205,0.24104577007926675,0.23045592153126027,-0.13977799724716433,0.9690164612284203,0.006707129705550368,-0.01888856075701706,-0.16050259046611892,0.2221572093222497,0.2124662273425364,0.9363839877901531,0.0863567723315346,0.24708570329063373,0.23620612688814702,-0.13969185944352636,0.9878677038811172,0.0016813223943506594,0.05174104593997986,-0.1588160024198667,0.2988267492306136,0.2854205045711129,1.1839487485219278,0.02228455110496467,EVALUATED,0.027566804811399948,valid,19.0,0.0,10.0,0.3253240641275541,0.31059356927405823,0.0,C26,-0.1593783465396088,deepseek,0.27263322380258126,0.26051600900649974,new,10.0,0.05905019198468537,0.5018458787365229,,0.02125295665139415,1.0,10.0,deepseek/C26/train_2019/M2/run_01,1.101098186957186,0.0,2020.0,93502.0,2019.0,0.15954309489103988,0.0
M2,,,,,,,,,,,,,,,,,,,,,,,,,,,,,,,,,,,,,,,,,,,,,,MISSING,,failed,,1.0,1.0,,,0.0,C26,,glm,,,new,10.0,,,历史服务异常（见审计说明）,,1.0,1.0,glm/C26/train_2019/M2/run_01,,0.0,2020.0,,2019.0,,1.0
M0,,,,,,,,,,,,,,,,,,,,,,,,,,,,,,,,,,,,,,,,,,,,,,MISSING,,failed,,1.0,1.0,,,0.0,C35,,glm,,,new,10.0,,,历史服务异常（见审计说明）,,1.0,1.0,glm/C35/train_2019/M0/run_01,,0.0,2020.0,,2019.0,,1.0
M0,0.3449013736836908,0.34947574411691407,0.3335208234539717,-0.13063670109077152,1.2838749101585025,0.0,0.056950224348713,-0.137279016569392,0.40642596846562706,0.38751990733884867,1.4395198528702962,0.0,0.3449013736836908,0.3291796202218884,-0.1307881240808897,1.2707580783042223,0.0037808209962820116,-0.01082976991980078,-0.13874821092859946,0.33407160376389,0.3188995313668368,1.2355572108741883,0.06133603790934666,0.340305345618811,0.32481727315380327,-0.13094026631075872,1.2575256299389135,0.007546269333003841,-0.07486738036407337,-0.14209563942563286,0.2654379652547376,0.25367129746958095,1.03164822278324,0.11931358089719009,0.3471910063921473,0.3313526176925494,-0.13071233086907752,1.2773301838930244,0.0018922732844535689,0.022573069118375422,-0.13801410340137177,0.3697640755105227,0.3527679975964668,1.3375353506360286,0.031099163815232124,EVALUATED,-0.01082976991980078,valid,9.0,0.0,10.0,0.40642596846562706,0.38751990733884867,0.0,C35,-0.13874821092859946,deepseek,0.33407160376389,0.3188995313668368,new,10.0,0.05352741223362501,0.42051723996502033,,-0.007734160754989228,1.0,10.0,deepseek/C35/train_2019/M0/run_01,1.2355572108741883,0.0,2020.0,42484.0,2019.0,0.20981211256798848,0.0
M1,,,,,,,,,,,,,,,,,,,,,,,,,,,,,,,,,,,,,,,,,,,,,,MISSING,,failed,,1.0,1.0,,,0.0,C35,,glm,,,new,10.0,,,历史服务异常（见审计说明）,,1.0,1.0,glm/C35/train_2019/M1/run_01,,0.0,2020.0,,2019.0,,1.0
M1,0.3449013736836908,0.34947574411691407,0.3335208234539717,-0.13063670109077152,1.2838749101585025,0.0,0.02489647756573654,-0.13559026306640376,0.3743722216826506,0.3571380803826698,1.3436919142169694,0.0,0.3449013736836908,0.3291796202218884,-0.1307881240808897,1.2707580783042223,0.0037808209962820116,-0.044651291496937695,-0.13690874451873736,0.3002500821867531,0.2867732182756566,1.1304928590575443,0.06383018825994681,0.340305345618811,0.32481727315380327,-0.13094026631075872,1.2575256299389135,0.007546269333003841,-0.10985944256672187,-0.1423480105940096,0.23044590305208912,0.22036182822389994,0.9188080077717388,0.12411336254776698,0.3471910063921473,0.3313526176925494,-0.13071233086907752,1.2773301838930244,0.0018922732844535689,-0.010422697416942128,-0.13625003453709394,0.33676830897520516,0.3214596699032364,1.2369639730825854,0.03237368305345014,EVALUATED,-0.044651291496937695,valid,12.0,0.0,10.0,0.3743722216826506,0.3571380803826698,0.0,C35,-0.13690874451873736,deepseek,0.3002500821867531,0.2867732182756566,new,10.0,0.041836767307866785,0.28197646970597157,,-0.0319041921054678,1.0,10.0,deepseek/C35/train_2019/M1/run_01,1.1304928590575443,0.0,2020.0,66550.0,2019.0,0.22072356717872016,0.0
M2,,,,,,,,,,,,,,,,,,,,,,,,,,,,,,,,,,,,,,,,,,,,,,MISSING,,failed,,1.0,1.0,,,0.0,C35,,glm,,,new,10.0,,,历史服务异常（见审计说明）,,1.0,1.0,glm/C35/train_2019/M2/run_01,,0.0,2020.0,,2019.0,,1.0
M2,0.3449013736836908,0.34947574411691407,0.3335208234539717,-0.13063670109077152,1.2838749101585025,0.0,0.016712284182498482,-0.13258630214241784,0.36618802829941255,0.3493762921112118,1.3358018518671266,0.0,0.3449013736836908,0.3291796202218884,-0.1307881240808897,1.2707580783042223,0.0037808209962820116,-0.04681529148261543,-0.13412861627304185,0.29808608220107535,0.28471656277534185,1.1368496695496952,0.058847426305486304,0.340305345618811,0.32481727315380327,-0.13094026631075872,1.2575256299389135,0.007546269333003841,-0.1072098438292004,-0.14303900619650145,0.23309550178961058,0.22288532341617184,0.9372112806523447,0.11461037968588358,0.3471910063921473,0.3313526176925494,-0.13071233086907752,1.2773301838930244,0.0018922732844535689,-0.015468793233900602,-0.1333550271531483,0.3317222131582467,0.31666895133085493,1.2363864394456838,0.02981830368521901,EVALUATED,-0.04681529148261543,valid,20.0,0.0,10.0,0.36618802829941255,0.3493762921112118,0.0,C35,-0.13412861627304185,deepseek,0.29808608220107535,0.28471656277534185,new,10.0,0.05122725817227868,0.34454442473643715,,-0.033451504048131575,1.0,10.0,deepseek/C35/train_2019/M2/run_01,1.1368496695496952,0.0,2020.0,93397.0,2019.0,0.2034480892199848,0.0
M3,,,,,,,,,,,,,,,,,,,,,,,,,,,,,,,,,,,,,,,,,,,,,,MISSING,,failed,,1.0,1.0,,,0.0,C35,,glm,,,new,19.0,,,历史服务异常（见审计说明）,,1.0,1.0,glm/C35/train_2019/M3/run_01,,0.0,2020.0,,2019.0,,1.0
M3,0.3449013736836908,0.34947574411691407,0.3335208234539717,-0.13063670109077152,1.2838749101585025,0.0,0.09538887650600536,-0.13484554918572467,0.4448646206229194,0.42391744062885883,1.581073595463481,0.0,0.3449013736836908,0.3291796202218884,-0.1307881240808897,1.2707580783042223,0.0037808209962820116,0.038453893635523206,-0.137435093813978,0.383355267319214,0.36565537953718286,1.4076403127474326,0.052653157804748794,0.340305345618811,0.32481727315380327,-0.13094026631075872,1.2575256299389135,0.007546269333003841,-0.01578443581346156,-0.148021689371982,0.3245209098053494,0.30983084951370543,1.2343533856209672,0.10294878396934418,0.3471910063921473,0.3313526176925494,-0.13071233086907752,1.2773301838930244,0.0018922732844535689,0.06658057301301379,-0.13614131699435295,0.41377157940516107,0.39447848000929286,1.4943652901785567,0.026628548856890415,EVALUATED,0.038453893635523206,valid,12.0,0.0,10.0,0.4448646206229194,0.42391744062885883,0.0,C35,-0.137435093813978,deepseek,0.383355267319214,0.36565537953718286,new,19.0,0.059302192800615196,0.3991465074822358,,0.027442310098920508,1.0,19.0,deepseek/C35/train_2019/M3/run_01,1.4076403127474326,9.0,2020.0,124434.0,2019.0,0.1743239270982816,0.0
M1,0.14167688730000738,0.1453673277851948,0.13921504411023689,-0.24502666144287344,0.5794800418306295,0.0,0.0061537574138110784,-0.2161892580605601,0.15152108519900587,0.14509223646655767,0.595882518948003,0.0,0.14167688730000738,0.13568986046434195,-0.24524253634565918,0.5696163459641145,0.0033809556562457996,-0.05008759117372219,-0.22013313497560738,0.09158929612628519,0.08779981344129628,0.4323103949726605,0.054516797361250806,0.13800804176754955,0.13218485650515355,-0.24545855807040096,0.5597761764935796,0.006750623791957606,-0.10311716264287996,-0.22405405673637013,0.034890879124669594,0.03348340028732766,0.26963611999758513,0.10619353246482709,0.14351858314920185,0.13744914214699344,-0.2451346291565295,0.5745431193317055,0.0016918822617603357,-0.02240179471544601,-0.2181640854414575,0.12111678843375584,0.11604211638381479,0.5139325039244822,0.027623497593367508,EVALUATED,-0.05008759117372219,valid,5.0,0.0,10.0,0.15152108519900587,0.14509223646655767,0.0,C39,-0.22013313497560738,deepseek,0.09158929612628519,0.08779981344129628,new,10.0,0.04091831624034604,0.3909603928190637,,-0.042168243893156876,1.0,10.0,deepseek/C39/train_2019/M1/run_01,0.4323103949726605,0.0,2020.0,64583.0,2019.0,0.2119809099743797,0.0
M1,,,,,,,,,,,,,,,,,,,,,,,,,,,,,,,,,,,,,,,,,,,,,,MISSING,,failed,,1.0,1.0,,,0.0,C39,,glm,,,new,10.0,,,历史服务异常（见审计说明）,,1.0,1.0,glm/C39/train_2019/M1/run_01,,0.0,2020.0,,2019.0,,1.0
M2,0.14167688730000738,0.1453673277851948,0.13921504411023689,-0.24502666144287344,0.5794800418306295,0.0,-0.08220604685665678,-0.24753672218668388,0.06316128092853801,0.060580480438705564,0.3531560493422895,0.0,0.14167688730000738,0.13568986046434195,-0.24524253634565918,0.5696163459641145,0.0033809556562457996,-0.13134185707798385,-0.25155450291834425,0.010335030222023533,0.009922882023198465,0.19082155687493985,0.05008480298629396,0.13800804176754955,0.13218485650515355,-0.24545855807040096,0.5597761764935796,0.006750623791957606,-0.1777721512436652,-0.25552867085048947,-0.03976410947611564,-0.038216720190264675,0.029510268103193196,0.09765080813928197,0.14351858314920185,0.13744914214699344,-0.2451346291565295,0.5745431193317055,0.0016918822617603357,-0.10715156214601596,-0.24954935762607544,0.036367021003185895,0.03489899713744027,0.271780023994725,0.02536547612151389,EVALUATED,-0.13134185707798385,valid,2.0,0.0,10.0,0.06316128092853801,0.060580480438705564,0.0,C39,-0.25155450291834425,deepseek,0.010335030222023533,0.009922882023198465,new,10.0,0.037302271615987516,0.3442688591929141,,-0.11074060165485844,1.0,10.0,deepseek/C39/train_2019/M2/run_01,0.19082155687493985,0.0,2020.0,87592.0,2019.0,0.2019485656517765,0.0
M2,,,,,,,,,,,,,,,,,,,,,,,,,,,,,,,,,,,,,,,,,,,,,,MISSING,,failed,,1.0,1.0,,,0.0,C39,,glm,,,new,10.0,,,历史服务异常（见审计说明）,,1.0,1.0,glm/C39/train_2019/M2/run_01,,0.0,2020.0,,2019.0,,1.0
M3,,,,,,,,,,,,,,,,,,,,,,,,,,,,,,,,,,,,,,,,,,,,,,MISSING,,failed,,0.0,2.0,,,0.0,C39,,deepseek,,,new,19.0,,,摘要格式不合规,,1.0,4.0,deepseek/C39/train_2019/M3/run_01,,2.0,2020.0,21640.0,2019.0,,0.0
M3,,,,,,,,,,,,,,,,,,,,,,,,,,,,,,,,,,,,,,,,,,,,,,MISSING,,failed,,1.0,1.0,,,0.0,C39,,glm,,,new,19.0,,,历史服务异常（见审计说明）,,1.0,1.0,glm/C39/train_2019/M3/run_01,,0.0,2020.0,,2019.0,,1.0
M0,0.14167688730000738,0.1453673277851948,0.13921504411023689,-0.24502666144287344,0.5794800418306295,0.0,-0.03403271290562393,-0.22322668605420593,0.11133461487957086,0.10668902182719653,0.48624613481940754,0.0,0.14167688730000738,0.13568986046434195,-0.24524253634565918,0.5696163459641145,0.0033809556562457996,-0.08172062027348947,-0.2265817930953392,0.059956267026517907,0.05750993715270414,0.34264785441663925,0.048391081960172236,0.13800804176754955,0.13218485650515355,-0.24545855807040096,0.5597761764935796,0.006750623791957606,-0.1269621692209837,-0.2298265211610031,0.01104587254656586,0.010605228327285943,0.19967574598569857,0.09453807589914391,0.14351858314920185,0.13744914214699344,-0.2451346291565295,0.5745431193317055,0.0016918822617603357,-0.05818243579464544,-0.2249143378175371,0.08533614735455641,0.08181497053031794,0.4143978588027978,0.02448328741678616,EVALUATED,-0.08172062027348947,valid,4.0,0.0,10.0,0.11133461487957086,0.10668902182719653,0.0,C39,-0.2265817930953392,deepseek,0.059956267026517907,0.05750993715270414,new,10.0,0.034009050396477794,0.23392189076290518,,-0.06883914881451259,1.0,10.0,deepseek/C39/train_2019/M0/run_01,0.34264785441663925,0.0,2020.0,40565.0,2019.0,0.19067348291521163,0.0
M0,,,,,,,,,,,,,,,,,,,,,,,,,,,,,,,,,,,,,,,,,,,,,,MISSING,,failed,,1.0,1.0,,,0.0,C39,,glm,,,new,10.0,,,历史服务异常（见审计说明）,,1.0,1.0,glm/C39/train_2019/M0/run_01,,0.0,2020.0,,2019.0,,1.0
M3,,,,,,,,,,,,,,,,,,,,,,,,,,,,,,,,,,,,,,,,,,,,,,MISSING,,failed,,0.0,2.0,,,0.0,ALL,,deepseek,,,new,19.0,,,摘要格式不合规,,1.0,4.0,deepseek/ALL/train_2020/M3/run_01,,2.0,2021.0,21251.0,2020.0,,0.0
M3,,,,,,,,,,,,,,,,,,,,,,,,,,,,,,,,,,,,,,,,,,,,,,MISSING,,partial,,0.0,8.0,,,0.0,ALL,,glm,,,reused,19.0,,,原始记录保留,,1.0,15.0,glm/ALL/train_2020/M3/run_01,,7.0,2021.0,89269.0,2020.0,,0.0
M0,0.2700723328862653,0.2745464284251724,0.26233574509462665,-0.11184540867656945,1.5981762623730418,0.0,-0.00011664723954507572,-0.07509274333089877,0.27442978118562733,0.26222479969486545,1.7285650847829999,0.0,0.2700723328862653,0.2580800590323502,-0.11209435465984308,1.5761129574185302,0.003514551582963619,-0.0497775197804895,-0.07837500547813103,0.2202948131057758,0.21069186374057924,1.431325639398113,0.04435751321538495,0.26560718861181276,0.2538322941058522,-0.11264236763377367,1.5539525469098714,0.007017036417810955,-0.09754397663698366,-0.08205900522778364,0.1680632119748291,0.1608847607552728,1.1308686708408675,0.08676539554159766,0.27230298813883147,0.2602018958382377,-0.11197217353713518,1.5871260576303392,0.001758724378832187,-0.02508000433273816,-0.0767302456533071,0.2472229838060933,0.2363368093685978,1.5810867950762122,0.022426666716338254,EVALUATED,-0.0497775197804895,valid,4.0,0.0,10.0,0.27442978118562733,0.26222479969486545,0.0,ALL,-0.07837500547813103,deepseek,0.2202948131057758,0.21069186374057924,new,10.0,0.0383480378523227,0.4725901803400292,,-0.03766707448508444,1.0,10.0,deepseek/ALL/train_2020/M0/run_01,1.431325639398113,0.0,2021.0,40333.0,2020.0,0.17300616479920633,0.0
M0,,,,,,,,,,,,,,,,,,,,,,,,,,,,,,,,,,,,,,,,,,,,,,MISSING,,failed,,1.0,1.0,,,0.0,ALL,,glm,,,new,10.0,,,历史服务异常（见审计说明）,,1.0,1.0,glm/ALL/train_2020/M0/run_01,,0.0,2021.0,,2020.0,,1.0
M1,0.2700723328862653,0.2745464284251724,0.26233574509462665,-0.11184540867656945,1.5981762623730418,0.0,0.06607696780028416,-0.08975109783800372,0.34062339622545657,0.3251191718524815,2.023243242702819,0.0,0.2700723328862653,0.2580800590323502,-0.11209435465984308,1.5761129574185302,0.003514551582963619,0.007219518326819108,-0.09482615645276271,0.2772918512130844,0.2649468524692882,1.7010047468572589,0.05106361008449779,0.26560718861181276,0.2538322941058522,-0.11264236763377367,1.5539525469098714,0.007017036417810955,-0.04977197809176026,-0.09992766413116538,0.2158352105200525,0.2064426226545084,1.3709619495543466,0.09961003696705877,0.27230298813883147,0.2602018958382377,-0.11197217353713518,1.5871260576303392,0.001758724378832187,0.036371178036477714,-0.09229569433015539,0.3086741661753092,0.2947781370672149,1.862903753722213,0.02584584041571041,EVALUATED,0.007219518326819108,valid,2.0,0.0,10.0,0.34062339622545657,0.3251191718524815,0.0,ALL,-0.09482615645276271,deepseek,0.2772918512130844,0.2649468524692882,new,10.0,0.06238207182212476,0.5832123917502463,,0.005458152990851506,1.0,10.0,deepseek/ALL/train_2020/M1/run_01,1.7010047468572589,0.0,2021.0,64392.0,2020.0,0.19427783029942958,0.0
M1,,,,,,,,,,,,,,,,,,,,,,,,,,,,,,,,,,,,,,,,,,,,,,MISSING,,failed,,1.0,1.0,,,0.0,ALL,,glm,,,new,10.0,,,历史服务异常（见审计说明）,,1.0,1.0,glm/ALL/train_2020/M1/run_01,,0.0,2021.0,,2020.0,,1.0
M2,0.2700723328862653,0.2745464284251724,0.26233574509462665,-0.11184540867656945,1.5981762623730418,0.0,0.088694847125395,-0.08714399764811265,0.3632412755505674,0.3465811768446936,2.0960866632355195,0.0,0.2700723328862653,0.2580800590323502,-0.11209435465984308,1.5761129574185302,0.003514551582963619,0.026024576953011413,-0.09209096867090782,0.2960969098392767,0.28282594262405936,1.7672088369461145,0.052710061249132564,0.26560718861181276,0.2538322941058522,-0.11264236763377367,1.5539525469098714,0.007017036417810955,-0.03391347480768814,-0.09703711291044725,0.23169371380412462,0.22155027819225426,1.4327892753206999,0.10273102336675437,0.27230298813883147,0.2602018958382377,-0.11197217353713518,1.5871260576303392,0.001758724378832187,0.05715528935859604,-0.08958051467561956,0.3294582774974275,0.3145193569730398,1.9330780400673473,0.02669911127546114,EVALUATED,0.026024576953011413,valid,3.0,0.0,10.0,0.3632412755505674,0.3465811768446936,0.0,ALL,-0.09209096867090782,deepseek,0.2960969098392767,0.28282594262405936,new,10.0,0.05900911331070992,0.6482538023019112,,0.019669561896356935,1.0,10.0,deepseek/ALL/train_2020/M2/run_01,1.7672088369461145,0.0,2021.0,87439.0,2020.0,0.20065529576935054,0.0
M2,0.2700723328862653,0.2745464284251724,0.26233574509462665,-0.11184540867656945,1.5981762623730418,0.0,0.026372692045258495,-0.08378638774130176,0.3009191204704309,0.28740904164367165,2.045383520172115,0.0,0.2700723328862653,0.2580800590323502,-0.11209435465984308,1.5761129574185302,0.003514551582963619,-0.03454438261741455,-0.08824422193831194,0.23552795026885076,0.22520181383399507,1.6565284352165621,0.05294885549828973,0.26560718861181276,0.2538322941058522,-0.11264236763377367,1.5539525469098714,0.007017036417810955,-0.09251134862209609,-0.09307840751505625,0.17309583998971667,0.1656875701056182,1.2632366435424371,0.10315965260513234,0.27230298813883147,0.2602018958382377,-0.11197217353713518,1.5871260576303392,0.001758724378832187,-0.004537232126544,-0.08604197545347625,0.26776575601228747,0.2558858487765363,1.8510801861326427,0.026825240094746454,EVALUATED,-0.03454438261741455,valid,2.0,0.0,10.0,0.3009191204704309,0.28740904164367165,0.0,ALL,-0.08824422193831194,glm,0.23552795026885076,0.22520181383399507,reused,10.0,0.056714601779335426,0.5509370665454772,,-0.026133666901646424,1.0,10.0,glm/ALL/train_2020/M2/run_01,1.6565284352165621,0.0,2021.0,85461.0,2020.0,0.20571982472860986,0.0
M0,,,,,,,,,,,,,,,,,,,,,,,,,,,,,,,,,,,,,,,,,,,,,,MISSING,,failed,,1.0,1.0,,,0.0,C26,,glm,,,new,10.0,,,历史服务异常（见审计说明）,,1.0,1.0,glm/C26/train_2020/M0/run_01,,0.0,2021.0,,2020.0,,1.0
M0,0.579079600773025,0.5849532371882444,0.5562497417808621,-0.15498706039350596,2.1555246850301626,0.0,0.0014239283743331388,-0.18914958973859508,0.5863771655625776,0.5575923771059386,1.9513147185589188,0.0,0.579079600773025,0.5507109288515886,-0.1553187559394955,2.139100374882684,0.004156774068575747,-0.08602699799012381,-0.19199046810492115,0.4930526027829012,0.46949247512780223,1.7093438082207164,0.07115120302718743,0.5732668306060056,0.5452287075772491,-0.15564380729082594,2.1227500908193537,0.008294172319240208,-0.16793199470914844,-0.1974120400122723,0.40533483589685715,0.38648614340260234,1.4674069156162373,0.13793881035410482,0.5820118838783126,0.5534761607400744,-0.15515298515362175,2.147312960910889,0.0020808434342157226,-0.043013655020095465,-0.189658896701557,0.5389982288582171,0.5128923815011155,1.8303775028897418,0.036138883068906856,EVALUATED,-0.08602699799012381,valid,2.0,0.0,10.0,0.5863771655625776,0.5575923771059386,0.0,C26,-0.19199046810492115,deepseek,0.4930526027829012,0.46949247512780223,new,10.0,0.013144951990763817,0.13799653289351532,,-0.05237497989643647,1.0,10.0,deepseek/C26/train_2020/M0/run_01,1.7093438082207164,0.0,2021.0,40141.0,2020.0,0.23839441533628555,0.0
M1,,,,,,,,,,,,,,,,,,,,,,,,,,,,,,,,,,,,,,,,,,,,,,MISSING,,failed,,1.0,1.0,,,0.0,C26,,glm,,,new,10.0,,,历史服务异常（见审计说明）,,1.0,1.0,glm/C26/train_2020/M1/run_01,,0.0,2021.0,,2020.0,,1.0
M1,0.579079600773025,0.5849532371882444,0.5562497417808621,-0.15498706039350596,2.1555246850301626,0.0,0.14470279356858673,-0.14617135255387537,0.7296560307568312,0.6924540965559831,2.5707917624360537,0.0,0.579079600773025,0.5507109288515886,-0.1553187559394955,2.139100374882684,0.004156774068575747,0.053571002469940954,-0.15022958042524615,0.632650603242966,0.6011982550956598,2.3084119697398995,0.07046897507736867,0.5732668306060056,0.5452287075772491,-0.15564380729082594,2.1227500908193537,0.008294172319240208,-0.03213939815577094,-0.1551862287361323,0.5411274324502346,0.5149023535368795,2.045051566374143,0.1367056510515515,0.5820118838783126,0.5534761607400744,-0.15515298515362175,2.147312960910889,0.0020808434342157226,0.09843278387446497,-0.1477418591519598,0.6804446677527776,0.6461856498359089,2.439777510925141,0.035779965856919345,EVALUATED,0.053571002469940954,valid,2.0,0.0,10.0,0.7296560307568312,0.6924540965559831,0.0,C26,-0.15022958042524615,deepseek,0.632650603242966,0.6011982550956598,new,10.0,0.04223609150191913,0.3567621438778048,,0.03255753558238017,1.0,10.0,deepseek/C26/train_2020/M1/run_01,2.3084119697398995,0.0,2021.0,66018.0,2020.0,0.22915719742852889,0.0
M2,,,,,,,,,,,,,,,,,,,,,,,,,,,,,,,,,,,,,,,,,,,,,,MISSING,,failed,,1.0,1.0,,,0.0,C26,,glm,,,new,10.0,,,历史服务异常（见审计说明）,,1.0,1.0,glm/C26/train_2020/M2/run_01,,0.0,2021.0,,2020.0,,1.0
M2,0.579079600773025,0.5849532371882444,0.5562497417808621,-0.15498706039350596,2.1555246850301626,0.0,-0.1281037914555785,-0.09994832550589616,0.45684944573266595,0.43525795887527563,2.095443045947577,0.0,0.579079600773025,0.5507109288515886,-0.1553187559394955,2.139100374882684,0.004156774068575747,-0.18927715016807078,-0.10095723039129345,0.3898024506049542,0.37176694034230495,1.8455957988379181,0.051891284054703335,0.5732668306060056,0.5452287075772491,-0.15564380729082594,2.1227500908193537,0.008294172319240208,-0.24720249492101165,-0.10409084759653142,0.32606433568499393,0.31129655583948246,1.5949432202983436,0.10132582917298075,0.5820118838783126,0.5534761607400744,-0.15515298515362175,2.147312960910889,0.0020808434342157226,-0.15903708529435168,-0.10030147862334571,0.4229747985839609,0.40319476032325996,1.9709470840410874,0.026263776468841003,EVALUATED,-0.18927715016807078,valid,2.0,0.0,10.0,0.45684944573266595,0.43525795887527563,0.0,C26,-0.10095723039129345,deepseek,0.3898024506049542,0.37176694034230495,new,10.0,0.02219760915744619,0.12931804214079662,,-0.11539480710425143,1.0,10.0,deepseek/C26/train_2020/M2/run_01,1.8455957988379181,0.0,2021.0,87528.0,2020.0,0.18693166422557078,0.0
M3,,,,,,,,,,,,,,,,,,,,,,,,,,,,,,,,,,,,,,,,,,,,,,MISSING,,failed,,1.0,1.0,,,0.0,C26,,glm,,,new,19.0,,,历史服务异常（见审计说明）,,1.0,1.0,glm/C26/train_2020/M3/run_01,,0.0,2021.0,,2020.0,,1.0
M3,0.579079600773025,0.5849532371882444,0.5562497417808621,-0.15498706039350596,2.1555246850301626,0.0,0.22987950980997662,-0.12379450812393433,0.8148327469982211,0.7724145770173616,2.8605887908771614,0.0,0.579079600773025,0.5507109288515886,-0.1553187559394955,2.139100374882684,0.004156774068575747,0.14649352176282604,-0.1247237076258485,0.725573122535851,0.6886173602427692,2.6237523855493188,0.06290001421871776,0.5732668306060056,0.5452287075772491,-0.15564380729082594,2.1227500908193537,0.008294172319240208,0.06757963656326682,-0.12564949337361275,0.6408464671692724,0.6089164943256398,2.3862228883134637,0.1225321552763656,0.5820118838783126,0.5534761607400744,-0.15515298515362175,2.147312960910889,0.0020808434342157226,0.18763435154379282,-0.12425953537413936,0.7696462354221054,0.7300142978414788,2.7423707092370355,0.031872947698523973,EVALUATED,0.14649352176282604,valid,3.0,0.0,10.0,0.8148327469982211,0.7724145770173616,0.0,C26,-0.1247237076258485,deepseek,0.725573122535851,0.6886173602427692,new,19.0,0.02676934164880422,0.2872932910177802,,0.08893110174525565,1.0,19.0,deepseek/C26/train_2020/M3/run_01,2.6237523855493188,9.0,2021.0,116280.0,2020.0,0.20147273986486372,0.0
M1,0.3730153005184704,0.3780249210887643,0.36060166295795004,-0.11588780971188839,1.7998898266318517,0.0,-0.14376532987433532,-0.11306329740843968,0.23425959121442896,0.22399394174941722,1.2221231220811148,0.0,0.3730153005184704,0.3558513201819724,-0.11615898959679671,1.7803995232782253,0.0036629041814053805,-0.18086409511771295,-0.11875575051363885,0.19215120540075747,0.18386538035659505,1.0358896039435206,0.03531726562520183,0.3679345214349672,0.3510327991952864,-0.11649116988184638,1.760448797951041,0.00731284778282665,-0.21650135074621257,-0.12443578686607981,0.15143317068875461,0.1450082818427758,0.849007735267097,0.06939755224715664,0.37549280855068456,0.35820068817897566,-0.11603891038725556,1.7900582787670216,0.0018334769665410702,-0.16248835608761136,-0.11591450022331484,0.2130044524630732,0.20374507198457747,1.1290004800459021,0.017815596097464973,EVALUATED,-0.18086409511771295,valid,2.0,0.0,10.0,0.23425959121442896,0.22399394174941722,0.0,C35,-0.11875575051363885,deepseek,0.19215120540075747,0.18386538035659505,new,10.0,0.03556456991760495,0.29038504514080576,,-0.12684719722977789,1.0,10.0,deepseek/C35/train_2020/M1/run_01,1.0358896039435206,0.0,2021.0,65588.0,2020.0,0.13743056298479012,0.0
M1,,,,,,,,,,,,,,,,,,,,,,,,,,,,,,,,,,,,,,,,,,,,,,MISSING,,failed,,1.0,1.0,,,0.0,C35,,glm,,,new,10.0,,,历史服务异常（见审计说明）,,1.0,1.0,glm/C35/train_2020/M1/run_01,,0.0,2021.0,,2020.0,,1.0
M2,0.3730153005184704,0.3780249210887643,0.36060166295795004,-0.11588780971188839,1.7998898266318517,0.0,-0.1458670843803196,-0.11072561599020958,0.2321578367084447,0.22199230967471917,1.1953091461555145,0.0,0.3730153005184704,0.3558513201819724,-0.11615898959679671,1.7803995232782253,0.0036629041814053805,-0.18100459418574633,-0.1133810689020911,0.1920107063327241,0.18373139409720296,1.0210555638150225,0.032830063693530066,0.3679345214349672,0.3510327991952864,-0.11649116988184638,1.760448797951041,0.00731284778282665,-0.21481507356342133,-0.11597639149065175,0.15311944787154586,0.14661856061139056,0.8460957221321452,0.0645645111402266,0.37549280855068456,0.35820068817897566,-0.11603891038725556,1.7900582787670216,0.0018334769665410702,-0.1634889411008289,-0.11205619393745492,0.21200386744985567,0.20279151191632838,1.1086163143537084,0.016556725105675397,EVALUATED,-0.18100459418574633,valid,1.0,0.0,10.0,0.2321578367084447,0.22199230967471917,0.0,C35,-0.1133810689020911,deepseek,0.1920107063327241,0.18373139409720296,new,10.0,0.042147625077559946,0.4398770314063118,,-0.1269460179908729,1.0,10.0,deepseek/C35/train_2020/M2/run_01,1.0210555638150225,0.0,2021.0,85197.0,2020.0,0.12946270105635801,0.0
M2,,,,,,,,,,,,,,,,,,,,,,,,,,,,,,,,,,,,,,,,,,,,,,MISSING,,failed,,1.0,1.0,,,0.0,C35,,glm,,,new,10.0,,,历史服务异常（见审计说明）,,1.0,1.0,glm/C35/train_2020/M2/run_01,,0.0,2021.0,,2020.0,,1.0
M3,0.3730153005184704,0.3780249210887643,0.36060166295795004,-0.11588780971188839,1.7998898266318517,0.0,-0.040216604197383266,-0.09368399483246093,0.337808316891381,0.32244695490639086,1.7537184769342242,0.0,0.3730153005184704,0.3558513201819724,-0.11615898959679671,1.7803995232782253,0.0036629041814053805,-0.08948486621931839,-0.09532571812361446,0.28353043429915203,0.2708793956470743,1.5158666607977171,0.04330243688743193,0.3679345214349672,0.3510327991952864,-0.11649116988184638,1.760448797951041,0.00731284778282665,-0.13611675741930007,-0.09919821542694784,0.23181776401566712,0.22166842448226265,1.2788950300381474,0.08482698652179371,0.37549280855068456,0.35820068817897566,-0.11603891038725556,1.7900582787670216,0.0018334769665410702,-0.06513849805889604,-0.09428827771984816,0.3103543104917885,0.2963744358499083,1.6347749763364905,0.021879843436708752,EVALUATED,-0.08948486621931839,valid,2.0,0.0,10.0,0.337808316891381,0.32244695490639086,0.0,C35,-0.09532571812361446,deepseek,0.28353043429915203,0.2708793956470743,new,19.0,0.05127859902391633,0.467432797026892,,-0.06267053272735967,1.0,19.0,deepseek/C35/train_2020/M3/run_01,1.5158666607977171,9.0,2021.0,113564.0,2020.0,0.16293625800068395,0.0
M3,,,,,,,,,,,,,,,,,,,,,,,,,,,,,,,,,,,,,,,,,,,,,,MISSING,,failed,,1.0,1.0,,,0.0,C35,,glm,,,new,19.0,,,历史服务异常（见审计说明）,,1.0,1.0,glm/C35/train_2020/M3/run_01,,0.0,2021.0,,2020.0,,1.0
M0,0.3730153005184704,0.3780249210887643,0.36060166295795004,-0.11588780971188839,1.7998898266318517,0.0,-0.1415070232424649,-0.1229459744969692,0.2365178978462994,0.2261445174579868,1.2174734111563001,0.0,0.3730153005184704,0.3558513201819724,-0.11615898959679671,1.7803995232782253,0.0036629041814053805,-0.20477472506686856,-0.12756148629309694,0.16824057545160187,0.16105403873776813,0.917215559767663,0.05645636192149201,0.3679345214349672,0.3510327991952864,-0.11649116988184638,1.760448797951041,0.00731284778282665,-0.26404541803998804,-0.1320822048901802,0.10388910339497914,0.0995679070748805,0.6168413908303795,0.10976405397701383,0.37549280855068456,0.35820068817897566,-0.11603891038725556,1.7900582787670216,0.0018334769665410702,-0.17363910150475337,-0.12527458974946926,0.2018537070459312,0.19311661272935243,1.0673617320108497,0.028634587826750536,EVALUATED,-0.20477472506686856,valid,2.0,0.0,10.0,0.2365178978462994,0.2261445174579868,0.0,C35,-0.12756148629309694,deepseek,0.16824057545160187,0.16105403873776813,new,10.0,0.04037822819670523,0.3829111876147069,,-0.14367156527019498,1.0,10.0,deepseek/C35/train_2020/M0/run_01,0.917215559767663,0.0,2021.0,40000.0,2020.0,0.22421279496341281,0.0
M0,,,,,,,,,,,,,,,,,,,,,,,,,,,,,,,,,,,,,,,,,,,,,,MISSING,,failed,,1.0,1.0,,,0.0,C35,,glm,,,new,10.0,,,历史服务异常（见审计说明）,,1.0,1.0,glm/C35/train_2020/M0/run_01,,0.0,2021.0,,2020.0,,1.0
M2,,,,,,,,,,,,,,,,,,,,,,,,,,,,,,,,,,,,,,,,,,,,,,MISSING,,failed,,1.0,1.0,,,0.0,C39,,glm,,,new,10.0,,,历史服务异常（见审计说明）,,1.0,1.0,glm/C39/train_2020/M2/run_01,,0.0,2021.0,,2020.0,,1.0
M2,,,,,,,,,,,,,,,,,,,,,,,,,,,,,,,,,,,,,,,,,,,,,,NO_ELIGIBLE_PORTFOLIO,,empty,0.0,0.0,10.0,,,0.0,C39,,deepseek,,,new,10.0,,,原始记录保留,,1.0,10.0,deepseek/C39/train_2020/M2/run_01,,0.0,2021.0,87391.0,2020.0,,0.0
M3,,,,,,,,,,,,,,,,,,,,,,,,,,,,,,,,,,,,,,,,,,,,,,MISSING,,failed,,1.0,1.0,,,0.0,C39,,glm,,,new,19.0,,,历史服务异常（见审计说明）,,1.0,1.0,glm/C39/train_2020/M3/run_01,,0.0,2021.0,,2020.0,,1.0
M3,,,,,,,,,,,,,,,,,,,,,,,,,,,,,,,,,,,,,,,,,,,,,,NO_ELIGIBLE_PORTFOLIO,,empty,0.0,0.0,10.0,,,0.0,C39,,deepseek,,,new,19.0,,,原始记录保留,,1.0,19.0,deepseek/C39/train_2020/M3/run_01,,9.0,2021.0,115999.0,2020.0,,0.0
M0,,,,,,,,,,,,,,,,,,,,,,,,,,,,,,,,,,,,,,,,,,,,,,MISSING,,failed,,1.0,1.0,,,0.0,C39,,glm,,,new,10.0,,,历史服务异常（见审计说明）,,1.0,1.0,glm/C39/train_2020/M0/run_01,,0.0,2021.0,,2020.0,,1.0
M0,,,,,,,,,,,,,,,,,,,,,,,,,,,,,,,,,,,,,,,,,,,,,,NO_ELIGIBLE_PORTFOLIO,,empty,0.0,0.0,10.0,,,0.0,C39,,deepseek,,,new,10.0,,,原始记录保留,,1.0,10.0,deepseek/C39/train_2020/M0/run_01,,0.0,2021.0,39640.0,2020.0,,0.0
M1,,,,,,,,,,,,,,,,,,,,,,,,,,,,,,,,,,,,,,,,,,,,,,MISSING,,failed,,1.0,1.0,,,0.0,C39,,glm,,,new,10.0,,,历史服务异常（见审计说明）,,1.0,1.0,glm/C39/train_2020/M1/run_01,,0.0,2021.0,,2020.0,,1.0
M1,,,,,,,,,,,,,,,,,,,,,,,,,,,,,,,,,,,,,,,,,,,,,,NO_ELIGIBLE_PORTFOLIO,,empty,0.0,0.0,10.0,,,0.0,C39,,deepseek,,,new,10.0,,,原始记录保留,,1.0,10.0,deepseek/C39/train_2020/M1/run_01,,0.0,2021.0,62844.0,2020.0,,0.0
M0,,,,,,,,,,,,,,,,,,,,,,,,,,,,,,,,,,,,,,,,,,,,,,MISSING,,failed,,1.0,1.0,,,0.0,ALL,,glm,,,new,10.0,,,历史服务异常（见审计说明）,,1.0,1.0,glm/ALL/train_2021/M0/run_01,,0.0,2022.0,,2021.0,,1.0
M0,-0.11464820418635624,-0.11176627596974331,-0.10715908418824571,-0.2822761690388922,-0.3811176830393837,0.0,0.06189314169881077,-0.2320682753506318,-0.04987313427093254,-0.047748974104038444,-0.15122901401163752,0.0,-0.11464820418635624,-0.10992970616476061,-0.28346699806280573,-0.39477293456890383,0.0028640152380901974,0.041593921552016355,-0.23697894073732084,-0.07305428263433988,-0.0699797429989023,-0.27418459139566287,0.02170503503123557,-0.11752376430138756,-0.11269459838712137,-0.2846568871980555,-0.40842744961851496,0.005720253299447505,0.021897148271047717,-0.24185194618855355,-0.09562661603033984,-0.09164998688004022,-0.39716352991305254,0.04288905480844619,-0.11320813131543273,-0.10854520286308311,-0.282871733992231,-0.3879459964106933,0.001432985916833384,0.051669117781495966,-0.23453075002910406,-0.06153901353393676,-0.05893358025311812,-0.21268899513979755,0.010918345170466711,EVALUATED,0.041593921552016355,valid,1.0,0.0,10.0,-0.04987313427093254,-0.047748974104038444,0.0,ALL,-0.23697894073732084,deepseek,-0.07305428263433988,-0.0699797429989023,new,10.0,0.08083377931151886,0.5064486857964811,,0.04488405403770668,1.0,10.0,deepseek/ALL/train_2021/M0/run_01,-0.27418459139566287,0.0,2022.0,40166.0,2021.0,0.09871846621605328,0.0
M1,,,,,,,,,,,,,,,,,,,,,,,,,,,,,,,,,,,,,,,,,,,,,,MISSING,,failed,,1.0,1.0,,,0.0,ALL,,glm,,,new,10.0,,,历史服务异常（见审计说明）,,1.0,1.0,glm/ALL/train_2021/M1/run_01,,0.0,2022.0,,2021.0,,1.0
M1,-0.11464820418635624,-0.11176627596974331,-0.10715908418824571,-0.2822761690388922,-0.3811176830393837,0.0,0.15804232796644557,-0.22542666339290085,0.04627605199670226,0.044212070310437834,0.313839210195158,0.0,-0.11464820418635624,-0.10992970616476061,-0.28346699806280573,-0.39477293456890383,0.0028640152380901974,0.12360818102750548,-0.23236144715045137,0.008959976841149242,0.008567196255153897,0.15321977487881278,0.03379392332910994,-0.11752376430138756,-0.11269459838712137,-0.2846568871980555,-0.40842744961851496,0.005720253299447505,0.09045994748631847,-0.23922495718308234,-0.027063816815069086,-0.025897893908541025,-0.008009966011285527,0.06639032206431583,-0.11320813131543273,-0.10854520286308311,-0.282871733992231,-0.3879459964106933,0.001432985916833384,0.14066790393552275,-0.22891965156063765,0.02745977262009003,0.0262455411941398,0.23364367018168133,0.01705009456157509,EVALUATED,0.12360818102750548,valid,3.0,0.0,10.0,0.04627605199670226,0.044212070310437834,0.0,ALL,-0.23236144715045137,deepseek,0.008959976841149242,0.008567196255153897,new,10.0,0.09060327490471595,0.7785974106218891,,0.13313207197301358,1.0,10.0,deepseek/ALL/train_2021/M1/run_01,0.15321977487881278,0.0,2022.0,66090.0,2021.0,0.14510892003952355,0.0
M2,,,,,,,,,,,,,,,,,,,,,,,,,,,,,,,,,,,,,,,,,,,,,,MISSING,,failed,,1.0,1.0,,,0.0,ALL,,glm,,,new,10.0,,,历史服务异常（见审计说明）,,1.0,1.0,glm/ALL/train_2021/M2/run_01,,0.0,2022.0,,2021.0,,1.0
M2,-0.11464820418635624,-0.11176627596974331,-0.10715908418824571,-0.2822761690388922,-0.3811176830393837,0.0,0.1669922547135232,-0.23722421646467007,0.05522597874377988,0.05275285076446967,0.35044151454966305,0.0,-0.11464820418635624,-0.10992970616476061,-0.28346699806280573,-0.39477293456890383,0.0028640152380901974,0.13371874332666567,-0.2440527689576223,0.019070539140309428,0.01823055375034288,0.19769029695327436,0.032300043104222305,-0.11752376430138756,-0.11269459838712137,-0.2846568871980555,-0.40842744961851496,0.005720253299447505,0.10167483413673739,-0.25088235865319863,-0.015848930164650166,-0.015162383912696864,0.044409366601418365,0.06350372862922507,-0.11320813131543273,-0.10854520286308311,-0.282871733992231,-0.3879459964106933,0.001432985916833384,0.15022727749052245,-0.24063160915753,0.03701914617508972,0.035374988318530365,0.2742638520964777,0.016289528010541243,EVALUATED,0.13371874332666567,valid,2.0,0.0,10.0,0.05522597874377988,0.05275285076446967,0.0,ALL,-0.2440527689576223,deepseek,0.019070539140309428,0.01823055375034288,new,10.0,0.09072308398680992,0.7765422859337237,,0.1439889195300199,1.0,10.0,deepseek/ALL/train_2021/M2/run_01,0.19769029695327436,0.0,2022.0,83917.0,2021.0,0.13954037229862262,0.0
M3,,,,,,,,,,,,,,,,,,,,,,,,,,,,,,,,,,,,,,,,,,,,,,MISSING,,failed,,1.0,1.0,,,0.0,ALL,,glm,,,new,19.0,,,历史服务异常（见审计说明）,,1.0,1.0,glm/ALL/train_2021/M3/run_01,,0.0,2022.0,,2021.0,,1.0
M3,,,,,,,,,,,,,,,,,,,,,,,,,,,,,,,,,,,,,,,,,,,,,,MISSING,,failed,,0.0,6.0,,,0.0,ALL,,deepseek,,,new,19.0,,,摘要格式不合规,,1.0,12.0,deepseek/ALL/train_2021/M3/run_01,,6.0,2022.0,67488.0,2021.0,,0.0
M1,,,,,,,,,,,,,,,,,,,,,,,,,,,,,,,,,,,,,,,,,,,,,,NO_ELIGIBLE_PORTFOLIO,,empty,0.0,0.0,10.0,,,0.0,C26,,deepseek,,,new,10.0,,,原始记录保留,,1.0,10.0,deepseek/C26/train_2021/M1/run_01,,0.0,2022.0,63656.0,2021.0,,0.0
M1,,,,,,,,,,,,,,,,,,,,,,,,,,,,,,,,,,,,,,,,,,,,,,MISSING,,failed,,1.0,1.0,,,0.0,C26,,glm,,,new,10.0,,,历史服务异常（见审计说明）,,1.0,1.0,glm/C26/train_2021/M1/run_01,,0.0,2022.0,,2021.0,,1.0
M2,,,,,,,,,,,,,,,,,,,,,,,,,,,,,,,,,,,,,,,,,,,,,,NO_ELIGIBLE_PORTFOLIO,,empty,0.0,0.0,10.0,,,0.0,C26,,deepseek,,,new,10.0,,,原始记录保留,,1.0,10.0,deepseek/C26/train_2021/M2/run_01,,0.0,2022.0,85942.0,2021.0,,0.0
M2,,,,,,,,,,,,,,,,,,,,,,,,,,,,,,,,,,,,,,,,,,,,,,MISSING,,failed,,1.0,1.0,,,0.0,C26,,glm,,,new,10.0,,,历史服务异常（见审计说明）,,1.0,1.0,glm/C26/train_2021/M2/run_01,,0.0,2022.0,,2021.0,,1.0
M3,,,,,,,,,,,,,,,,,,,,,,,,,,,,,,,,,,,,,,,,,,,,,,MISSING,,failed,,0.0,2.0,,,0.0,C26,,deepseek,,,new,19.0,,,摘要格式不合规,,1.0,4.0,deepseek/C26/train_2021/M3/run_01,,2.0,2022.0,20392.0,2021.0,,0.0
M3,,,,,,,,,,,,,,,,,,,,,,,,,,,,,,,,,,,,,,,,,,,,,,MISSING,,failed,,1.0,1.0,,,0.0,C26,,glm,,,new,19.0,,,历史服务异常（见审计说明）,,1.0,1.0,glm/C26/train_2021/M3/run_01,,0.0,2022.0,,2021.0,,1.0
M0,,,,,,,,,,,,,,,,,,,,,,,,,,,,,,,,,,,,,,,,,,,,,,NO_ELIGIBLE_PORTFOLIO,,empty,0.0,0.0,10.0,,,0.0,C26,,deepseek,,,new,10.0,,,原始记录保留,,1.0,10.0,deepseek/C26/train_2021/M0/run_01,,0.0,2022.0,40072.0,2021.0,,0.0
M0,,,,,,,,,,,,,,,,,,,,,,,,,,,,,,,,,,,,,,,,,,,,,,MISSING,,failed,,1.0,1.0,,,0.0,C26,,glm,,,new,10.0,,,历史服务异常（见审计说明）,,1.0,1.0,glm/C26/train_2021/M0/run_01,,0.0,2022.0,,2021.0,,1.0
M2,,,,,,,,,,,,,,,,,,,,,,,,,,,,,,,,,,,,,,,,,,,,,,MISSING,,failed,,1.0,1.0,,,0.0,C35,,glm,,,new,10.0,,,历史服务异常（见审计说明）,,1.0,1.0,glm/C35/train_2021/M2/run_01,,0.0,2022.0,,2021.0,,1.0
M2,-0.138611237407544,-0.13575125096726626,-0.13022979158701387,-0.34920052274646796,-0.39650343611250105,0.0,0.02548108530066462,-0.36036042880564767,-0.11027016566660164,-0.10572091167170261,-0.25658432843817974,0.0,-0.138611237407544,-0.13298261051791527,-0.35027486734325497,-0.4085363878418405,0.0028577600980022374,-0.010022768339256638,-0.368576724503173,-0.14863400574680063,-0.14263297075086756,-0.40987722147938316,0.03611629200289985,-0.14141976696298575,-0.13568628900501767,-0.3513203651766531,-0.42038147938336606,0.005708844134412736,-0.04401913784028377,-0.3767190154810174,-0.18543890480326952,-0.1781133685793037,-0.5639581267641043,0.07070383659452295,-0.13717267271535105,-0.13159790097890212,-0.349730721462264,-0.402481282177197,0.0014300310970668496,0.0074615907466224485,-0.3644982817940716,-0.1297110819687286,-0.12441726074816173,-0.3333621742078171,0.018252814885813914,EVALUATED,-0.010022768339256638,valid,1.0,0.0,10.0,-0.11027016566660164,-0.10572091167170261,0.0,C35,-0.368576724503173,deepseek,-0.14863400574680063,-0.14263297075086756,new,10.0,0.009645583981943793,0.11106113996215711,,-0.011130526734552504,1.0,10.0,deepseek/C35/train_2021/M2/run_01,-0.40987722147938316,0.0,2022.0,87586.0,2021.0,0.17402845755907428,0.0
M3,,,,,,,,,,,,,,,,,,,,,,,,,,,,,,,,,,,,,,,,,,,,,,MISSING,,failed,,1.0,1.0,,,0.0,C35,,glm,,,new,19.0,,,历史服务异常（见审计说明）,,1.0,1.0,glm/C35/train_2021/M3/run_01,,0.0,2022.0,,2021.0,,1.0
M3,,,,,,,,,,,,,,,,,,,,,,,,,,,,,,,,,,,,,,,,,,,,,,NO_ELIGIBLE_PORTFOLIO,,empty,0.0,0.0,10.0,,,0.0,C35,,deepseek,,,new,19.0,,,原始记录保留,,1.0,19.0,deepseek/C35/train_2021/M3/run_01,,9.0,2022.0,113437.0,2021.0,,0.0
M0,,,,,,,,,,,,,,,,,,,,,,,,,,,,,,,,,,,,,,,,,,,,,,MISSING,,failed,,1.0,1.0,,,0.0,C35,,glm,,,new,10.0,,,历史服务异常（见审计说明）,,1.0,1.0,glm/C35/train_2021/M0/run_01,,0.0,2022.0,,2021.0,,1.0
M0,,,,,,,,,,,,,,,,,,,,,,,,,,,,,,,,,,,,,,,,,,,,,,NO_ELIGIBLE_PORTFOLIO,,empty,0.0,0.0,10.0,,,0.0,C35,,deepseek,,,new,10.0,,,原始记录保留,,1.0,10.0,deepseek/C35/train_2021/M0/run_01,,0.0,2022.0,39824.0,2021.0,,0.0
M1,,,,,,,,,,,,,,,,,,,,,,,,,,,,,,,,,,,,,,,,,,,,,,MISSING,,failed,,1.0,1.0,,,0.0,C35,,glm,,,new,10.0,,,历史服务异常（见审计说明）,,1.0,1.0,glm/C35/train_2021/M1/run_01,,0.0,2022.0,,2021.0,,1.0
M1,,,,,,,,,,,,,,,,,,,,,,,,,,,,,,,,,,,,,,,,,,,,,,NO_ELIGIBLE_PORTFOLIO,,empty,0.0,0.0,10.0,,,0.0,C35,,deepseek,,,new,10.0,,,原始记录保留,,1.0,10.0,deepseek/C35/train_2021/M1/run_01,,0.0,2022.0,63274.0,2021.0,,0.0
M3,-0.22851419728322797,-0.22618130055523067,-0.21747142245997342,-0.3806510662212442,-0.7538658434512483,0.0,0.14051247338167583,-0.3713851098066019,-0.08566882717355484,-0.08208727902746094,-0.16934047796431848,0.0,-0.22851419728322797,-0.2197277472104613,-0.381636847298333,-0.7642889661717285,0.002499654324393563,0.11355412934583187,-0.37745620661759915,-0.1149600679373961,-0.11022954865310619,-0.2839087278426172,0.027350306902838264,-0.2308410753900243,-0.22197854757998103,-0.38262209831281424,-0.7746978306638567,0.004992701977316957,0.08752437171421601,-0.3835080298673501,-0.1433167036758083,-0.13751262558667376,-0.3986510261241713,0.05381619335590625,-0.22734788220242097,-0.21859967657174018,-0.3811437059202767,-0.7590766429293727,0.0012506518813339231,0.12691939763771187,-0.3744177422382369,-0.1004284845647091,-0.09626297822890406,-0.22657557597246752,0.01378791389255925,EVALUATED,0.11355412934583187,valid,4.0,0.0,10.0,-0.08566882717355484,-0.08208727902746094,0.0,C39,-0.37745620661759915,deepseek,-0.1149600679373961,-0.11022954865310619,new,19.0,0.08473446917232966,0.8094630785525778,,0.1403333236135078,1.0,19.0,deepseek/C39/train_2021/M3/run_01,-0.2839087278426172,9.0,2022.0,114155.0,2021.0,0.1291577383652675,0.0
M3,,,,,,,,,,,,,,,,,,,,,,,,,,,,,,,,,,,,,,,,,,,,,,MISSING,,failed,,1.0,1.0,,,0.0,C39,,glm,,,new,19.0,,,历史服务异常（见审计说明）,,1.0,1.0,glm/C39/train_2021/M3/run_01,,0.0,2022.0,,2021.0,,1.0
M0,-0.22851419728322797,-0.22618130055523067,-0.21747142245997342,-0.3806510662212442,-0.7538658434512483,0.0,0.14984032459625862,-0.33979972811704184,-0.07634097595897205,-0.07313363951422369,-0.15569667947127175,0.0,-0.22851419728322797,-0.2197277472104613,-0.381636847298333,-0.7642889661717285,0.002499654324393563,0.12090646860030163,-0.34616304128100117,-0.10760772868292634,-0.10316184013963836,-0.2830767550035991,0.029455152085791688,-0.2308410753900243,-0.22197854757998103,-0.38262209831281424,-0.7746978306638567,0.004992701977316957,0.09312499998422574,-0.35247246695901335,-0.13771607540579855,-0.13212094859851597,-0.4101702967524708,0.05793870472512062,-0.22734788220242097,-0.21859967657174018,-0.3811437059202767,-0.7590766429293727,0.0012506518813339231,0.13523858413954581,-0.34298925838332084,-0.09210929806287516,-0.08827169810423485,-0.21936494109697782,0.014852384391353647,EVALUATED,0.12090646860030163,valid,4.0,0.0,10.0,-0.07634097595897205,-0.07313363951422369,0.0,C39,-0.34616304128100117,deepseek,-0.10760772868292634,-0.10316184013963836,new,10.0,0.08627256939940613,0.7339251172638966,,0.14939132675049005,1.0,10.0,deepseek/C39/train_2021/M0/run_01,-0.2830767550035991,0.0,2022.0,40351.0,2021.0,0.1371373834575005,0.0
M0,,,,,,,,,,,,,,,,,,,,,,,,,,,,,,,,,,,,,,,,,,,,,,MISSING,,failed,,1.0,1.0,,,0.0,C39,,glm,,,new,10.0,,,历史服务异常（见审计说明）,,1.0,1.0,glm/C39/train_2021/M0/run_01,,0.0,2022.0,,2021.0,,1.0
M1,-0.22851419728322797,-0.22618130055523067,-0.21747142245997342,-0.3806510662212442,-0.7538658434512483,0.0,0.10897290830827544,-0.36488686214126076,-0.11720839224695523,-0.11239134446370713,-0.29063721321069536,0.0,-0.22851419728322797,-0.2197277472104613,-0.381636847298333,-0.7642889661717285,0.002499654324393563,0.06931164595788064,-0.3739672943526595,-0.15920255132534733,-0.15281420348808772,-0.4617436440830094,0.03968068784407734,-0.2308410753900243,-0.22197854757998103,-0.38262209831281424,-0.7746978306638567,0.004992701977316957,0.03164832978027288,-0.3829221620220842,-0.19919274560975142,-0.19139005546500132,-0.6329990687068326,0.07752279375562561,-0.22734788220242097,-0.21859967657174018,-0.3811437059202767,-0.7590766429293727,0.0012506518813339231,0.08888584619901407,-0.36944025870275854,-0.1384620360034069,-0.13283899003698862,-0.37616604388950997,0.02007560446848323,EVALUATED,0.06931164595788064,valid,6.0,0.0,10.0,-0.11720839224695523,-0.11239134446370713,0.0,C39,-0.3739672943526595,deepseek,-0.15920255132534733,-0.15281420348808772,new,10.0,0.0832750542072737,0.7876895671285004,,0.0857566618358554,1.0,10.0,deepseek/C39/train_2021/M1/run_01,-0.4617436440830094,0.0,2022.0,66046.0,2021.0,0.19212082377018858,0.0
M1,,,,,,,,,,,,,,,,,,,,,,,,,,,,,,,,,,,,,,,,,,,,,,MISSING,,failed,,1.0,1.0,,,0.0,C39,,glm,,,new,10.0,,,历史服务异常（见审计说明）,,1.0,1.0,glm/C39/train_2021/M1/run_01,,0.0,2022.0,,2021.0,,1.0
M2,-0.22851419728322797,-0.22618130055523067,-0.21747142245997342,-0.3806510662212442,-0.7538658434512483,0.0,0.0931883726580165,-0.36647608270739407,-0.13299292789721417,-0.12757520324630678,-0.3339280872410876,0.0,-0.22851419728322797,-0.2197277472104613,-0.381636847298333,-0.7642889661717285,0.002499654324393563,0.04642010432608412,-0.3773549900550166,-0.18209409295714385,-0.17488608165018782,-0.5331008563769365,0.04648991470337799,-0.2308410753900243,-0.22197854757998103,-0.38262209831281424,-0.7746978306638567,0.004992701977316957,0.0026350513127930686,-0.388030053509671,-0.22820602407723123,-0.21942967202874708,-0.7318618715804741,0.09044030352910801,-0.22734788220242097,-0.21859967657174018,-0.3811437059202767,-0.7590766429293727,0.0012506518813339231,0.06937643701198892,-0.37194861764762643,-0.15797144519043205,-0.15162792841110173,-0.43371198283922907,0.02357197721219243,EVALUATED,0.04642010432608412,valid,3.0,0.0,10.0,-0.13299292789721417,-0.12757520324630678,0.0,C39,-0.3773549900550166,deepseek,-0.18209409295714385,-0.17488608165018782,new,10.0,0.060864015088531856,0.6007066848338448,,0.057469255634761796,1.0,10.0,deepseek/C39/train_2021/M2/run_01,-0.5331008563769365,0.0,2022.0,88630.0,2021.0,0.23083431212516137,0.0
M2,,,,,,,,,,,,,,,,,,,,,,,,,,,,,,,,,,,,,,,,,,,,,,MISSING,,failed,,1.0,1.0,,,0.0,C39,,glm,,,new,10.0,,,历史服务异常（见审计说明）,,1.0,1.0,glm/C39/train_2021/M2/run_01,,0.0,2022.0,,2021.0,,1.0
M1,,,,,,,,,,,,,,,,,,,,,,,,,,,,,,,,,,,,,,,,,,,,,,MISSING,,failed,,1.0,4.0,,,0.0,ALL,,deepseek,,,new,10.0,,,历史服务异常（见审计说明）,,1.0,4.0,deepseek/ALL/train_2022/M1/run_01,,0.0,2023.0,25504.0,2022.0,,0.0
M1,,,,,,,,,,,,,,,,,,,,,,,,,,,,,,,,,,,,,,,,,,,,,,MISSING,,failed,,1.0,1.0,,,0.0,ALL,,glm,,,new,10.0,,,历史服务异常（见审计说明）,,1.0,1.0,glm/ALL/train_2022/M1/run_01,,0.0,2023.0,,2022.0,,1.0
M2,,,,,,,,,,,,,,,,,,,,,,,,,,,,,,,,,,,,,,,,,,,,,,MISSING,,partial,,0.0,2.0,,,0.0,ALL,,deepseek,,,new,10.0,,,原始记录保留,,1.0,2.0,deepseek/ALL/train_2022/M2/run_01,,0.0,2023.0,15696.0,2022.0,,0.0
M2,,,,,,,,,,,,,,,,,,,,,,,,,,,,,,,,,,,,,,,,,,,,,,MISSING,,failed,,1.0,1.0,,,0.0,ALL,,glm,,,new,10.0,,,历史服务异常（见审计说明）,,1.0,1.0,glm/ALL/train_2022/M2/run_01,,0.0,2023.0,,2022.0,,1.0
M3,,,,,,,,,,,,,,,,,,,,,,,,,,,,,,,,,,,,,,,,,,,,,,MISSING,,partial,,0.0,3.0,,,0.0,ALL,,deepseek,,,new,19.0,,,原始记录保留,,1.0,5.0,deepseek/ALL/train_2022/M3/run_01,,2.0,2023.0,30825.0,2022.0,,0.0
M3,,,,,,,,,,,,,,,,,,,,,,,,,,,,,,,,,,,,,,,,,,,,,,MISSING,,failed,,1.0,1.0,,,0.0,ALL,,glm,,,new,19.0,,,历史服务异常（见审计说明）,,1.0,1.0,glm/ALL/train_2022/M3/run_01,,0.0,2023.0,,2022.0,,1.0
M0,,,,,,,,,,,,,,,,,,,,,,,,,,,,,,,,,,,,,,,,,,,,,,MISSING,,partial,,,,,,,ALL,,deepseek,,,new,10.0,,,原始记录保留,,1.0,,deepseek/ALL/train_2022/M0/run_01,,,2023.0,,2022.0,,0.0
M0,,,,,,,,,,,,,,,,,,,,,,,,,,,,,,,,,,,,,,,,,,,,,,MISSING,,failed,,1.0,1.0,,,0.0,ALL,,glm,,,new,10.0,,,历史服务异常（见审计说明）,,1.0,1.0,glm/ALL/train_2022/M0/run_01,,0.0,2023.0,,2022.0,,1.0
M2,,,,,,,,,,,,,,,,,,,,,,,,,,,,,,,,,,,,,,,,,,,,,,MISSING,,failed,,1.0,1.0,,,0.0,C26,,glm,,,new,10.0,,,历史服务异常（见审计说明）,,1.0,1.0,glm/C26/train_2022/M2/run_01,,0.0,2023.0,,2022.0,,1.0
M2,,,,,,,,,,,,,,,,,,,,,,,,,,,,,,,,,,,,,,,,,,,,,,MISSING,,failed,,1.0,1.0,,,0.0,C26,,deepseek,,,new,10.0,,,原始记录保留,,1.0,1.0,deepseek/C26/train_2022/M2/run_01,,0.0,2023.0,,2022.0,,1.0
M3,,,,,,,,,,,,,,,,,,,,,,,,,,,,,,,,,,,,,,,,,,,,,,MISSING,,failed,,1.0,1.0,,,0.0,C26,,glm,,,new,19.0,,,历史服务异常（见审计说明）,,1.0,1.0,glm/C26/train_2022/M3/run_01,,0.0,2023.0,,2022.0,,1.0
M3,,,,,,,,,,,,,,,,,,,,,,,,,,,,,,,,,,,,,,,,,,,,,,MISSING,,partial,,,,,,,C26,,deepseek,,,new,19.0,,,原始记录保留,,1.0,,deepseek/C26/train_2022/M3/run_01,,,2023.0,,2022.0,,0.0
M0,,,,,,,,,,,,,,,,,,,,,,,,,,,,,,,,,,,,,,,,,,,,,,MISSING,,failed,,1.0,1.0,,,0.0,C26,,glm,,,new,10.0,,,历史服务异常（见审计说明）,,1.0,1.0,glm/C26/train_2022/M0/run_01,,0.0,2023.0,,2022.0,,1.0
M0,,,,,,,,,,,,,,,,,,,,,,,,,,,,,,,,,,,,,,,,,,,,,,MISSING,,partial,,,,,,,C26,,deepseek,,,new,10.0,,,原始记录保留,,1.0,,deepseek/C26/train_2022/M0/run_01,,,2023.0,,2022.0,,0.0
M1,,,,,,,,,,,,,,,,,,,,,,,,,,,,,,,,,,,,,,,,,,,,,,MISSING,,failed,,1.0,1.0,,,0.0,C26,,glm,,,new,10.0,,,历史服务异常（见审计说明）,,1.0,1.0,glm/C26/train_2022/M1/run_01,,0.0,2023.0,,2022.0,,1.0
M1,-0.06703718199431896,-0.0647915665624812,-0.06205302883366581,-0.2214382526808708,-0.3737976725308925,0.0,0.026705194414451072,-0.19327659125833763,-0.03808637214803012,-0.03645455828210298,-0.1771664704393585,0.0,-0.06703718199431896,-0.06420702306163584,-0.22214665817577695,-0.38989724770528716,0.002225770295068979,-0.018436102969883184,-0.21992829580420858,-0.08547328496420215,-0.08189954073888006,-0.5041382113990446,0.04819876892430353,-0.06930328098693894,-0.06638089455225804,-0.22285527543844807,-0.4061593812223955,0.004445996145572619,-0.06118556479052817,-0.24565491425479413,-0.1304888457774671,-0.12516561364461176,-0.8265526187185569,0.09416457643280517,-0.06591458780513326,-0.06313020250747114,-0.22179243711441854,-0.38184725504411426,0.0011135524015252406,0.0038430783274906455,-0.2067134270424178,-0.06207150947764262,-0.05944425247949159,-0.3410421500488223,0.024384697269056194,EVALUATED,-0.018436102969883184,valid,5.0,0.0,10.0,-0.03808637214803012,-0.03645455828210298,0.0,C26,-0.21992829580420858,deepseek,-0.08547328496420215,-0.08189954073888006,new,10.0,0.058184690534488166,0.5431876422831363,,-0.018906444174360937,1.0,10.0,deepseek/C26/train_2022/M1/run_01,-0.5041382113990446,0.0,2023.0,66215.0,2022.0,0.2007344565175012,0.0
M3,,,,,,,,,,,,,,,,,,,,,,,,,,,,,,,,,,,,,,,,,,,,,,MISSING,,failed,,0.0,3.0,,,0.0,C35,,deepseek,,,new,19.0,,,摘要格式不合规,,1.0,6.0,deepseek/C35/train_2022/M3/run_01,,3.0,2023.0,32857.0,2022.0,,0.0
M3,,,,,,,,,,,,,,,,,,,,,,,,,,,,,,,,,,,,,,,,,,,,,,MISSING,,failed,,1.0,1.0,,,0.0,C35,,glm,,,new,19.0,,,历史服务异常（见审计说明）,,1.0,1.0,glm/C35/train_2022/M3/run_01,,0.0,2023.0,,2022.0,,1.0
M0,0.06469363262568906,0.06756623339185364,0.06452379119734974,-0.15437683564500537,0.4777711374471539,0.0,0.007790979464285641,-0.16932070024404544,0.07535721285613928,0.07195227361831158,0.5104960042687992,0.0,0.06469363262568906,0.06178424994044307,-0.1553326187281543,0.461458891776912,0.0026734681360190958,-0.037003467770042375,-0.19298406523845302,0.02769016485564668,0.026465615160787603,0.24470069007603062,0.04452418268873289,0.06183544890347048,0.059058137692117096,-0.1563190467083353,0.44517509551089113,0.005339411394901237,-0.07960395817417742,-0.2159428903131253,-0.017768509270706945,-0.01699953077519789,-0.019197998557912613,0.08716970472008632,0.06612901981099939,0.06315318994654673,-0.15485490825908976,0.4696166651591298,0.0013376916259892726,-0.014895816522064731,-0.18124842277591235,0.05123320328893466,0.04894299747927011,0.3773822662424447,0.022503185409313287,EVALUATED,-0.037003467770042375,valid,2.0,0.0,10.0,0.07535721285613928,0.07195227361831158,0.0,C35,-0.19298406523845302,deepseek,0.02769016485564668,0.026465615160787603,new,10.0,0.03809558355863046,0.410503860414875,,-0.033263475872463255,1.0,10.0,deepseek/C35/train_2022/M0/run_01,0.24470069007603062,0.0,2023.0,40279.0,2022.0,0.17925486684255498,0.0
M0,,,,,,,,,,,,,,,,,,,,,,,,,,,,,,,,,,,,,,,,,,,,,,MISSING,,failed,,1.0,1.0,,,0.0,C35,,glm,,,new,10.0,,,历史服务异常（见审计说明）,,1.0,1.0,glm/C35/train_2022/M0/run_01,,0.0,2023.0,,2022.0,,1.0
M1,0.06469363262568906,0.06756623339185364,0.06452379119734974,-0.15437683564500537,0.4777711374471539,0.0,0.05065778228254425,-0.13865452976989856,0.11822401567439789,0.11278302969775189,0.7446546863200342,0.0,0.06469363262568906,0.06178424994044307,-0.1553326187281543,0.461458891776912,0.0026734681360190958,0.008256547259066327,-0.16057911182956774,0.07295017988475538,0.06965748614250789,0.5001613029888592,0.04144887350779198,0.06183544890347048,0.059058137692117096,-0.1563190467083353,0.44517509551089113,0.005339411394901237,-0.032416064341751705,-0.18271470526361333,0.029419384561718775,0.028117321910041015,0.25523714018949056,0.08125414722561568,0.06612901981099939,0.06315318994654673,-0.15485490825908976,0.4696166651591298,0.0013376916259892726,0.029206739626596034,-0.14968601724234554,0.09533575943759542,0.0909905699614535,0.6223506601101189,0.020933619401542803,EVALUATED,0.008256547259066327,valid,2.0,0.0,10.0,0.11822401567439789,0.11278302969775189,0.0,C35,-0.16057911182956774,deepseek,0.07295017988475538,0.06965748614250789,new,10.0,0.044202384102759874,0.47118179182464603,,0.00741509982136801,1.0,10.0,deepseek/C35/train_2022/M1/run_01,0.5001613029888592,0.0,2023.0,64941.0,2022.0,0.16235435580510954,0.0
M1,,,,,,,,,,,,,,,,,,,,,,,,,,,,,,,,,,,,,,,,,,,,,,MISSING,,failed,,1.0,1.0,,,0.0,C35,,glm,,,new,10.0,,,历史服务异常（见审计说明）,,1.0,1.0,glm/C35/train_2022/M1/run_01,,0.0,2023.0,,2022.0,,1.0
M2,0.06469363262568906,0.06756623339185364,0.06452379119734974,-0.15437683564500537,0.4777711374471539,0.0,0.061855359523116604,-0.12221762976527495,0.12942159291497024,0.1234373966276241,0.8238079931039911,0.0,0.06469363262568906,0.06178424994044307,-0.1553326187281543,0.461458891776912,0.0026734681360190958,0.011361219889892915,-0.14862431896821382,0.07605485251558197,0.07261733880132715,0.528375360551787,0.04895616326265196,0.06183544890347048,0.059058137692117096,-0.1563190467083353,0.44517509551089113,0.005339411394901237,-0.036434117166873836,-0.17437065861885437,0.025401331736596644,0.02427919329126027,0.23438708919795187,0.09565713018184266,0.06612901981099939,0.06315318994654673,-0.15485490825908976,0.4696166651591298,0.0013376916259892726,0.0362500427723611,-0.13548200818286238,0.10237906258336049,0.09769876675278866,0.675932168011143,0.024764967199916978,EVALUATED,0.011361219889892915,valid,1.0,0.0,10.0,0.12942159291497024,0.1234373966276241,0.0,C35,-0.14862431896821382,deepseek,0.07605485251558197,0.07261733880132715,new,10.0,0.05405499071613401,0.6150292820070208,,0.010202721373472778,1.0,10.0,deepseek/C35/train_2022/M2/run_01,0.528375360551787,0.0,2023.0,85284.0,2022.0,0.18903989322916614,0.0
M2,,,,,,,,,,,,,,,,,,,,,,,,,,,,,,,,,,,,,,,,,,,,,,MISSING,,failed,,1.0,1.0,,,0.0,C35,,glm,,,new,10.0,,,历史服务异常（见审计说明）,,1.0,1.0,glm/C35/train_2022/M2/run_01,,0.0,2023.0,,2022.0,,1.0
M0,,,,,,,,,,,,,,,,,,,,,,,,,,,,,,,,,,,,,,,,,,,,,,MISSING,,failed,,1.0,1.0,,,0.0,C39,,glm,,,new,10.0,,,历史服务异常（见审计说明）,,1.0,1.0,glm/C39/train_2022/M0/run_01,,0.0,2023.0,,2022.0,,1.0
M0,0.21629298803120478,0.2197264453626515,0.20919687478605686,-0.1600901746540756,0.9970605239851097,0.0,0.004176596733368232,-0.1421068682080715,0.22390304209601974,0.21315638258586356,1.0585433634757928,0.0,0.21629298803120478,0.20594143670310316,-0.16069791453078708,0.984481786752338,0.0029772147374514057,-0.046505789118365115,-0.1469153668438028,0.16978719891283967,0.16180688503554985,0.8455044286999183,0.04785771695983999,0.212861254687428,0.20268723235972375,-0.16129771508372515,0.9718671503753105,0.005945732872985749,-0.09481112424225335,-0.15634208917884485,0.11805013044517465,0.11261754328315732,0.6320231830239598,0.09359471057944235,0.21800875186558644,0.20756829100992746,-0.16039413271811154,0.9907741076700011,0.0014896435190760765,-0.021485747104832642,-0.14452656531630115,0.1965230047607538,0.18718865327096745,0.9520217887527415,0.02419823679181729,EVALUATED,-0.046505789118365115,valid,4.0,0.0,10.0,0.22390304209601974,0.21315638258586356,0.0,C39,-0.1469153668438028,deepseek,0.16978719891283967,0.16180688503554985,new,10.0,0.06094093050927914,0.541476419373309,,-0.03659759116347461,1.0,10.0,deepseek/C39/train_2022/M0/run_01,0.8455044286999183,0.0,2023.0,41654.0,2022.0,0.18000012079596578,0.0
M1,,,,,,,,,,,,,,,,,,,,,,,,,,,,,,,,,,,,,,,,,,,,,,MISSING,,failed,,1.0,1.0,,,0.0,C39,,glm,,,new,10.0,,,历史服务异常（见审计说明）,,1.0,1.0,glm/C39/train_2022/M1/run_01,,0.0,2023.0,,2022.0,,1.0
M1,0.21629298803120478,0.2197264453626515,0.20919687478605686,-0.1600901746540756,0.9970605239851097,0.0,0.04241597274721398,-0.12925296605222591,0.2621424181098655,0.24938101544151037,1.2620543821813186,0.0,0.21629298803120478,0.20594143670310316,-0.16069791453078708,0.984481786752338,0.0029772147374514057,-0.007834109402480083,-0.13506590665057272,0.2084588786287247,0.19851200946777459,1.045706800538942,0.046606175075853344,0.212861254687428,0.20268723235972375,-0.16129771508372515,0.9718671503753105,0.005945732872985749,-0.055742601854115614,-0.14083221798269074,0.1571186528333124,0.14977112869680065,0.8288326575834705,0.09124391506877771,0.21800875186558644,0.20756829100992746,-0.16039413271811154,0.9907741076700011,0.0014896435190760765,0.016997408390803548,-0.1321658725590481,0.23500616025638998,0.2236795264795146,1.153994781609872,0.02355483082491918,EVALUATED,-0.007834109402480083,valid,7.0,0.0,10.0,0.2621424181098655,0.24938101544151037,0.0,C39,-0.13506590665057272,deepseek,0.2084588786287247,0.19851200946777459,new,10.0,0.08625390715872208,0.660700793221105,,-0.006160686588263964,1.0,10.0,deepseek/C39/train_2022/M1/run_01,1.045706800538942,0.0,2023.0,66662.0,2022.0,0.17210907346843674,0.0
M2,,,,,,,,,,,,,,,,,,,,,,,,,,,,,,,,,,,,,,,,,,,,,,MISSING,,failed,,1.0,1.0,,,0.0,C39,,glm,,,new,10.0,,,历史服务异常（见审计说明）,,1.0,1.0,glm/C39/train_2022/M2/run_01,,0.0,2023.0,,2022.0,,1.0
M2,0.21629298803120478,0.2197264453626515,0.20919687478605686,-0.1600901746540756,0.9970605239851097,0.0,0.07612027461687987,-0.1257705038914283,0.2958467199795314,0.28126976623462707,1.3721154306411325,0.0,0.21629298803120478,0.20594143670310316,-0.16069791453078708,0.984481786752338,0.0029772147374514057,0.026725225840913636,-0.13011137928974836,0.24301821387211842,0.23127050146479955,1.1684019266374834,0.0463051798554838,0.212861254687428,0.20268723235972375,-0.16129771508372515,0.9718671503753105,0.005945732872985749,-0.020514354011816893,-0.13443018127784767,0.1923469006756111,0.18322569388231824,0.9640623545352601,0.09073302686499897,0.21800875186558644,0.20756829100992746,-0.16039413271811154,0.9907741076700011,0.0014896435190760765,0.051148495718330134,-0.1279436296597849,0.26915724758391657,0.2560210077581444,1.2703595697729724,0.023392783844662552,EVALUATED,0.026725225840913636,valid,8.0,0.0,10.0,0.2958467199795314,0.28126976623462707,0.0,C39,-0.13011137928974836,deepseek,0.24301821387211842,0.23127050146479955,new,10.0,0.08493285812303548,0.5959907359584156,,0.021003561193604137,1.0,10.0,deepseek/C39/train_2022/M2/run_01,1.1684019266374834,0.0,2023.0,88651.0,2022.0,0.1650367725373035,0.0
M3,,,,,,,,,,,,,,,,,,,,,,,,,,,,,,,,,,,,,,,,,,,,,,MISSING,,failed,,1.0,1.0,,,0.0,C39,,glm,,,new,19.0,,,历史服务异常（见审计说明）,,1.0,1.0,glm/C39/train_2022/M3/run_01,,0.0,2023.0,,2022.0,,1.0
M3,0.21629298803120478,0.2197264453626515,0.20919687478605686,-0.1600901746540756,0.9970605239851097,0.0,0.09317159276694786,-0.1333878289880256,0.3128980381295994,0.2973887340902843,1.4016837335418315,0.0,0.21629298803120478,0.20594143670310316,-0.16069791453078708,0.984481786752338,0.0029772147374514057,0.0386788515507297,-0.13882525207958296,0.2549718395819345,0.2425919312871243,1.1868856612682817,0.05005279949984153,0.212861254687428,0.20268723235972375,-0.16129771508372515,0.9718671503753105,0.005945732872985749,-0.01305561857722215,-0.14422297164338294,0.19980563611020585,0.1903033180962399,0.9723062919045892,0.0979156402005119,0.21800875186558644,0.20756829100992746,-0.16039413271811154,0.9907741076700011,0.0014896435190760765,0.06560052050470389,-0.1361115332998234,0.2836092723702903,0.2696957499099264,1.2943987578307818,0.02530845104787715,EVALUATED,0.0386788515507297,valid,3.0,0.0,10.0,0.3128980381295994,0.2973887340902843,0.0,C39,-0.13882525207958296,deepseek,0.2549718395819345,0.2425919312871243,new,19.0,0.06923173425136413,0.6633921267545149,,0.03039160399382168,1.0,19.0,deepseek/C39/train_2022/M3/run_01,1.1868856612682817,9.0,2023.0,121668.0,2022.0,0.1790234832543625,0.0
M2,,,,,,,,,,,,,,,,,,,,,,,,,,,,,,,,,,,,,,,,,,,,,,MISSING,,failed,,1.0,1.0,,,0.0,ALL,,glm,,,new,10.0,,,历史服务异常（见审计说明）,,1.0,1.0,glm/ALL/train_2023/M2/run_01,,0.0,2024.0,,2023.0,,1.0
M2,,,,,,,,,,,,,,,,,,,,,,,,,,,,,,,,,,,,,,,,,,,,,,MISSING,,partial,,0.0,9.0,,,0.0,ALL,,deepseek,,,new,10.0,,,单格 watchdog 超时,,1.0,9.0,deepseek/ALL/train_2023/M2/run_01,,0.0,2024.0,82612.0,2023.0,,0.0
M3,,,,,,,,,,,,,,,,,,,,,,,,,,,,,,,,,,,,,,,,,,,,,,MISSING,,failed,,1.0,1.0,,,0.0,ALL,,glm,,,new,19.0,,,历史服务异常（见审计说明）,,1.0,1.0,glm/ALL/train_2023/M3/run_01,,0.0,2024.0,,2023.0,,1.0
M3,,,,,,,,,,,,,,,,,,,,,,,,,,,,,,,,,,,,,,,,,,,,,,MISSING,,failed,,0.0,6.0,,,0.0,ALL,,deepseek,,,new,19.0,,,摘要格式不合规,,1.0,12.0,deepseek/ALL/train_2023/M3/run_01,,6.0,2024.0,71131.0,2023.0,,0.0
M0,,,,,,,,,,,,,,,,,,,,,,,,,,,,,,,,,,,,,,,,,,,,,,MISSING,,failed,,1.0,1.0,,,0.0,ALL,,glm,,,new,10.0,,,历史服务异常（见审计说明）,,1.0,1.0,glm/ALL/train_2023/M0/run_01,,0.0,2024.0,,2023.0,,1.0
M0,0.04475563222196133,0.048145047812569786,0.04599588745283745,-0.2942456860165513,0.3090175333372384,0.0,0.1435340441568429,-0.2602331337705752,0.19167909196941268,0.18259191341133163,0.716213060483264,0.0,0.04475563222196133,0.04276084041543471,-0.29508568168513527,0.2998634188432436,0.0028758041429818326,0.09171892465579612,-0.26370945343790064,0.13647455687775745,0.13014584201798596,0.5646624365983772,0.04276460216740794,0.04139923538598289,0.03955685683770693,-0.29590980842469294,0.29077078997659933,0.005743362535119994,0.04256142532254703,-0.2671591164548446,0.08396066070852992,0.08015269367216327,0.41328402714912754,0.08356061896099597,0.04644844879808252,0.04437661602192655,-0.2946653047915937,0.30443875366832646,0.001438906310002572,0.11732048135576689,-0.26198323463420525,0.1637689301538494,0.15608994007094434,0.6405263857594268,0.021636110766282697,EVALUATED,0.09171892465579612,valid,6.0,0.0,10.0,0.19167909196941268,0.18259191341133163,0.0,ALL,-0.26370945343790064,deepseek,0.13647455687775745,0.13014584201798596,new,10.0,0.08651220268532597,0.6239890200901966,,0.08380157579348402,1.0,10.0,deepseek/ALL/train_2023/M0/run_01,0.5646624365983772,0.0,2024.0,41311.0,2023.0,0.18779116562396342,0.0
M1,,,,,,,,,,,,,,,,,,,,,,,,,,,,,,,,,,,,,,,,,,,,,,MISSING,,failed,,1.0,1.0,,,0.0,ALL,,glm,,,new,10.0,,,历史服务异常（见审计说明）,,1.0,1.0,glm/ALL/train_2023/M1/run_01,,0.0,2024.0,,2023.0,,1.0
M1,,,,,,,,,,,,,,,,,,,,,,,,,,,,,,,,,,,,,,,,,,,,,,MISSING,,partial,,0.0,10.0,,,0.0,ALL,,deepseek,,,new,10.0,,,单格 watchdog 超时,,1.0,10.0,deepseek/ALL/train_2023/M1/run_01,,0.0,2024.0,67022.0,2023.0,,0.0
M3,-0.03457841241676285,-0.03168212508392554,-0.030320361028436604,-0.3113429836471765,0.0888516045153662,0.0,0.12689641821471487,-0.29780245320710186,0.09521429313078933,0.09087486629790487,0.435347401969134,0.0,-0.03457841241676285,-0.03309429969286137,-0.3114646499380863,0.08048865497196477,0.0025721956505460053,0.0867750483922326,-0.3002140301550936,0.05219663597546975,0.04986234987575844,0.3195807096368513,0.0348790005265236,-0.03745334242530818,-0.03584814250624602,-0.3115869103742953,0.07216240841934976,0.0051372016894954495,0.04840717631222391,-0.30259388469272575,0.010953833886915731,0.010473195392903811,0.2041513316457308,0.06839982332940481,-0.03313266408115134,-0.031709579165821955,-0.31140370513374405,0.08466610375158802,0.0012870298334480812,0.10661509589893847,-0.2990162551552277,0.07348243181778713,0.07016493727493689,0.37743609806813266,0.017613386364043488,EVALUATED,0.0867750483922326,valid,5.0,0.0,10.0,0.09521429313078933,0.09087486629790487,0.0,C26,-0.3002140301550936,deepseek,0.05219663597546975,0.04986234987575844,new,19.0,0.08511850947490751,0.5991108732991269,,0.08579600838248091,1.0,19.0,deepseek/C26/train_2023/M3/run_01,0.3195807096368513,9.0,2024.0,118189.0,2023.0,0.1582622973548822,0.0
M3,,,,,,,,,,,,,,,,,,,,,,,,,,,,,,,,,,,,,,,,,,,,,,MISSING,,failed,,1.0,1.0,,,0.0,C26,,glm,,,new,19.0,,,历史服务异常（见审计说明）,,1.0,1.0,glm/C26/train_2023/M3/run_01,,0.0,2024.0,,2023.0,,1.0
M0,-0.03457841241676285,-0.03168212508392554,-0.030320361028436604,-0.3113429836471765,0.0888516045153662,0.0,0.09354212855598842,-0.31619908322548085,0.061860003472062886,0.0590815590015874,0.3468345999524034,0.0,-0.03457841241676285,-0.03309429969286137,-0.3114646499380863,0.08048865497196477,0.0025721956505460053,0.049276881075405066,-0.32014592764067673,0.014698468658642216,0.01405238228072525,0.2256839225728361,0.039038100051576846,-0.03745334242530818,-0.03584814250624602,-0.3115869103742953,0.07216240841934976,0.0051372016894954495,0.007112506594121659,-0.3240900341923596,-0.03034083583118652,-0.029035854988512133,0.10475289060853464,0.07635318911038232,-0.03313266408115134,-0.031709579165821955,-0.31140370513374405,0.08466610375158802,0.0012870298334480812,0.07115025162611133,-0.3181699278028173,0.038017587544959985,0.03632831300862893,0.286263719909985,0.01974018804213192,EVALUATED,0.049276881075405066,valid,5.0,0.0,10.0,0.061860003472062886,0.0590815590015874,0.0,C26,-0.32014592764067673,deepseek,0.014698468658642216,0.01405238228072525,new,10.0,0.0780313710903397,0.5357409890006227,,0.04876037234924824,1.0,10.0,deepseek/C26/train_2023/M0/run_01,0.2256839225728361,0.0,2024.0,41029.0,2023.0,0.17956593118225558,0.0
M0,,,,,,,,,,,,,,,,,,,,,,,,,,,,,,,,,,,,,,,,,,,,,,MISSING,,failed,,1.0,1.0,,,0.0,C26,,glm,,,new,10.0,,,历史服务异常（见审计说明）,,1.0,1.0,glm/C26/train_2023/M0/run_01,,0.0,2024.0,,2023.0,,1.0
M1,-0.03457841241676285,-0.03168212508392554,-0.030320361028436604,-0.3113429836471765,0.0888516045153662,0.0,0.10835370387814758,-0.33543306042119225,0.07667157879422204,0.07320525297040592,0.3837592498149942,0.0,-0.03457841241676285,-0.03309429969286137,-0.3114646499380863,0.08048865497196477,0.0025721956505460053,0.06493979667020688,-0.3383484793463434,0.030361384253444035,0.029017045123481466,0.2667561870406811,0.03790392343551394,-0.03745334242530818,-0.03584814250624602,-0.3115869103742953,0.07216240841934976,0.0051372016894954495,0.023514118356819047,-0.34125533478630266,-0.013939224068489131,-0.013334841289703858,0.14988066111535212,0.07416843411891004,-0.03313266408115134,-0.031709579165821955,-0.31140370513374405,0.08466610375158802,0.0012870298334480812,0.08639049111055974,-0.33688783504039477,0.0532578270294084,0.05087494534042447,0.3252418921229629,0.019161560654469396,EVALUATED,0.06493979667020688,valid,10.0,0.0,10.0,0.07667157879422204,0.07320525297040592,0.0,C26,-0.3383484793463434,deepseek,0.030361384253444035,0.029017045123481466,new,10.0,0.0943353237645326,0.5974816283474775,,0.06423723099017109,1.0,10.0,deepseek/C26/train_2023/M1/run_01,0.2667561870406811,0.0,2024.0,67885.0,2023.0,0.1753773652818533,0.0
M1,,,,,,,,,,,,,,,,,,,,,,,,,,,,,,,,,,,,,,,,,,,,,,MISSING,,failed,,1.0,1.0,,,0.0,C26,,glm,,,new,10.0,,,历史服务异常（见审计说明）,,1.0,1.0,glm/C26/train_2023/M1/run_01,,0.0,2024.0,,2023.0,,1.0
M2,-0.03457841241676285,-0.03168212508392554,-0.030320361028436604,-0.3113429836471765,0.0888516045153662,0.0,0.07846810786993308,-0.29506662390762384,0.04678598278600754,0.04469877501266528,0.303107314540376,0.0,-0.03457841241676285,-0.03309429969286137,-0.3114646499380863,0.08048865497196477,0.0025721956505460053,0.042180462588831236,-0.29698574946789946,0.007602050172068386,0.007269011568713291,0.18840751072242112,0.03233384178416645,-0.03745334242530818,-0.03584814250624602,-0.3115869103742953,0.07216240841934976,0.0051372016894954495,0.007442450474290263,-0.29889770314789277,-0.030010891951017915,-0.0287198911065647,0.07414831363375649,0.06347398964361635,-0.03313266408115134,-0.031709579165821955,-0.31140370513374405,0.08466610375158802,0.0012870298334480812,0.060142172499979996,-0.296028267668036,0.027009508418828654,0.025815436154334792,0.24575745559559437,0.016320809981822917,EVALUATED,0.042180462588831236,valid,5.0,0.0,10.0,0.04678598278600754,0.04469877501266528,0.0,C26,-0.29698574946789946,deepseek,0.007602050172068386,0.007269011568713291,new,10.0,0.09252692268873329,0.5972356342448841,,0.04174482707957261,1.0,10.0,deepseek/C26/train_2023/M2/run_01,0.18840751072242112,0.0,2024.0,90927.0,2023.0,0.15089327170798944,0.0
M2,,,,,,,,,,,,,,,,,,,,,,,,,,,,,,,,,,,,,,,,,,,,,,MISSING,,failed,,1.0,1.0,,,0.0,C26,,glm,,,new,10.0,,,历史服务异常（见审计说明）,,1.0,1.0,glm/C26/train_2023/M2/run_01,,0.0,2024.0,,2023.0,,1.0
M0,,,,,,,,,,,,,,,,,,,,,,,,,,,,,,,,,,,,,,,,,,,,,,MISSING,,failed,,1.0,1.0,,,0.0,C35,,glm,,,new,10.0,,,历史服务异常（见审计说明）,,1.0,1.0,glm/C35/train_2023/M0/run_01,,0.0,2024.0,,2023.0,,1.0
M0,-0.027529377776255526,-0.024367861990122197,-0.023316685926521696,-0.3243047642047604,0.13586845531955397,0.0,0.2667693635279129,-0.37048192725920626,0.24240150153779072,0.23068627688852805,0.7249641432555429,0.0,-0.027529377776255526,-0.026343670974760647,-0.3251067110997441,0.12774881677714575,0.002775523127229104,0.22811134568482117,-0.373500976058075,0.20058196790856564,0.19103987192539407,0.6436008307996275,0.030875795002076028,-0.030695668841164148,-0.029375658664476112,-0.3259083276899264,0.11959347132860795,0.005541438779367032,0.19111456670482685,-0.3764452679818061,0.1604188978636627,0.1529070790881515,0.5626768662802174,0.06066554273690838,-0.025940454955317604,-0.02482230735575164,-0.32470582869872555,0.13183220369532356,0.0013890038487469971,0.24718809899161942,-0.37199897548777283,0.22124764403630182,0.21063907381708136,0.6841665134016436,0.015576921636683363,EVALUATED,0.22811134568482117,valid,7.0,0.0,10.0,0.24240150153779072,0.23068627688852805,0.0,C35,-0.373500976058075,deepseek,0.20058196790856564,0.19103987192539407,new,10.0,0.11183917057957965,0.6102131919298007,,0.22326516699972032,1.0,10.0,deepseek/C35/train_2023/M0/run_01,0.6436008307996275,0.0,2024.0,41593.0,2023.0,0.13602668005631463,0.0
M1,,,,,,,,,,,,,,,,,,,,,,,,,,,,,,,,,,,,,,,,,,,,,,MISSING,,failed,,1.0,1.0,,,0.0,C35,,glm,,,new,10.0,,,历史服务异常（见审计说明）,,1.0,1.0,glm/C35/train_2023/M1/run_01,,0.0,2024.0,,2023.0,,1.0
M1,-0.027529377776255526,-0.024367861990122197,-0.023316685926521696,-0.3243047642047604,0.13586845531955397,0.0,0.047472634037076133,-0.40555407896018636,0.023104772046953936,0.02208517644394825,0.2632219085494013,0.0,-0.027529377776255526,-0.026343670974760647,-0.3251067110997441,0.12774881677714575,0.002775523127229104,0.008801059016304569,-0.4084819678962096,-0.018728318759950957,-0.01791818204123774,0.16378267025770768,0.033580815291453694,-0.030695668841164148,-0.029375658664476112,-0.3259083276899264,0.11959347132860795,0.005541438779367032,-0.028191298788447283,-0.4113928325619778,-0.05888696762961143,-0.05639041353264296,0.06431124005143682,0.06577076013425497,-0.025940454955317604,-0.02482230735575164,-0.32470582869872555,0.13183220369532356,0.0013890038487469971,0.02789764231438674,-0.4070196872208167,0.0019571873590691347,0.0018716746773070891,0.21346628034399565,0.01696685471898436,EVALUATED,0.008801059016304569,valid,10.0,0.0,10.0,0.023104772046953936,0.02208517644394825,0.0,C35,-0.4084819678962096,deepseek,-0.018728318759950957,-0.01791818204123774,new,10.0,0.09338220209939674,0.5066561087317757,,0.008653452642738868,1.0,10.0,deepseek/C35/train_2023/M1/run_01,0.16378267025770768,0.0,2024.0,66986.0,2023.0,0.16491292698551702,0.0
M2,,,,,,,,,,,,,,,,,,,,,,,,,,,,,,,,,,,,,,,,,,,,,,MISSING,,failed,,1.0,1.0,,,0.0,C35,,glm,,,new,10.0,,,历史服务异常（见审计说明）,,1.0,1.0,glm/C35/train_2023/M2/run_01,,0.0,2024.0,,2023.0,,1.0
M2,-0.027529377776255526,-0.024367861990122197,-0.023316685926521696,-0.3243047642047604,0.13586845531955397,0.0,0.19207257891323448,-0.34276426561911055,0.16770471692311228,0.1598288147390432,0.5836016730824267,0.0,-0.027529377776255526,-0.026343670974760647,-0.3251067110997441,0.12774881677714575,0.002775523127229104,0.1317499085498406,-0.34785586271394786,0.10422053077358506,0.0994523125728537,0.44431926910807645,0.04947412367391241,-0.030695668841164148,-0.029375658664476112,-0.3259083276899264,0.11959347132860795,0.005541438779367032,0.07488655462738025,-0.35290956109541616,0.044190885786216105,0.04222177047248965,0.3050436453578458,0.09621684779129212,-0.025940454955317604,-0.02482230735575164,-0.32470582869872555,0.13183220369532356,0.0013890038487469971,0.16149730648808902,-0.3453115805783393,0.13555685153277142,0.12927306722777487,0.5140537030447927,0.02508941782257849,EVALUATED,0.1317499085498406,valid,2.0,0.0,10.0,0.16770471692311228,0.1598288147390432,0.0,C35,-0.34785586271394786,deepseek,0.10422053077358506,0.0994523125728537,new,10.0,0.08766452620387474,0.5469377506538647,,0.12919957463179332,1.0,10.0,deepseek/C35/train_2023/M2/run_01,0.44431926910807645,0.0,2024.0,89170.0,2023.0,0.2248197460482519,0.0
M3,,,,,,,,,,,,,,,,,,,,,,,,,,,,,,,,,,,,,,,,,,,,,,MISSING,,failed,,1.0,1.0,,,0.0,C35,,glm,,,new,19.0,,,历史服务异常（见审计说明）,,1.0,1.0,glm/C35/train_2023/M3/run_01,,0.0,2024.0,,2023.0,,1.0
M3,,,,,,,,,,,,,,,,,,,,,,,,,,,,,,,,,,,,,,,,,,,,,,MISSING,,failed,,0.0,3.0,,,0.0,C35,,deepseek,,,new,19.0,,,摘要格式不合规,,1.0,6.0,deepseek/C35/train_2023/M3/run_01,,3.0,2024.0,34750.0,2023.0,,0.0
M1,0.11321048986334126,0.11709047007242135,0.11170421516413231,-0.3553829060778264,0.46862472422463153,0.0,0.05901702223135974,-0.4236303703700852,0.1761074923037811,0.167809350947703,0.5738284551859214,0.0,0.11321048986334126,0.10801121031118077,-0.3562753557535553,0.4607750927456991,0.002909912298388036,0.012325121247159565,-0.42698203739464136,0.12553561111050082,0.1197404540471918,0.4840317700428981,0.037140855642491095,0.10938443095321038,0.10436897807161083,-0.3571441420442978,0.4530091672135949,0.00580907659777047,-0.03223964174012073,-0.4303095837759683,0.07714478921308965,0.07365634606120564,0.3942145519982191,0.07260039866001634,0.11513526723105438,0.10984330320487867,-0.3558372290231391,0.46467237481601986,0.001456184452872725,0.03540381498479861,-0.4253092393714136,0.150539082215853,0.1435179396333528,0.5289286620441063,0.018784860363254604,EVALUATED,0.012325121247159565,valid,3.0,0.0,10.0,0.1761074923037811,0.167809350947703,0.0,C39,-0.42698203739464136,deepseek,0.12553561111050082,0.1197404540471918,new,10.0,0.06933991202025414,0.3413585195705534,,0.010585852947026408,1.0,10.0,deepseek/C39/train_2023/M1/run_01,0.4840317700428981,0.0,2024.0,65279.0,2023.0,0.17385017672874306,0.0
M1,,,,,,,,,,,,,,,,,,,,,,,,,,,,,,,,,,,,,,,,,,,,,,MISSING,,failed,,1.0,1.0,,,0.0,C39,,glm,,,new,10.0,,,历史服务异常（见审计说明）,,1.0,1.0,glm/C39/train_2023/M1/run_01,,0.0,2024.0,,2023.0,,1.0
M2,0.11321048986334126,0.11709047007242135,0.11170421516413231,-0.3553829060778264,0.46862472422463153,0.0,0.18126423646111234,-0.4136094354729012,0.2983547065335337,0.2836411962752243,0.7913435835556567,0.0,0.11321048986334126,0.10801121031118077,-0.3562753557535553,0.4607750927456991,0.002909912298388036,0.1377923792847564,-0.416925086103505,0.25100286914809766,0.2388333934804665,0.7116632692775243,0.032690936907047934,0.10938443095321038,0.10436897807161083,-0.3571441420442978,0.4530091672135949,0.00580907659777047,0.0963209405149481,-0.42008606816344385,0.20570537146815848,0.19590024000767148,0.6325529249616827,0.06413058146097497,0.11513526723105438,0.10984330320487867,-0.3558372290231391,0.46467237481601986,0.001456184452872725,0.159340960403074,-0.41526932295580554,0.2744762276341284,0.26105470005031783,0.7515373427668516,0.016505975831800843,EVALUATED,0.1377923792847564,valid,4.0,0.0,10.0,0.2983547065335337,0.2836411962752243,0.0,C39,-0.416925086103505,deepseek,0.25100286914809766,0.2388333934804665,new,10.0,0.0960423273713929,0.4700337761300771,,0.11806936784741096,1.0,10.0,deepseek/C39/train_2023/M2/run_01,0.7116632692775243,0.0,2024.0,89378.0,2023.0,0.1474789121330629,0.0
M2,,,,,,,,,,,,,,,,,,,,,,,,,,,,,,,,,,,,,,,,,,,,,,MISSING,,failed,,1.0,1.0,,,0.0,C39,,glm,,,new,10.0,,,历史服务异常（见审计说明）,,1.0,1.0,glm/C39/train_2023/M2/run_01,,0.0,2024.0,,2023.0,,1.0
M3,0.11321048986334126,0.11709047007242135,0.11170421516413231,-0.3553829060778264,0.46862472422463153,0.0,0.13776408122663608,-0.31618653310822853,0.25485455129905743,0.2424808690123792,0.7714646351803536,0.0,0.11321048986334126,0.10801121031118077,-0.3562753557535553,0.4607750927456991,0.002909912298388036,0.0950496968014849,-0.31856972430159614,0.20826018666482615,0.1983235539420085,0.6752051853144279,0.0342527565657502,0.10938443095321038,0.10436897807161083,-0.3571441420442978,0.4530091672135949,0.00580907659777047,0.054130869731725095,-0.3209420738037865,0.16351530068493547,0.1558489810756205,0.5791152635357786,0.0671921999460622,0.11513526723105438,0.10984330320487867,-0.3558372290231391,0.46467237481601986,0.001456184452872725,0.11618320542648664,-0.31737949510484076,0.23131847265754102,0.2201849260490305,0.7233104118831547,0.017294357819040245,EVALUATED,0.0950496968014849,valid,2.0,0.0,10.0,0.25485455129905743,0.2424808690123792,0.0,C39,-0.31856972430159614,deepseek,0.20826018666482615,0.1983235539420085,new,19.0,0.0781969409295021,0.5747109293224373,,0.08150851073561238,1.0,19.0,deepseek/C39/train_2023/M3/run_01,0.6752051853144279,9.0,2024.0,113725.0,2023.0,0.15082859685085018,0.0
M3,0.11321048986334126,0.11709047007242135,0.11170421516413231,-0.3553829060778264,0.46862472422463153,0.0,0.020165132348025416,-0.4104364261535638,0.13725560242044677,0.13088862359170572,0.5049079403742439,0.0,0.11321048986334126,0.10801121031118077,-0.3562753557535553,0.4607750927456991,0.002909912298388036,-0.03293707963151493,-0.41401493456610816,0.08027341023182633,0.07663852134682325,0.3981844738066057,0.04106374090402713,0.10938443095321038,0.10436897807161083,-0.3571441420442978,0.4530091672135949,0.00580907659777047,-0.08351513491273854,-0.41756941249635915,0.025869296040471834,0.02472623637147553,0.29088975994893235,0.07999174480444148,0.11513526723105438,0.10984330320487867,-0.3558372290231391,0.46467237481601986,0.001456184452872725,-0.006730935509315916,-0.4122287000169427,0.10840433172173847,0.10343588050043384,0.45156253521152234,0.02080337158338672,EVALUATED,-0.03293707963151493,valid,4.0,0.0,10.0,0.13725560242044677,0.13088862359170572,0.0,C39,-0.41401493456610816,glm,0.08027341023182633,0.07663852134682325,new,19.0,0.04616854356598884,0.2554439948623119,,-0.02831441475718155,1.0,19.0,glm/C39/train_2023/M3/run_01,0.3981844738066057,9.0,2024.0,112136.0,2023.0,0.200392452446671,0.0
M0,0.11321048986334126,0.11709047007242135,0.11170421516413231,-0.3553829060778264,0.46862472422463153,0.0,0.16540264421934858,-0.35454420615662097,0.28249311429176993,0.26863986332179945,0.7857323471918781,0.0,0.11321048986334126,0.10801121031118077,-0.3562753557535553,0.4607750927456991,0.002909912298388036,0.11222762309068446,-0.3582228536723663,0.22543811295402572,0.2146115160168831,0.6814415515275382,0.03990869083535337,0.10938443095321038,0.10436897807161083,-0.3571441420442978,0.4530091672135949,0.00580907659777047,0.06169393301317716,-0.36188864352486116,0.17107836396638754,0.16303323631306643,0.5773994404927807,0.07795373751382863,0.11513526723105438,0.10984330320487867,-0.3558372290231391,0.46467237481601986,0.001456184452872725,0.1385003608984905,-0.35638405965266207,0.2536356281295449,0.2413266230485327,0.7335879640797973,0.02019434820499716,EVALUATED,0.11222762309068446,valid,6.0,0.0,10.0,0.28249311429176993,0.26863986332179945,0.0,C39,-0.3582228536723663,deepseek,0.22543811295402572,0.2146115160168831,new,10.0,0.08386948116925869,0.5331730239944074,,0.09620868878733102,1.0,10.0,deepseek/C39/train_2023/M0/run_01,0.6814415515275382,0.0,2024.0,41086.0,2023.0,0.1819681311521558,0.0
M0,,,,,,,,,,,,,,,,,,,,,,,,,,,,,,,,,,,,,,,,,,,,,,MISSING,,failed,,1.0,1.0,,,0.0,C39,,glm,,,new,10.0,,,历史服务异常（见审计说明）,,1.0,1.0,glm/C39/train_2023/M0/run_01,,0.0,2024.0,,2023.0,,1.0
M1,1.4833288023229825,1.4949833535437054,1.4148305684185556,-0.1973343748854134,2.859836020202644,0.0,1.0653311638273006,-0.17872898516015212,2.560314517371006,2.4024547027338286,3.904969039641804,0.0,1.4833288023229825,1.403952379833881,-0.1974408331895282,2.8465102621115568,0.007453389494555385,0.7964259926162853,-0.18221438930375466,2.279754794939268,2.1435362251619954,3.6568839360055745,0.17274743741060092,1.4717271983820654,1.3931218004237609,-0.19756147198197438,2.833105526695126,0.014867206222591392,0.5465189562452077,-0.18741804727646216,2.018246154627273,1.9014865461845636,3.404289177838855,0.33001423537922164,1.489140725913558,1.4093773721532332,-0.19738490931805275,2.8531767230254292,0.003731686453750531,0.9280502075229884,-0.18003073743305698,2.4171909334365465,2.270465932005078,3.7811368350383696,0.08836918404231357,EVALUATED,0.7964259926162853,valid,12.0,0.0,10.0,2.560314517371006,2.4024547027338286,0.0,ALL,-0.18221438930375466,deepseek,2.279754794939268,2.1435362251619954,new,10.0,0.16016149017289213,1.6086129626833587,,0.3076532844545037,2.0,10.0,deepseek/ALL/train_2008/M1/run_02,3.6568839360055745,0.0,2009.0,66093.0,2008.0,0.3327086701020349,0.0
M1,,,,,,,,,,,,,,,,,,,,,,,,,,,,,,,,,,,,,,,,,,,,,,MISSING,,failed,,1.0,1.0,,,0.0,ALL,,glm,,,new,10.0,,,历史服务异常（见审计说明）,,2.0,1.0,glm/ALL/train_2008/M1/run_02,,0.0,2009.0,,2008.0,,1.0
M2,1.4833288023229825,1.4949833535437054,1.4148305684185556,-0.1973343748854134,2.859836020202644,0.0,1.0102216614579955,-0.1776127598919025,2.505205015001701,2.3516555017499003,3.8751690197821325,0.0,1.4833288023229825,1.403952379833881,-0.1974408331895282,2.8465102621115568,0.007453389494555385,0.7786840818420182,-0.17982273019552197,2.2620128841650007,2.127136927599694,3.656350953191624,0.1480263912041891,1.4717271983820654,1.3931218004237609,-0.19756147198197438,2.833105526695126,0.014867206222591392,0.56368437776033,-0.1819796971675195,2.0354115761423954,1.9173969824680537,3.435940644044971,0.28451455568002687,1.489140725913558,1.4093773721532332,-0.19738490931805275,2.8531767230254292,0.003731686453750531,0.8922956096474963,-0.17873251261956125,2.3814363355610544,2.237462473995425,3.7659709879771683,0.07550961306425764,EVALUATED,0.7786840818420182,valid,6.0,0.0,10.0,2.505205015001701,2.3516555017499003,0.0,ALL,-0.17982273019552197,deepseek,2.2620128841650007,2.127136927599694,new,10.0,0.1530547824691003,1.5653997656772676,,0.30083147812428246,2.0,10.0,deepseek/ALL/train_2008/M2/run_02,3.656350953191624,0.0,2009.0,88235.0,2008.0,0.2891452322496185,0.0
M2,,,,,,,,,,,,,,,,,,,,,,,,,,,,,,,,,,,,,,,,,,,,,,MISSING,,failed,,1.0,1.0,,,0.0,ALL,,glm,,,new,10.0,,,历史服务异常（见审计说明）,,2.0,1.0,glm/ALL/train_2008/M2/run_02,,0.0,2009.0,,2008.0,,1.0
M3,,,,,,,,,,,,,,,,,,,,,,,,,,,,,,,,,,,,,,,,,,,,,,MISSING,,failed,,0.0,9.0,,,0.0,ALL,,deepseek,,,new,19.0,,,摘要格式不合规,,2.0,18.0,deepseek/ALL/train_2008/M3/run_02,,9.0,2009.0,105162.0,2008.0,,0.0
M3,1.4833288023229825,1.4949833535437054,1.4148305684185556,-0.1973343748854134,2.859836020202644,0.0,0.5856392651834059,-0.19232666943663923,2.0806226187271113,1.9592872623150481,3.60762050203189,0.0,1.4833288023229825,1.403952379833881,-0.1974408331895282,2.8465102621115568,0.007453389494555385,0.42689064834970214,-0.19374333727681303,1.9102194506726846,1.8012828512235624,3.42956968327209,0.1068520701338615,1.4717271983820654,1.3931218004237609,-0.19756147198197438,2.833105526695126,0.014867206222591392,0.2781318820216323,-0.1951295086297794,1.7498590804036978,1.65228860829304,3.251551829253098,0.2070995457112439,1.489140725913558,1.4093773721532332,-0.19738490931805275,2.8531767230254292,0.003731686453750531,0.5051576649021094,-0.19303891750859836,1.9942983908156675,1.8792842290477658,3.518797716075222,0.054284833103245195,EVALUATED,0.42689064834970214,valid,7.0,0.0,10.0,2.0806226187271113,1.9592872623150481,0.0,ALL,-0.19374333727681303,glm,1.9102194506726846,1.8012828512235624,new,19.0,0.11674978175401839,0.9724205638523865,,0.16528217227711384,2.0,19.0,glm/ALL/train_2008/M3/run_02,3.42956968327209,9.0,2009.0,111513.0,2008.0,0.22455297182048606,0.0
M0,1.4833288023229825,1.4949833535437054,1.4148305684185556,-0.1973343748854134,2.859836020202644,0.0,1.037451637582632,-0.1868273180379435,2.5324349911263373,2.37675926630183,3.877570735036145,0.0,1.4833288023229825,1.403952379833881,-0.1974408331895282,2.8465102621115568,0.007453389494555385,0.818779507577192,-0.1890784837113224,2.3021083099001745,2.164193637270578,3.6723293088003013,0.1392336306128607,1.4717271983820654,1.3931218004237609,-0.19756147198197438,2.833105526695126,0.014867206222591392,0.6144848808227832,-0.19120143623192065,2.0862120792048486,1.9644646440229754,3.465801603108942,0.2681989825967021,1.489140725913558,1.4093773721532332,-0.19738490931805275,2.8531767230254292,0.003731686453750531,0.9266007976717145,-0.1879676891244091,2.4157415235852726,2.2691282877903682,3.775454351312666,0.07094861924670678,EVALUATED,0.818779507577192,valid,10.0,0.0,10.0,2.5324349911263373,2.37675926630183,0.0,ALL,-0.1890784837113224,deepseek,2.3021083099001745,2.164193637270578,new,10.0,0.16009713333646575,1.3844713144334728,,0.31624638816232764,2.0,10.0,deepseek/ALL/train_2008/M0/run_02,3.6723293088003013,0.0,2009.0,40935.0,2008.0,0.2693763818999234,0.0
M0,,,,,,,,,,,,,,,,,,,,,,,,,,,,,,,,,,,,,,,,,,,,,,MISSING,,failed,,1.0,1.0,,,0.0,ALL,,glm,,,new,10.0,,,历史服务异常（见审计说明）,,2.0,1.0,glm/ALL/train_2008/M0/run_02,,0.0,2009.0,,2008.0,,1.0
M3,,,,,,,,,,,,,,,,,,,,,,,,,,,,,,,,,,,,,,,,,,,,,,MISSING,,failed,,0.0,1.0,,,0.0,ALL,,deepseek,,,new,19.0,,,摘要格式不合规,,2.0,2.0,deepseek/ALL/train_2009/M3/run_02,,1.0,2010.0,9446.0,2009.0,,0.0
M3,,,,,,,,,,,,,,,,,,,,,,,,,,,,,,,,,,,,,,,,,,,,,,MISSING,,partial,,0.0,9.0,,,0.0,ALL,,glm,,,new,19.0,,,原始记录保留,,2.0,17.0,glm/ALL/train_2009/M3/run_02,,8.0,2010.0,104047.0,2009.0,,0.0
M0,0.14745165684794825,0.15278527477306758,0.14565288418116995,-0.2728973450863865,0.664360551771296,0.0,0.2770824931887348,-0.24274769475742553,0.42986776796180237,0.40772261685325595,1.4521418150860603,0.0,0.14745165684794825,0.14058312932901385,-0.2735841059810581,0.647144472615079,0.004506313812253547,0.1725643027208894,-0.2549034736952174,0.32001595956883766,0.3041147442658967,1.1571176444917841,0.08528303587377965,0.1421217612277874,0.1355158849552427,-0.2742884109976387,0.6298447209789683,0.00899248811365502,0.07602897246280649,-0.2677927895059766,0.2181507336905939,0.20770291096547422,0.860682678413569,0.163799058606756,0.15011240828308536,0.1431123771862599,-0.27323965821601603,0.6557447164934618,0.002255609663582859,0.22379931550666377,-0.24877154311099858,0.37391172378974913,0.3549922681547506,1.3048893682044838,0.043520312900414866,EVALUATED,0.1725643027208894,valid,20.0,0.0,10.0,0.42986776796180237,0.40772261685325595,0.0,ALL,-0.2549034736952174,deepseek,0.32001595956883766,0.3041147442658967,new,10.0,0.10242354148008005,0.751235608070196,,0.14337544606072306,2.0,10.0,deepseek/ALL/train_2009/M0/run_02,1.1571176444917841,0.0,2010.0,41981.0,2009.0,0.31867540505149805,0.0
M0,0.14745165684794825,0.15278527477306758,0.14565288418116995,-0.2728973450863865,0.664360551771296,0.0,0.07193875046605935,-0.28486771847554226,0.22472402523912693,0.2139346236777684,0.8808449516363465,0.0,0.14745165684794825,0.14058312932901385,-0.2735841059810581,0.647144472615079,0.004506313812253547,-0.003317961518935153,-0.29422295226529493,0.1441336953290131,0.1374287942340009,0.630780266939697,0.06717246135454276,0.1421217612277874,0.1355158849552427,-0.2742884109976387,0.6298447209789683,0.00899248811365502,-0.07320149019500732,-0.3033918550699667,0.06892027103278009,0.06581499788107292,0.38141773586333605,0.1299386264344296,0.15011240828308536,0.1431123771862599,-0.27323965821601603,0.6557447164934618,0.002255609663582859,0.03371777148962174,-0.2895509335658868,0.1838301797727071,0.17514177867051073,0.7560750083854695,0.03415560309197773,EVALUATED,-0.003317961518935153,valid,14.0,0.0,10.0,0.22472402523912693,0.2139346236777684,0.0,ALL,-0.29422295226529493,glm,0.1441336953290131,0.1374287942340009,new,10.0,0.08126519992478815,0.53398550609205,,-0.002765545985998097,2.0,10.0,glm/ALL/train_2009/M0/run_02,0.630780266939697,0.0,2010.0,39480.0,2009.0,0.2698968012041746,0.0
M1,0.14745165684794825,0.15278527477306758,0.14565288418116995,-0.2728973450863865,0.664360551771296,0.0,0.10801265827030182,-0.27783350932797035,0.2607979330433694,0.24810818918682065,0.9810271038135334,0.0,0.14745165684794825,0.14058312932901385,-0.2735841059810581,0.647144472615079,0.004506313812253547,0.024898329483183712,-0.288249101718983,0.17234998633113197,0.164240968217507,0.71630860609233,0.07265422332640628,0.1421217612277874,0.1355158849552427,-0.2742884109976387,0.6298447209789683,0.00899248811365502,-0.051972617675232424,-0.29933646424132854,0.09014914355255499,0.08604951968480279,0.4518961001907662,0.14023343004502065,0.15011240828308536,0.1431123771862599,-0.27323965821601603,0.6557447164934618,0.002255609663582859,0.06566013221735334,-0.28292090076163035,0.2157725405004387,0.20544793855691035,0.848705719071311,0.036982753712431635,EVALUATED,0.024898329483183712,valid,17.0,0.0,10.0,0.2607979330433694,0.24810818918682065,0.0,ALL,-0.288249101718983,deepseek,0.17234998633113197,0.164240968217507,new,10.0,0.08659069591732294,0.5949972957445572,,0.02074188042954006,2.0,10.0,deepseek/ALL/train_2009/M1/run_02,0.71630860609233,0.0,2010.0,67144.0,2009.0,0.2881254954914632,0.0
M1,,,,,,,,,,,,,,,,,,,,,,,,,,,,,,,,,,,,,,,,,,,,,,MISSING,,partial,,0.0,6.0,,,0.0,ALL,,glm,,,new,10.0,,,原始记录保留,,2.0,6.0,glm/ALL/train_2009/M1/run_02,,0.0,2010.0,38351.0,2009.0,,0.0
M2,0.14745165684794825,0.15278527477306758,0.14565288418116995,-0.2728973450863865,0.664360551771296,0.0,0.01321896271851064,-0.29854818974174346,0.16600423749157822,0.1582134799191819,0.7037779402105769,0.0,0.14745165684794825,0.14058312932901385,-0.2735841059810581,0.647144472615079,0.004506313812253547,-0.045763611794420234,-0.3056254153896305,0.10168804505352802,0.09704070942496168,0.4939699219476935,0.054563003263617744,0.1421217612277874,0.1355158849552427,-0.2742884109976387,0.6298447209789683,0.00899248811365502,-0.10075521535821075,-0.31294606983655937,0.041366545869576665,0.03952564953108473,0.28598903185060176,0.10614860980179189,0.15011240828308536,0.1431123771862599,-0.27323965821601603,0.6557447164934618,0.002255609663582859,-0.016725540143596618,-0.30211247094943017,0.13338686813948875,0.12720920299191385,0.5988540988095578,0.02766410684005118,EVALUATED,-0.045763611794420234,valid,17.0,0.0,10.0,0.16600423749157822,0.1582134799191819,0.0,ALL,-0.3056254153896305,deepseek,0.10168804505352802,0.09704070942496168,new,10.0,0.06624486654187013,0.41365385663369897,,-0.03817557772371005,2.0,10.0,deepseek/ALL/train_2009/M2/run_02,0.4939699219476935,0.0,2010.0,92655.0,2009.0,0.22428397387406812,0.0
M2,,,,,,,,,,,,,,,,,,,,,,,,,,,,,,,,,,,,,,,,,,,,,,MISSING,,partial,,0.0,5.0,,,0.0,ALL,,glm,,,new,10.0,,,原始记录保留,,2.0,5.0,glm/ALL/train_2009/M2/run_02,,0.0,2010.0,42384.0,2009.0,,0.0
M1,-0.30202784832922014,-0.2989532398805307,-0.290003802557978,-0.3429059224817844,-1.3910269971218703,0.0,0.06030014286454399,-0.3058959067429914,-0.2386530970159867,-0.23120282498730904,-1.024626561175477,0.0,-0.30202784832922014,-0.29300668719509615,-0.34451759185893227,-1.4100348683983874,0.004015695642089144,0.012516121807972791,-0.33729179095536554,-0.28951172652124735,-0.2807854692882573,-1.317916254846825,0.06395291027578871,-0.30509253150499893,-0.2960003482694773,-0.34612734710711723,-1.429042169525631,0.008016191680294823,-0.0318540352118849,-0.37072401520669807,-0.33694656671688383,-0.32714451814563106,-1.60965249196592,0.12380795073405676,-0.30049244479637205,-0.29150704230582125,-0.3437127846224036,-1.4005353598799195,0.0020097208836405,0.03595831414417772,-0.31994726098755977,-0.26453413065219433,-0.25641923401219036,-1.1714051377534216,0.03250649916259343,EVALUATED,0.012516121807972791,valid,8.0,0.0,10.0,-0.2386530970159867,-0.23120282498730904,0.0,ALL,-0.33729179095536554,deepseek,-0.28951172652124735,-0.2807854692882573,new,10.0,0.06347972978754281,0.6210595404439838,,0.017286186001325365,2.0,10.0,deepseek/ALL/train_2010/M1/run_02,-1.317916254846825,0.0,2011.0,66319.0,2010.0,0.27687616713934543,0.0
M1,,,,,,,,,,,,,,,,,,,,,,,,,,,,,,,,,,,,,,,,,,,,,,MISSING,,partial,,0.0,3.0,,,0.0,ALL,,glm,,,new,10.0,,,原始记录保留,,2.0,3.0,glm/ALL/train_2010/M1/run_02,,0.0,2011.0,18702.0,2010.0,,0.0
M2,-0.30202784832922014,-0.2989532398805307,-0.290003802557978,-0.3429059224817844,-1.3910269971218703,0.0,0.09893226274580758,-0.2532330796694505,-0.2000209771347231,-0.1936193875364648,-0.8330619960207241,0.0,-0.30202784832922014,-0.29300668719509615,-0.34451759185893227,-1.4100348683983874,0.004015695642089144,0.056592402756047044,-0.28523837133424546,-0.2454354455731731,-0.2378079999483519,-1.0839400968350832,0.05309763618069555,-0.30509253150499893,-0.2960003482694773,-0.34612734710711723,-1.429042169525631,0.008016191680294823,0.01661862153196525,-0.31601811943748204,-0.2884739099730337,-0.27977245273901674,-1.3354189116365076,0.10329740017087168,-0.30049244479637205,-0.29150704230582125,-0.3437127846224036,-1.4005353598799195,0.0020097208836405,0.07745558146960863,-0.2693968621807977,-0.22303686332676342,-0.21600248713281722,-0.9584103964947979,0.026923314555480596,EVALUATED,0.056592402756047044,valid,5.0,0.0,10.0,-0.2000209771347231,-0.1936193875364648,0.0,ALL,-0.28523837133424546,deepseek,-0.2454354455731731,-0.2378079999483519,new,10.0,0.07329794047708225,0.68031240345599,,0.07807526075140747,2.0,10.0,deepseek/ALL/train_2010/M2/run_02,-1.0839400968350832,0.0,2011.0,89228.0,2010.0,0.23251952762439154,0.0
M2,,,,,,,,,,,,,,,,,,,,,,,,,,,,,,,,,,,,,,,,,,,,,,MISSING,,not_started,,,,,,,ALL,,glm,,,new,10.0,,,,,2.0,,glm/ALL/train_2010/M2/run_02,,,2011.0,,2010.0,,0.0
M3,,,,,,,,,,,,,,,,,,,,,,,,,,,,,,,,,,,,,,,,,,,,,,MISSING,,failed,,0.0,9.0,,,0.0,ALL,,deepseek,,,new,19.0,,,摘要格式不合规,,2.0,18.0,deepseek/ALL/train_2010/M3/run_02,,9.0,2011.0,103693.0,2010.0,,0.0
M3,,,,,,,,,,,,,,,,,,,,,,,,,,,,,,,,,,,,,,,,,,,,,,MISSING,,not_started,,,,,,,ALL,,glm,,,new,19.0,,,,,2.0,,glm/ALL/train_2010/M3/run_02,,,2011.0,,2010.0,,0.0
M0,-0.30202784832922014,-0.2989532398805307,-0.290003802557978,-0.3429059224817844,-1.3910269971218703,0.0,0.07180831021041845,-0.30198555261641447,-0.22714492967011224,-0.22000007971119828,-0.9221219820503151,0.0,-0.30202784832922014,-0.29300668719509615,-0.34451759185893227,-1.4100348683983874,0.004015695642089144,0.017245333259137574,-0.3363274439109315,-0.28478251507008256,-0.2761696956968783,-1.2394390289378017,0.07161317860275247,-0.30509253150499893,-0.2960003482694773,-0.34612734710711723,-1.429042169525631,0.008016191680294823,-0.033364625289708516,-0.37425901695694597,-0.33845715679470745,-0.32862275256170337,-1.557171404326488,0.13811772393877728,-0.30049244479637205,-0.29150704230582125,-0.3437127846224036,-1.4005353598799195,0.0020097208836405,0.04393297716766076,-0.3166488369366559,-0.2565594676287113,-0.24864603275498165,-1.0810406768228324,0.03646236268728812,EVALUATED,0.017245333259137574,valid,6.0,0.0,10.0,-0.22714492967011224,-0.22000007971119828,0.0,ALL,-0.3363274439109315,deepseek,-0.28478251507008256,-0.2761696956968783,new,10.0,0.06262032662796267,0.5665867406343225,,0.02381492327193202,2.0,10.0,deepseek/ALL/train_2010/M0/run_02,-1.2394390289378017,0.0,2011.0,40969.0,2010.0,0.3094836597035644,0.0
M0,,,,,,,,,,,,,,,,,,,,,,,,,,,,,,,,,,,,,,,,,,,,,,MISSING,,not_started,,,,,,,ALL,,glm,,,new,10.0,,,,,2.0,,glm/ALL/train_2010/M0/run_02,,,2011.0,,2010.0,,0.0
M3,,,,,,,,,,,,,,,,,,,,,,,,,,,,,,,,,,,,,,,,,,,,,,MISSING,,failed,,0.0,5.0,,,0.0,ALL,,deepseek,,,new,19.0,,,摘要格式不合规,,2.0,10.0,deepseek/ALL/train_2011/M3/run_02,,5.0,2012.0,56153.0,2011.0,,0.0
M3,,,,,,,,,,,,,,,,,,,,,,,,,,,,,,,,,,,,,,,,,,,,,,MISSING,,not_started,,,,,,,ALL,,glm,,,new,19.0,,,,,2.0,,glm/ALL/train_2011/M3/run_02,,,2012.0,,2011.0,,0.0
M0,0.09042528798093619,0.09440950122671721,0.0904985655036945,-0.26347329934061303,0.4888430377743787,0.0,0.21580392012106175,-0.16203352259206405,0.31021342134777896,0.29624058072648407,1.2521214589717513,0.0,0.09042528798093619,0.08668585305252363,-0.2649638664084205,0.4739307793060938,0.003816436207759237,0.14727161087209972,-0.18280574048195408,0.2376968988530359,0.22726721311160447,1.0140685326395207,0.06364529174287231,0.08646128230717331,0.08289192968242731,-0.26644741860193677,0.4590527466973117,0.0076210056355837975,0.08295269572140174,-0.2109726241700196,0.16941397802857505,0.16217392355851779,0.7759206627147299,0.12384607533094273,0.09241825320553043,0.08859309989715625,-0.26421730448796754,0.4813953289362484,0.001909688067128412,0.18091049728778574,-0.17255708547187543,0.2733287504933162,0.2611775686830129,1.1328764279606909,0.03226649781762514,EVALUATED,0.14727161087209972,valid,3.0,0.0,10.0,0.31021342134777896,0.29624058072648407,0.0,ALL,-0.18280574048195408,deepseek,0.2376968988530359,0.22726721311160447,new,10.0,0.07925207774358853,0.7574271662677817,,0.12936706561899625,2.0,10.0,deepseek/ALL/train_2011/M0/run_02,1.0140685326395207,0.0,2012.0,40934.0,2011.0,0.2263004369693933,0.0
M0,,,,,,,,,,,,,,,,,,,,,,,,,,,,,,,,,,,,,,,,,,,,,,MISSING,,not_started,,,,,,,ALL,,glm,,,new,10.0,,,,,2.0,,glm/ALL/train_2011/M0/run_02,,,2012.0,,2011.0,,0.0
M1,0.09042528798093619,0.09440950122671721,0.0904985655036945,-0.26347329934061303,0.4888430377743787,0.0,0.17229132822589688,-0.17363358757097147,0.2667008294526141,0.25487274747270394,1.0934259458355717,0.0,0.09042528798093619,0.08668585305252363,-0.2649638664084205,0.4739307793060938,0.003816436207759237,0.10077153103219394,-0.20890382431201426,0.19119681901313013,0.1829552220431907,0.8417373730908144,0.0673082669122473,0.08646128230717331,0.08289192968242731,-0.26644741860193677,0.4590527466973117,0.0076210056355837975,0.03410095790702661,-0.24262207560259186,0.12056224021419992,0.11551197936516178,0.5902883498541488,0.13076165475441998,0.09241825320553043,0.08859309989715625,-0.26421730448796754,0.4813953289362484,0.001909688067128412,0.13594752269094346,-0.1914360606029012,0.2283657758964739,0.21838055041714433,0.9677572033902307,0.034154827681148886,EVALUATED,0.10077153103219394,valid,2.0,0.0,10.0,0.2667008294526141,0.25487274747270394,0.0,ALL,-0.20890382431201426,deepseek,0.19119681901313013,0.1829552220431907,new,10.0,0.07405281928649067,0.6841229072262442,,0.08858987969728727,2.0,10.0,deepseek/ALL/train_2011/M1/run_02,0.8417373730908144,0.0,2012.0,65190.0,2011.0,0.2442068824638906,0.0
M1,,,,,,,,,,,,,,,,,,,,,,,,,,,,,,,,,,,,,,,,,,,,,,MISSING,,not_started,,,,,,,ALL,,glm,,,new,10.0,,,,,2.0,,glm/ALL/train_2011/M1/run_02,,,2012.0,,2011.0,,0.0
M2,0.09042528798093619,0.09440950122671721,0.0904985655036945,-0.26347329934061303,0.4888430377743787,0.0,0.16350048635960812,-0.19189541953629285,0.25790998758632533,0.24650842308867915,1.0543547182524602,0.0,0.09042528798093619,0.08668585305252363,-0.2649638664084205,0.4739307793060938,0.003816436207759237,0.12101348370035625,-0.2123822148967507,0.21143877168129244,0.20225296040649932,0.901931073664295,0.041783201736251545,0.08646128230717331,0.08289192968242731,-0.26644741860193677,0.4590527466973117,0.0076210056355837975,0.08045442523892588,-0.2322713397017635,0.1669157075460992,0.1597895431213665,0.7499562641935885,0.08206706710745862,0.09241825320553043,0.08859309989715625,-0.26421730448796754,0.4813953289362484,0.001909688067128412,0.14196471026102309,-0.20222603622929491,0.23438296346655352,0.2241114326449698,0.9779639793213549,0.02108412892721814,EVALUATED,0.12101348370035625,valid,2.0,0.0,10.0,0.25790998758632533,0.24650842308867915,0.0,ALL,-0.2123822148967507,deepseek,0.21143877168129244,0.20225296040649932,new,10.0,0.07232591985075011,0.756534301235889,,0.10634822108831665,2.0,10.0,deepseek/ALL/train_2011/M2/run_02,0.901931073664295,0.0,2012.0,86957.0,2011.0,0.14902369526113554,0.0
M2,,,,,,,,,,,,,,,,,,,,,,,,,,,,,,,,,,,,,,,,,,,,,,MISSING,,not_started,,,,,,,ALL,,glm,,,new,10.0,,,,,2.0,,glm/ALL/train_2011/M2/run_02,,,2012.0,,2011.0,,0.0
M1,0.28139512142439704,0.28558032672202316,0.26650006590174,-0.1597025386123957,1.2422455435971314,0.0,0.1479130481847042,-0.14772722996492682,0.43349337490672735,0.40309288665158016,1.87122301279214,0.0,0.28139512142439704,0.262622022228133,-0.15988146796196834,1.2279319535680036,0.003356741472795944,0.10128891654049488,-0.15066839747924776,0.3826840379648919,0.35627133585649773,1.6959389294854006,0.04017687315099702,0.2771880078083848,0.258722918186127,-0.16006327880430316,1.2134691054014222,0.006701624552651614,0.05660939987662417,-0.153613986435018,0.333797407685009,0.3111248341087858,1.5197785367479228,0.07892763579949395,0.2834906322521893,0.26456383289482743,-0.1597921913315492,1.2351099486071313,0.0016797998532876637,0.12438880971109056,-0.14918055740821323,0.40787944196327985,0.3795018421915046,1.7838115049687802,0.020272026103048683,EVALUATED,0.10128891654049488,valid,5.0,0.0,10.0,0.43349337490672735,0.40309288665158016,0.0,ALL,-0.15066839747924776,deepseek,0.3826840379648919,0.35627133585649773,new,10.0,0.06845262096785446,0.6781121431828947,,0.07417050548754323,2.0,10.0,deepseek/ALL/train_2012/M1/run_02,1.6959389294854006,0.0,2013.0,64773.0,2012.0,0.1421027257916016,0.0
M1,,,,,,,,,,,,,,,,,,,,,,,,,,,,,,,,,,,,,,,,,,,,,,MISSING,,not_started,,,,,,,ALL,,glm,,,new,10.0,,,,,2.0,,glm/ALL/train_2012/M1/run_02,,,2013.0,,2012.0,,0.0
M2,0.28139512142439704,0.28558032672202316,0.26650006590174,-0.1597025386123957,1.2422455435971314,0.0,0.20940433439593198,-0.1397646079468725,0.49498466111795514,0.4596263432037917,2.0834430700013846,0.0,0.28139512142439704,0.262622022228133,-0.15988146796196834,1.2279319535680036,0.003356741472795944,0.15982031742157843,-0.14158942517069673,0.44121543884597547,0.41020015036240265,1.905759162278739,0.04131305490814225,0.2771880078083848,0.258722918186127,-0.16006327880430316,1.2134691054014222,0.006701624552651614,0.11279004774564738,-0.14389727081327486,0.3899780555540322,0.3629990910754175,1.728717732465863,0.08113601320480197,0.2834906322521893,0.26456383289482743,-0.1597921913315492,1.2351099486071313,0.0016797998532876637,0.18429594966825014,-0.14067768365685562,0.4677865819204394,0.43463856703613857,1.9945444009718145,0.02084704955324979,EVALUATED,0.15982031742157843,valid,11.0,0.0,10.0,0.49498466111795514,0.4596263432037917,0.0,ALL,-0.14158942517069673,deepseek,0.44121543884597547,0.41020015036240265,new,10.0,0.0827687882115348,0.9235731753592389,,0.11688227001921003,2.0,10.0,deepseek/ALL/train_2012/M2/run_02,1.905759162278739,0.0,2013.0,88827.0,2012.0,0.14274184586509958,0.0
M2,,,,,,,,,,,,,,,,,,,,,,,,,,,,,,,,,,,,,,,,,,,,,,MISSING,,not_started,,,,,,,ALL,,glm,,,new,10.0,,,,,2.0,,glm/ALL/train_2012/M2/run_02,,,2013.0,,2012.0,,0.0
M3,0.28139512142439704,0.28558032672202316,0.26650006590174,-0.1597025386123957,1.2422455435971314,0.0,0.24243202123972618,-0.15786690038720175,0.5280123479617493,0.48993365920600507,2.2066063354803087,0.0,0.28139512142439704,0.262622022228133,-0.15988146796196834,1.2279319535680036,0.003356741472795944,0.19219724277743455,-0.16092316126622674,0.4735923642018316,0.4399748282628684,2.0293419915580784,0.04179946846100904,0.2771880078083848,0.258722918186127,-0.16006327880430316,1.2134691054014222,0.006701624552651614,0.14417680090014895,-0.1640011928387377,0.42136480870853377,0.3919253425723306,1.8513655359099297,0.08211663154335815,0.2834906322521893,0.26456383289482743,-0.1597921913315492,1.2351099486071313,0.0016797998532876637,0.21698578984724715,-0.15938065613958297,0.5004764220994364,0.4646685071931531,2.118023853476628,0.021089006760912906,EVALUATED,0.19219724277743455,valid,3.0,0.0,10.0,0.5280123479617493,0.48993365920600507,0.0,ALL,-0.16092316126622674,deepseek,0.4735923642018316,0.4399748282628684,new,19.0,0.08803923882446638,0.8982463710332691,,0.14046389411279492,2.0,19.0,deepseek/ALL/train_2012/M3/run_02,2.0293419915580784,9.0,2013.0,113254.0,2012.0,0.14485426531779189,0.0
M3,,,,,,,,,,,,,,,,,,,,,,,,,,,,,,,,,,,,,,,,,,,,,,MISSING,,not_started,,,,,,,ALL,,glm,,,new,19.0,,,,,2.0,,glm/ALL/train_2012/M3/run_02,,,2013.0,,2012.0,,0.0
M0,0.28139512142439704,0.28558032672202316,0.26650006590174,-0.1597025386123957,1.2422455435971314,0.0,0.19337294741971434,-0.14943677808347489,0.4789532741417375,0.4449010832755733,1.8688209194448624,0.0,0.28139512142439704,0.262622022228133,-0.15988146796196834,1.2279319535680036,0.003356741472795944,0.11070910537351186,-0.1530484488638586,0.3921042267979089,0.3649598035259982,1.6011666922942667,0.0675970282985176,0.2771880078083848,0.258722918186127,-0.16006327880430316,1.2134691054014222,0.006701624552651614,0.03312815905728361,-0.15750961016730336,0.31031616686566843,0.2894052282769437,1.3307614767678968,0.1312357769400185,0.2834906322521893,0.26456383289482743,-0.1597921913315492,1.2351099486071313,0.0016797998532876637,0.15116459878136723,-0.15088541429364954,0.4346552310335565,0.4041623857361625,1.7347101587399596,0.03431114808655264,EVALUATED,0.11070910537351186,valid,3.0,0.0,10.0,0.4789532741417375,0.4449010832755733,0.0,ALL,-0.1530484488638586,deepseek,0.3921042267979089,0.3649598035259982,new,10.0,0.07128062798773213,0.9633230188626613,,0.08105179499187809,2.0,10.0,deepseek/ALL/train_2012/M0/run_02,1.6011666922942667,0.0,2013.0,40521.0,2012.0,0.23757444086131582,0.0
M0,,,,,,,,,,,,,,,,,,,,,,,,,,,,,,,,,,,,,,,,,,,,,,MISSING,,not_started,,,,,,,ALL,,glm,,,new,10.0,,,,,2.0,,glm/ALL/train_2012/M0/run_02,,,2013.0,,2012.0,,0.0
M3,,,,,,,,,,,,,,,,,,,,,,,,,,,,,,,,,,,,,,,,,,,,,,MISSING,,failed,,0.0,3.0,,,0.0,ALL,,deepseek,,,new,19.0,,,摘要格式不合规,,2.0,6.0,deepseek/ALL/train_2013/M3/run_02,,3.0,2014.0,32459.0,2013.0,,0.0
M3,,,,,,,,,,,,,,,,,,,,,,,,,,,,,,,,,,,,,,,,,,,,,,MISSING,,not_started,,,,,,,ALL,,glm,,,new,19.0,,,,,2.0,,glm/ALL/train_2013/M3/run_02,,,2014.0,,2013.0,,0.0
M0,0.494365293322768,0.4995718309434709,0.48040659471078384,-0.10130961075383582,2.2076041607974215,0.0,0.011291610232541993,-0.10596455694006379,0.5108634411760129,0.4911987236284343,2.0572436334962765,0.0,0.494365293322768,0.4754294989561998,-0.10169673515864619,2.188950981665603,0.0038024471629007207,-0.05822649321213835,-0.11450246601588143,0.43613880011062967,0.4197309606577848,1.8144630312741081,0.058718542651991674,0.4891112678083107,0.47040644991288416,-0.10208790816772484,2.170020861305201,0.007589595960498729,-0.12450008997804729,-0.12294167569115488,0.3646111778302634,0.3512102366782959,1.5695049267648526,0.11428504759898556,0.49699154453814853,0.47794008513637065,-0.10150229416534884,2.198368539939878,0.001903165954878741,-0.023981778798907838,-0.11022594094707627,0.4730097657392407,0.45500928582363276,1.9358018807065978,0.029761607760516996,EVALUATED,-0.05822649321213835,valid,9.0,0.0,10.0,0.5108634411760129,0.4911987236284343,0.0,ALL,-0.11450246601588143,deepseek,0.43613880011062967,0.4197309606577848,new,10.0,0.06036379958812303,0.45849180868126593,,-0.037750728406758305,2.0,10.0,deepseek/ALL/train_2013/M0/run_02,1.8144630312741081,0.0,2014.0,42052.0,2013.0,0.20424366934240976,0.0
M0,,,,,,,,,,,,,,,,,,,,,,,,,,,,,,,,,,,,,,,,,,,,,,MISSING,,not_started,,,,,,,ALL,,glm,,,new,10.0,,,,,2.0,,glm/ALL/train_2013/M0/run_02,,,2014.0,,2013.0,,0.0
M1,0.494365293322768,0.4995718309434709,0.48040659471078384,-0.10130961075383582,2.2076041607974215,0.0,0.06981103363448637,-0.09346478051269247,0.5693828645779573,0.5470889718498271,2.4701650856237825,0.0,0.494365293322768,0.4754294989561998,-0.10169673515864619,2.188950981665603,0.0038024471629007207,0.006588954802645652,-0.09533654956755855,0.5009542481254137,0.4817279992454462,2.231512373091605,0.05254355037633688,0.4891112678083107,0.47040644991288416,-0.10208790816772484,2.170020861305201,0.007589595960498729,-0.053327975160252894,-0.09714423504594827,0.4357832926480578,0.4193906705288666,1.9929184508783693,0.10259097939232556,0.49699154453814853,0.47794008513637065,-0.10150229416534884,2.198368539939878,0.001903165954878741,0.03775491453291702,-0.09443783147694651,0.5347464590710655,0.5140168722390368,2.350786354649442,0.026594264585521915,EVALUATED,0.006588954802645652,valid,8.0,0.0,10.0,0.5693828645779573,0.5470889718498271,0.0,ALL,-0.09533654956755855,deepseek,0.5009542481254137,0.4817279992454462,new,10.0,0.06931380396666664,0.5813917255424884,,0.004268926637092552,2.0,10.0,deepseek/ALL/train_2013/M1/run_02,2.231512373091605,0.0,2014.0,65248.0,2013.0,0.178605976317085,0.0
M1,,,,,,,,,,,,,,,,,,,,,,,,,,,,,,,,,,,,,,,,,,,,,,MISSING,,not_started,,,,,,,ALL,,glm,,,new,10.0,,,,,2.0,,glm/ALL/train_2013/M1/run_02,,,2014.0,,2013.0,,0.0
M2,0.494365293322768,0.4995718309434709,0.48040659471078384,-0.10130961075383582,2.2076041607974215,0.0,0.08367834710136224,-0.09143389477229513,0.5832501780448331,0.5603234636645704,2.374746052689267,0.0,0.494365293322768,0.4754294989561998,-0.10169673515864619,2.188950981665603,0.0038024471629007207,0.014693014079543598,-0.09297873883472674,0.5090583074023116,0.4894736119005896,2.134825512168972,0.056354320308083405,0.4891112678083107,0.47040644991288416,-0.10208790816772484,2.170020861305201,0.007589595960498729,-0.05027870315943628,-0.0988420319192963,0.43883256464887443,0.4223093329912113,1.8962687830815532,0.1098315772391728,0.49699154453814853,0.47794008513637065,-0.10150229416534884,2.198368539939878,0.001903165954878741,0.04888101484987617,-0.09203902580431622,0.5458725593880247,0.5246430353604459,2.255380697893192,0.02855265834857189,EVALUATED,0.014693014079543598,valid,8.0,0.0,10.0,0.5832501780448331,0.5603234636645704,0.0,ALL,-0.09297873883472674,deepseek,0.5090583074023116,0.4894736119005896,new,10.0,0.06260700847282324,0.4974478229598509,,0.00951866080644681,2.0,10.0,deepseek/ALL/train_2013/M2/run_02,2.134825512168972,0.0,2014.0,86862.0,2013.0,0.19098324111262477,0.0
M2,,,,,,,,,,,,,,,,,,,,,,,,,,,,,,,,,,,,,,,,,,,,,,MISSING,,not_started,,,,,,,ALL,,glm,,,new,10.0,,,,,2.0,,glm/ALL/train_2013/M2/run_02,,,2014.0,,2013.0,,0.0
M1,0.8156330597181609,0.8250169640333049,0.7862241005942479,-0.4855662889038692,1.5910951747821322,0.0,0.33041980059288845,-0.5188701261684465,1.1554367646261934,1.0971201430279112,1.8970081409654216,0.0,0.8156330597181609,0.7773668631388586,-0.48637430832188433,1.579605962188487,0.007141741652660086,0.20096159893339904,-0.525654382197675,1.01659465865156,0.9667056995457386,1.7551467150547866,0.10062962021169994,0.806305961400555,0.7685616232324468,-0.4871740404893342,1.5680514825973562,0.01424719401360145,0.08057365751080159,-0.5321623071699038,0.8868796189113566,0.8445744407825673,1.6124024632209548,0.19442472323885568,0.8203781972116122,0.7818458860123578,-0.48598529749515507,1.5853788419413817,0.0035759877583457964,0.264423315233703,-0.5223364573348243,1.0848015124453152,1.0308111775852709,1.8261335327713304,0.051212575859692695,EVALUATED,0.20096159893339904,valid,5.0,0.0,10.0,1.1554367646261934,1.0971201430279112,0.0,ALL,-0.525654382197675,deepseek,1.01659465865156,0.9667056995457386,new,10.0,0.07966778740068876,0.6043152961673693,,0.10652771824073759,2.0,10.0,deepseek/ALL/train_2014/M1/run_02,1.7551467150547866,0.0,2015.0,64403.0,2014.0,0.2602607755726341,0.0
M1,,,,,,,,,,,,,,,,,,,,,,,,,,,,,,,,,,,,,,,,,,,,,,MISSING,,not_started,,,,,,,ALL,,glm,,,new,10.0,,,,,2.0,,glm/ALL/train_2014/M1/run_02,,,2015.0,,2014.0,,0.0
M2,0.8156330597181609,0.8250169640333049,0.7862241005942479,-0.4855662889038692,1.5910951747821322,0.0,0.1919378963983518,-0.49173880244464563,1.0169548604316567,0.9670444430424421,1.751879513593518,0.0,0.8156330597181609,0.7773668631388586,-0.48637430832188433,1.579605962188487,0.007141741652660086,0.055736311782786485,-0.4999057139804274,0.8713693715009474,0.8299513095678126,1.5918106154739076,0.10548255504319758,0.806305961400555,0.7685616232324468,-0.4871740404893342,1.5680514825973562,0.01424719401360145,-0.06684947187969992,-0.5070408926054795,0.7394564895208551,0.7054043677312043,1.4348533233021874,0.20288628662138938,0.8203781972116122,0.7818458860123578,-0.48598529749515507,1.5853788419413817,0.0035759877583457964,0.12289847579716362,-0.4957572213133494,0.9432766730087758,0.8977099250764986,1.6723921162942599,0.053811975943133826,EVALUATED,0.055736311782786485,valid,3.0,0.0,10.0,1.0169548604316567,0.9670444430424421,0.0,ALL,-0.4999057139804274,deepseek,0.8713693715009474,0.8299513095678126,new,10.0,0.06945212329229365,0.5435384614164933,,0.029585589514192323,2.0,10.0,deepseek/ALL/train_2014/M2/run_02,1.5918106154739076,0.0,2015.0,86424.0,2014.0,0.2851856420894369,0.0
M2,,,,,,,,,,,,,,,,,,,,,,,,,,,,,,,,,,,,,,,,,,,,,,MISSING,,not_started,,,,,,,ALL,,glm,,,new,10.0,,,,,2.0,,glm/ALL/train_2014/M2/run_02,,,2015.0,,2014.0,,0.0
M3,0.8156330597181609,0.8250169640333049,0.7862241005942479,-0.4855662889038692,1.5910951747821322,0.0,0.3780125586885137,-0.46832212362410985,1.2030295227218186,1.1417540240072164,1.9084881540494216,0.0,0.8156330597181609,0.7773668631388586,-0.48637430832188433,1.579605962188487,0.007141741652660086,0.2463099170559826,-0.47638001184904344,1.0619429767741435,1.0093356264982538,1.7708206377198656,0.10254574101092341,0.806305961400555,0.7685616232324468,-0.4871740404893342,1.5680514825973562,0.01424719401360145,0.1214827844083135,-0.4846173906026866,0.9277887458088685,0.8831232537034106,1.6304198030537052,0.19786635677335884,0.8203781972116122,0.7818458860123578,-0.48598529749515507,1.5853788419413817,0.0035759877583457964,0.31090202473438255,-0.4723297772128745,1.1312802219459948,1.0744520085450473,1.8396872788177714,0.052185104361720094,EVALUATED,0.2463099170559826,valid,2.0,0.0,10.0,1.2030295227218186,1.1417540240072164,0.0,ALL,-0.47638001184904344,deepseek,1.0619429767741435,1.0093356264982538,new,19.0,0.09184451721515013,0.776126804857269,,0.1305125960038067,2.0,19.0,deepseek/ALL/train_2014/M3/run_02,1.7708206377198656,9.0,2015.0,113024.0,2014.0,0.25873671997984543,0.0
M3,,,,,,,,,,,,,,,,,,,,,,,,,,,,,,,,,,,,,,,,,,,,,,MISSING,,not_started,,,,,,,ALL,,glm,,,new,19.0,,,,,2.0,,glm/ALL/train_2014/M3/run_02,,,2015.0,,2014.0,,0.0
M0,0.8156330597181609,0.8250169640333049,0.7862241005942479,-0.4855662889038692,1.5910951747821322,0.0,0.40662390821322125,-0.4845394895184657,1.2316408722465262,1.1685699666139384,1.9365277891696941,0.0,0.8156330597181609,0.7773668631388586,-0.48637430832188433,1.579605962188487,0.007141741652660086,0.2638059430480666,-0.4922461290697112,1.0794390027662275,1.0257738682771982,1.7896250448458455,0.11107374894523879,0.806305961400555,0.7685616232324468,-0.4871740404893342,1.5680514825973562,0.01424719401360145,0.12832609146802842,-0.5000022051035045,0.9346320528685834,0.8895688569411486,1.6384718878893416,0.21383755717645384,0.8203781972116122,0.7818458860123578,-0.48598529749515507,1.5853788419413817,0.0035759877583457964,0.33356892148692285,-0.48833712409427144,1.153947118698535,1.0957225453416743,1.862943933983579,0.05660799928551134,EVALUATED,0.2638059430480666,valid,8.0,0.0,10.0,1.2316408722465262,1.1685699666139384,0.0,ALL,-0.4922461290697112,deepseek,1.0794390027662275,1.0257738682771982,new,10.0,0.10724758959450989,0.7392995473436296,,0.1397612447323615,2.0,10.0,deepseek/ALL/train_2014/M0/run_02,1.7896250448458455,0.0,2015.0,41236.0,2014.0,0.28389002222692783,0.0
M0,,,,,,,,,,,,,,,,,,,,,,,,,,,,,,,,,,,,,,,,,,,,,,MISSING,,not_started,,,,,,,ALL,,glm,,,new,10.0,,,,,2.0,,glm/ALL/train_2014/M0/run_02,,,2015.0,,2014.0,,0.0
M3,,,,,,,,,,,,,,,,,,,,,,,,,,,,,,,,,,,,,,,,,,,,,,MISSING,,failed,,0.0,5.0,,,0.0,ALL,,deepseek,,,new,19.0,,,摘要格式不合规,,2.0,10.0,deepseek/ALL/train_2015/M3/run_02,,5.0,2016.0,58772.0,2015.0,,0.0
M3,,,,,,,,,,,,,,,,,,,,,,,,,,,,,,,,,,,,,,,,,,,,,,MISSING,,not_started,,,,,,,ALL,,glm,,,new,19.0,,,,,2.0,,glm/ALL/train_2015/M3/run_02,,,2016.0,,2015.0,,0.0
M0,0.052314188079194635,0.05603558561379085,0.05398126318770813,-0.2653991793630962,0.33295977195678533,0.0,0.22831559540579827,-0.2346368363848328,0.2843511810195891,0.2729232691480108,0.92675354617181,0.0,0.052314188079194635,0.05039952780456103,-0.2656559316334033,0.3217453321160684,0.0032736501145092575,0.17865333037448305,-0.23676513179648861,0.2309675184536777,0.22186577650875328,0.7980613288008445,0.04598474297352549,0.04859545798401421,0.04681990783794654,-0.2659280388989852,0.3104935123940469,0.006535717435244459,0.13099419031602832,-0.23887822499233158,0.17958964830004254,0.17265195768594754,0.668591791055972,0.08993784397979883,0.05416654931350928,0.052182427312303936,-0.2655281281788118,0.32733318160529024,0.0016382263727107121,0.20325082800508731,-0.23570158158027066,0.2574173773185966,0.2471727699699644,0.8625401725810526,0.023250430508268905,EVALUATED,0.17865333037448305,valid,7.0,0.0,10.0,0.2843511810195891,0.2729232691480108,0.0,ALL,-0.23676513179648861,deepseek,0.2309675184536777,0.22186577650875328,new,10.0,0.11177631860441681,0.9357728256239296,,0.1632390763375282,2.0,10.0,deepseek/ALL/train_2015/M0/run_02,0.7980613288008445,0.0,2016.0,40957.0,2015.0,0.1705795952782361,0.0
M0,,,,,,,,,,,,,,,,,,,,,,,,,,,,,,,,,,,,,,,,,,,,,,MISSING,,not_started,,,,,,,ALL,,glm,,,new,10.0,,,,,2.0,,glm/ALL/train_2015/M0/run_02,,,2016.0,,2015.0,,0.0
M1,0.052314188079194635,0.05603558561379085,0.05398126318770813,-0.2653991793630962,0.33295977195678533,0.0,0.12326545460149463,-0.23860776873826905,0.17930104021528548,0.1723752926336648,0.6703305138988709,0.0,0.052314188079194635,0.05039952780456103,-0.2656559316334033,0.3217453321160684,0.0032736501145092575,0.07318677976203025,-0.2409625744918198,0.1255009678412249,0.12075862985667252,0.5275846388113012,0.04824799136522605,0.04859545798401421,0.04681990783794654,-0.2659280388989852,0.3104935123940469,0.006535717435244459,0.026071424554436895,-0.24335048132875714,0.07466688253845111,0.07190659231656116,0.38610301939851294,0.09423585408340276,0.05416654931350928,0.052182427312303936,-0.2655281281788118,0.32733318160529024,0.0016382263727107121,0.09788684376093237,-0.2397800975910226,0.15205339307444166,0.14624421571343915,0.5989062724636757,0.024415571644261846,EVALUATED,0.07318677976203025,valid,11.0,0.0,10.0,0.17930104021528548,0.1723752926336648,0.0,ALL,-0.2409625744918198,deepseek,0.1255009678412249,0.12075862985667252,new,10.0,0.08242657677942583,0.6547177923204118,,0.06698318134164527,2.0,10.0,deepseek/ALL/train_2015/M1/run_02,0.5275846388113012,0.0,2016.0,69620.0,2015.0,0.1856847880165113,0.0
M1,,,,,,,,,,,,,,,,,,,,,,,,,,,,,,,,,,,,,,,,,,,,,,MISSING,,not_started,,,,,,,ALL,,glm,,,new,10.0,,,,,2.0,,glm/ALL/train_2015/M1/run_02,,,2016.0,,2015.0,,0.0
M2,0.052314188079194635,0.05603558561379085,0.05398126318770813,-0.2653991793630962,0.33295977195678533,0.0,0.2261653840335225,-0.2354737831226451,0.28220096964731334,0.27086823844757624,0.9290939616319884,0.0,0.052314188079194635,0.05039952780456103,-0.2656559316334033,0.3217453321160684,0.0032736501145092575,0.18012098647409136,-0.2373995148623651,0.232435174553286,0.2232705221762583,0.8075140656613318,0.04280462372043902,0.04859545798401421,0.04681990783794654,-0.2659280388989852,0.3104935123940469,0.006535717435244459,0.13544950691227875,-0.23932306951664362,0.18404496489629296,0.1769226002984421,0.6843570485696803,0.08384484315226276,0.05416654931350928,0.052182427312303936,-0.2655281281788118,0.32733318160529024,0.0016382263727107121,0.2029708440801521,-0.2364369596455932,0.2571373933936614,0.24690498406168393,0.868482376919323,0.02162438049565148,EVALUATED,0.18012098647409136,valid,12.0,0.0,10.0,0.28220096964731334,0.27086823844757624,0.0,ALL,-0.2373995148623651,deepseek,0.232435174553286,0.2232705221762583,new,10.0,0.11092315791607439,0.8564424572416232,,0.16457642049117704,2.0,10.0,deepseek/ALL/train_2015/M2/run_02,0.8075140656613318,0.0,2016.0,90539.0,2015.0,0.15818802057469944,0.0
M2,,,,,,,,,,,,,,,,,,,,,,,,,,,,,,,,,,,,,,,,,,,,,,MISSING,,not_started,,,,,,,ALL,,glm,,,new,10.0,,,,,2.0,,glm/ALL/train_2015/M2/run_02,,,2016.0,,2015.0,,0.0
M0,,,,,,,,,,,,,,,,,,,,,,,,,,,,,,,,,,,,,,,,,,,,,,MISSING,,not_started,,,,,,,C26,,glm,,,new,10.0,,,,,2.0,,glm/C26/train_2015/M0/run_02,,,2016.0,,2015.0,,0.0
M0,0.1399222343553146,0.14415162582034569,0.13866214498630547,-0.2809240376694757,0.5830207488702139,0.0,0.2446880375739815,-0.239380694591255,0.3888396633943272,0.3726423456516741,1.1771645703034608,0.0,0.1399222343553146,0.1346031022745715,-0.28116325445315693,0.5715249606934846,0.0034766975931687883,0.1782805612032896,-0.24240632933885753,0.3182027955586042,0.3052603594116956,1.0174986856026622,0.0583369171741691,0.13570822053418974,0.13055828287261773,-0.28140255194399943,0.5600211610563735,0.006941122938168017,0.1155539490624351,-0.24541486244394173,0.25126216959662484,0.24128523317397832,0.8572992013917387,0.11345847048268162,0.1420354222294944,0.1366312436125543,-0.2810436374080565,0.5772750134664567,0.0017398869815654111,0.21100292348936622,-0.24089565641133925,0.3530383457188606,0.338506419067516,1.0973913024243687,0.029580618021757283,EVALUATED,0.1782805612032896,valid,10.0,0.0,10.0,0.3888396633943272,0.3726423456516741,0.0,C26,-0.24240632933885753,deepseek,0.3182027955586042,0.3052603594116956,new,10.0,0.08196153580656472,0.5300554774805231,,0.1504114141720594,2.0,10.0,deepseek/C26/train_2015/M0/run_02,1.0174986856026622,0.0,2016.0,41395.0,2015.0,0.2103330404336172,0.0
M1,,,,,,,,,,,,,,,,,,,,,,,,,,,,,,,,,,,,,,,,,,,,,,MISSING,,not_started,,,,,,,C26,,glm,,,new,10.0,,,,,2.0,,glm/C26/train_2015/M1/run_02,,,2016.0,,2015.0,,0.0
M1,0.1399222343553146,0.14415162582034569,0.13866214498630547,-0.2809240376694757,0.5830207488702139,0.0,0.12794368000212608,-0.2583103772266553,0.27209530582247177,0.26120825704322637,0.9215725626979653,0.0,0.1399222343553146,0.1346031022745715,-0.28116325445315693,0.5715249606934846,0.0034766975931687883,0.07588626269804433,-0.2601046745668074,0.21580849705335892,0.20735302670775324,0.7789333396116582,0.04649330414112083,0.13570822053418974,0.13055828287261773,-0.28140255194399943,0.5600211610563735,0.006941122938168017,0.026348096214185768,-0.26189404861852794,0.1620563167483755,0.1558397706630481,0.6361052719948272,0.09081834214423118,0.1420354222294944,0.1366312436125543,-0.2810436374080565,0.5772750134664567,0.0017398869815654111,0.10159573501820263,-0.2592081426569489,0.24363115724769702,0.233984633115218,0.8502910021580012,0.023524146780373956,EVALUATED,0.07588626269804433,valid,11.0,0.0,10.0,0.27209530582247177,0.26120825704322637,0.0,C26,-0.2601046745668074,deepseek,0.21580849705335892,0.20735302670775324,new,10.0,0.10366387290885284,0.7365848884331027,,0.06411927156495323,2.0,10.0,deepseek/C26/train_2015/M1/run_02,0.7789333396116582,0.0,2016.0,67809.0,2015.0,0.1807253811998345,0.0
M2,,,,,,,,,,,,,,,,,,,,,,,,,,,,,,,,,,,,,,,,,,,,,,MISSING,,not_started,,,,,,,C26,,glm,,,new,10.0,,,,,2.0,,glm/C26/train_2015/M2/run_02,,,2016.0,,2015.0,,0.0
M2,0.1399222343553146,0.14415162582034569,0.13866214498630547,-0.2809240376694757,0.5830207488702139,0.0,0.13961912899973838,-0.27641691408942837,0.28377075482008407,0.27236854805278177,0.9115436688262734,0.0,0.1399222343553146,0.1346031022745715,-0.28116325445315693,0.5715249606934846,0.0034766975931687883,0.09186128119481363,-0.27853288548884036,0.23178351555012822,0.22264680362785416,0.7895466285242858,0.0429153820424976,0.13570822053418974,0.13055828287261773,-0.28140255194399943,0.5600211610563735,0.006941122938168017,0.04620057734601146,-0.28064082003127755,0.1819087978802012,0.17487504968893308,0.6672676554009637,0.08401994882017585,0.1420354222294944,0.1366312436125543,-0.2810436374080565,0.5772750134664567,0.0017398869815654111,0.11548096852693601,-0.27747591478020717,0.2575163907564304,0.2472674691948329,0.8506081314115751,0.021688180274499636,EVALUATED,0.09186128119481363,valid,9.0,0.0,10.0,0.28377075482008407,0.27236854805278177,0.0,C26,-0.27853288548884036,deepseek,0.23178351555012822,0.22264680362785416,new,10.0,0.09696015158438584,0.6249456426256821,,0.07759867849539526,2.0,10.0,deepseek/C26/train_2015/M2/run_02,0.7895466285242858,0.0,2016.0,88592.0,2015.0,0.16505042871885822,0.0
M3,,,,,,,,,,,,,,,,,,,,,,,,,,,,,,,,,,,,,,,,,,,,,,MISSING,,not_started,,,,,,,C26,,glm,,,new,19.0,,,,,2.0,,glm/C26/train_2015/M3/run_02,,,2016.0,,2015.0,,0.0
M3,0.1399222343553146,0.14415162582034569,0.13866214498630547,-0.2809240376694757,0.5830207488702139,0.0,0.12226887421841082,-0.27461700450504634,0.2664205000387565,0.2557825225355441,0.8756352220931912,0.0,0.1399222343553146,0.1346031022745715,-0.28116325445315693,0.5715249606934846,0.0034766975931687883,0.07717530374070436,-0.27655998023556405,0.21709753809601895,0.20858736260563449,0.7573759444021121,0.040966604229298924,0.13570822053418974,0.13055828287261773,-0.28140255194399943,0.5600211610563735,0.006941122938168017,0.03418311096684978,-0.27843587048659346,0.16989133150103952,0.1633536434621703,0.6393501912347228,0.08021653654796394,0.1420354222294944,0.1366312436125543,-0.2810436374080565,0.5772750134664567,0.0017398869815654111,0.09944962087989695,-0.2756006257044147,0.24148504310939134,0.23193115491513305,0.8164731244344241,0.020702799817586444,EVALUATED,0.07717530374070436,valid,11.0,0.0,10.0,0.2664205000387565,0.2557825225355441,0.0,C26,-0.27655998023556405,deepseek,0.21709753809601895,0.20858736260563449,new,19.0,0.08727644452792506,0.5646252026153293,,0.06520717260753517,2.0,19.0,deepseek/C26/train_2015/M3/run_02,0.7573759444021121,9.0,2016.0,118432.0,2015.0,0.15678969769528814,0.0
M1,-0.00015245231165805784,0.003020530350287931,0.0029124973270568955,-0.2764764696170763,0.17835952077230097,0.0,0.22824377905582716,-0.24113244252658994,0.2312643094061151,0.22214985047047708,0.8027187293496143,0.0,-0.00015245231165805784,-0.00014700798647071522,-0.2764800870563098,0.16877131761282482,0.0031502627424883243,0.18019686007445412,-0.2431851961585585,0.18004440776279607,0.17308789361913002,0.6727491353660527,0.04286770723230726,-0.0027736473357082847,-0.002674721100127897,-0.27645741182861006,0.1607696908125557,0.006302643624883595,0.1338891752842606,-0.24520343496814312,0.1311155279485523,0.12614937828405903,0.5431363505853087,0.0837915461387416,0.0013884570183240186,0.0013388360878130445,-0.2764917005786791,0.17344024216000611,0.0015751447639528386,0.2039788092750292,-0.24216660649712973,0.20536726629335322,0.19735318046425387,0.7377127765260203,0.021684360740019757,EVALUATED,0.18019686007445412,valid,7.0,0.0,10.0,0.2312643094061151,0.22214985047047708,0.0,C35,-0.2431851961585585,deepseek,0.18004440776279607,0.17308789361913002,new,10.0,0.12037855014863795,0.9088583185689264,,0.17326037226406243,2.0,10.0,deepseek/C35/train_2015/M1/run_02,0.6727491353660527,0.0,2016.0,65518.0,2015.0,0.17079762768369972,0.0
M1,,,,,,,,,,,,,,,,,,,,,,,,,,,,,,,,,,,,,,,,,,,,,,MISSING,,not_started,,,,,,,C35,,glm,,,new,10.0,,,,,2.0,,glm/C35/train_2015/M1/run_02,,,2016.0,,2015.0,,0.0
M2,-0.00015245231165805784,0.003020530350287931,0.0029124973270568955,-0.2764764696170763,0.17835952077230097,0.0,0.17128406809140717,-0.23521387298524898,0.1743045984416951,0.1675852272288476,0.6354944363899362,0.0,-0.00015245231165805784,-0.00014700798647071522,-0.2764800870563098,0.16877131761282482,0.0031502627424883243,0.1313684803000399,-0.23770371193426232,0.13121602798838183,0.12624586339813093,0.5291369667172572,0.03790262554040557,-0.0027736473357082847,-0.002674721100127897,-0.27645741182861006,0.1607696908125557,0.006302643624883595,0.092662202512525,-0.24018362786540115,0.08988855517681671,0.086543248121417,0.4231991669362805,0.07435491785261146,0.0013884570183240186,0.0013388360878130445,-0.2764917005786791,0.17344024216000611,0.0015751447639528386,0.15111309254680116,-0.23646003617313194,0.15250154956512518,0.14667418452728742,0.5821839714480604,0.0191368089194813,EVALUATED,0.1313684803000399,valid,5.0,0.0,10.0,0.1743045984416951,0.1675852272288476,0.0,C35,-0.23770371193426232,deepseek,0.13121602798838183,0.12624586339813093,new,10.0,0.10903185685005266,0.7829970586679642,,0.12641145487805017,2.0,10.0,deepseek/C35/train_2015/M2/run_02,0.5291369667172572,0.0,2016.0,88163.0,2015.0,0.1469127588497867,0.0
M2,,,,,,,,,,,,,,,,,,,,,,,,,,,,,,,,,,,,,,,,,,,,,,MISSING,,not_started,,,,,,,C35,,glm,,,new,10.0,,,,,2.0,,glm/C35/train_2015/M2/run_02,,,2016.0,,2015.0,,0.0
M3,-0.00015245231165805784,0.003020530350287931,0.0029124973270568955,-0.2764764696170763,0.17835952077230097,0.0,0.24412359456223998,-0.22452644351285223,0.2471441249125279,0.23734569227278368,0.8336566321548023,0.0,-0.00015245231165805784,-0.00014700798647071522,-0.2764800870563098,0.16877131761282482,0.0031502627424883243,0.20105315888484898,-0.22704175835531126,0.20090070657319092,0.19307449334013516,0.7199139868302402,0.03936021292958954,-0.0027736473357082847,-0.002674721100127897,-0.27645741182861006,0.1607696908125557,0.006302643624883595,0.15932384904985386,-0.2295440849972149,0.15655020171414558,0.15055825859641958,0.606572741454167,0.07718270739339832,0.0013884570183240186,0.0013388360878130445,-0.2764917005786791,0.17344024216000611,0.0015751447639528386,0.22240267975064554,-0.22578576331617095,0.22379113676896956,0.21499614454862703,0.7767652838463148,0.019878075724596395,EVALUATED,0.20105315888484898,valid,10.0,0.0,10.0,0.2471441249125279,0.23734569227278368,0.0,C35,-0.22704175835531126,deepseek,0.20090070657319092,0.19307449334013516,new,19.0,0.12628748329614012,0.9500975356078487,,0.19324991060684993,2.0,19.0,deepseek/C35/train_2015/M3/run_02,0.7199139868302402,9.0,2016.0,117007.0,2015.0,0.15149517889905714,0.0
M3,,,,,,,,,,,,,,,,,,,,,,,,,,,,,,,,,,,,,,,,,,,,,,MISSING,,not_started,,,,,,,C35,,glm,,,new,19.0,,,,,2.0,,glm/C35/train_2015/M3/run_02,,,2016.0,,2015.0,,0.0
M0,-0.00015245231165805784,0.003020530350287931,0.0029124973270568955,-0.2764764696170763,0.17835952077230097,0.0,0.19519171399115698,-0.24798264116149116,0.1982122443414449,0.19049883942096812,0.6879854492028168,0.0,-0.00015245231165805784,-0.00014700798647071522,-0.2764800870563098,0.16877131761282482,0.0031502627424883243,0.13213156665700065,-0.2512527112414772,0.1319791143453426,0.12697845485602643,0.5285816476386461,0.05732358199276171,-0.0027736473357082847,-0.002674721100127897,-0.27645741182861006,0.1607696908125557,0.006302643624883595,0.07226535118115418,-0.25463652962065764,0.0694917038454459,0.06692863044223585,0.3693422008190679,0.11132281215961684,0.0013884570183240186,0.0013388360878130445,-0.2764917005786791,0.17344024216000611,0.0015751447639528386,0.16316098875020923,-0.24961672700407345,0.16454944576853325,0.1582309068844463,0.6081227537257957,0.029088963967593476,EVALUATED,0.13213156665700065,valid,7.0,0.0,10.0,0.1982122443414449,0.19049883942096812,0.0,C35,-0.2512527112414772,deepseek,0.1319791143453426,0.12697845485602643,new,10.0,0.11967059580643301,0.9721418250493982,,0.12714415404857538,2.0,10.0,deepseek/C35/train_2015/M0/run_02,0.5285816476386461,0.0,2016.0,41360.0,2015.0,0.22689023612896797,0.0
M0,,,,,,,,,,,,,,,,,,,,,,,,,,,,,,,,,,,,,,,,,,,,,,MISSING,,not_started,,,,,,,C35,,glm,,,new,10.0,,,,,2.0,,glm/C35/train_2015/M0/run_02,,,2016.0,,2015.0,,0.0
M2,,,,,,,,,,,,,,,,,,,,,,,,,,,,,,,,,,,,,,,,,,,,,,MISSING,,not_started,,,,,,,C39,,glm,,,new,10.0,,,,,2.0,,glm/C39/train_2015/M2/run_02,,,2016.0,,2015.0,,0.0
M2,0.013971108100331753,0.017452329928515642,0.016823819007128815,-0.2831546446084072,0.22831270088172403,0.0,0.2780797533491661,-0.2511519770635753,0.29553208327768177,0.2836072648183652,0.8879810338792681,0.0,0.013971108100331753,0.013468794966954745,-0.2834207047731241,0.21859654273399282,0.0031412474778262033,0.21676632030792353,-0.2533704516847859,0.23073742840825529,0.22164554374965184,0.7494745354641024,0.05665130679923528,0.0105272827497922,0.010149406948613882,-0.2836742244132202,0.2089469993648035,0.006271957419232348,0.15881566348062148,-0.2555773471010818,0.16934294623041368,0.1628277940638836,0.6109599384847199,0.11033241206292249,0.015694760403274444,0.01513001447247242,-0.28328603166824307,0.2234128533035515,0.0015718227209058483,0.24696642108506484,-0.25226585366125165,0.2626611814883393,0.2521877252326208,0.8186612348211691,0.02870762555414985,EVALUATED,0.21676632030792353,valid,8.0,0.0,10.0,0.29553208327768177,0.2836072648183652,0.0,C39,-0.2533704516847859,deepseek,0.23073742840825529,0.22164554374965184,new,10.0,0.11421963181870089,0.7223680713865875,,0.20541012196580244,2.0,10.0,deepseek/C39/train_2015/M2/run_02,0.7494745354641024,0.0,2016.0,90707.0,2015.0,0.20431404272450687,0.0
M3,,,,,,,,,,,,,,,,,,,,,,,,,,,,,,,,,,,,,,,,,,,,,,MISSING,,not_started,,,,,,,C39,,glm,,,new,19.0,,,,,2.0,,glm/C39/train_2015/M3/run_02,,,2016.0,,2015.0,,0.0
M3,,,,,,,,,,,,,,,,,,,,,,,,,,,,,,,,,,,,,,,,,,,,,,MISSING,,failed,,0.0,1.0,,,0.0,C39,,deepseek,,,new,19.0,,,摘要格式不合规,,2.0,2.0,deepseek/C39/train_2015/M3/run_02,,1.0,2016.0,9398.0,2015.0,,0.0
M0,,,,,,,,,,,,,,,,,,,,,,,,,,,,,,,,,,,,,,,,,,,,,,MISSING,,not_started,,,,,,,C39,,glm,,,new,10.0,,,,,2.0,,glm/C39/train_2015/M0/run_02,,,2016.0,,2015.0,,0.0
M0,0.013971108100331753,0.017452329928515642,0.016823819007128815,-0.2831546446084072,0.22831270088172403,0.0,0.30149285975468376,-0.23528940466484893,0.3189451896831994,0.30596920364824953,0.9404992723858256,0.0,0.013971108100331753,0.013468794966954745,-0.2834207047731241,0.21859654273399282,0.0031412474778262033,0.22959010142234537,-0.23819581446599059,0.24356120952267712,0.23391770664499445,0.7807460818805858,0.06513594356737824,0.0105272827497922,0.010149406948613882,-0.2836742244132202,0.2089469993648035,0.006271957419232348,0.16229137321065434,-0.24111501273214608,0.17281865596044654,0.16616052081608124,0.6211405731758858,0.12627696820838075,0.015694760403274444,0.01513001447247242,-0.28328603166824307,0.2234128533035515,0.0015718227209058483,0.2650935844415805,-0.23673826937065168,0.28078834484485493,0.26951807753084056,0.8609014042516372,0.03308691356072863,EVALUATED,0.22959010142234537,valid,7.0,0.0,10.0,0.3189451896831994,0.30596920364824953,0.0,C39,-0.23819581446599059,deepseek,0.24356120952267712,0.23391770664499445,new,10.0,0.10046110664988114,0.6680133487325324,,0.21751919030247757,2.0,10.0,deepseek/C39/train_2015/M0/run_02,0.7807460818805858,0.0,2016.0,41832.0,2015.0,0.23203441937833663,0.0
M1,,,,,,,,,,,,,,,,,,,,,,,,,,,,,,,,,,,,,,,,,,,,,,MISSING,,not_started,,,,,,,C39,,glm,,,new,10.0,,,,,2.0,,glm/C39/train_2015/M1/run_02,,,2016.0,,2015.0,,0.0
M1,0.013971108100331753,0.017452329928515642,0.016823819007128815,-0.2831546446084072,0.22831270088172403,0.0,0.12349297238148171,-0.25320307518355667,0.14094530230999736,0.13558501298721337,0.5410318785280305,0.0,0.013971108100331753,0.013468794966954745,-0.2834207047731241,0.21859654273399282,0.0031412474778262033,0.07414933350488018,-0.25527153902140154,0.08812044160521193,0.08484346542471233,0.4150685522474695,0.049496303871343614,0.0105272827497922,0.010149406948613882,-0.2836742244132202,0.2089469993648035,0.006271957419232348,0.02715485536903084,-0.2573386857271208,0.03768213811882304,0.03631220903435417,0.28884586219292124,0.09663368510682768,0.015694760403274444,0.01513001447247242,-0.28328603166824307,0.2234128533035515,0.0015718227209058483,0.09856534422433483,-0.2542378959198349,0.11426010462760927,0.10996296655245574,0.4781667471510873,0.025048689608984574,EVALUATED,0.07414933350488018,valid,10.0,0.0,10.0,0.14094530230999736,0.13558501298721337,0.0,C39,-0.25527153902140154,deepseek,0.08812044160521193,0.08484346542471233,new,10.0,0.07816305015550225,0.5163034817238619,,0.07042611554713418,2.0,10.0,deepseek/C39/train_2015/M1/run_02,0.4150685522474695,0.0,2016.0,67865.0,2015.0,0.19003951730112573,0.0
M0,-0.15644647325265082,-0.15380505637003616,-0.1487428595675203,-0.17903929845137512,-0.9731707659453399,0.0,0.01693208692728576,-0.1922962552127523,-0.1368729694427504,-0.1323236435056031,-0.7335684975335285,0.0,-0.15644647325265082,-0.15130532052894918,-0.18030791254374035,-0.9934595974597322,0.0028581218454842277,-0.01105184128538228,-0.20013572166135518,-0.1674983145380331,-0.1620299244716129,-0.9368125151571439,0.032300422369833465,-0.15908289590805302,-0.1538632223170292,-0.1815759815632353,-1.0136779605651176,0.005708613080751825,-0.037959942440558225,-0.22162678435436556,-0.19704283834861125,-0.1907248225185364,-1.1396258785719848,0.06348586062697181,-0.15513155585010707,-0.15002967222007102,-0.17967616517799,-0.9833746651058128,0.0014299897783285917,0.00286199582255231,-0.1951655114088755,-0.15226956002755476,-0.14725339287136363,-0.8348219562749291,0.016293856284963843,EVALUATED,-0.01105184128538228,valid,9.0,0.0,10.0,-0.1368729694427504,-0.1323236435056031,0.0,ALL,-0.20013572166135518,glm,-0.1674983145380331,-0.1620299244716129,reused,10.0,0.049693231186647695,0.36437359845892825,,-0.012636586751489709,2.0,10.0,glm/ALL/train_2016/M0/run_02,-0.9368125151571439,0.0,2017.0,39064.0,2016.0,0.14605164975351817,0.0
M0,-0.15644647325265082,-0.15380505637003616,-0.1487428595675203,-0.17903929845137512,-0.9731707659453399,0.0,0.0010886741054533244,-0.2118754295813582,-0.15271638226458284,-0.1476868107497955,-0.8049012582739044,0.0,-0.15644647325265082,-0.15130532052894918,-0.18030791254374035,-0.9934595974597322,0.0028581218454842277,-0.033895714635996166,-0.21998566349073334,-0.19034218788864699,-0.18421360800462416,-1.051641067308868,0.039533053231274345,-0.15908289590805302,-0.1538632223170292,-0.1815759815632353,-1.0136779605651176,0.005708613080751825,-0.06706260705337097,-0.24833238880757946,-0.226145502961424,-0.2190274597966717,-1.2962584969027857,0.07739535909650025,-0.15513155585010707,-0.15002967222007102,-0.17967616517799,-0.9833746651058128,0.0014299897783285917,-0.01665920374634544,-0.21547939199079802,-0.1717907595964525,-0.16619664068610107,-0.9285164144006509,0.019981316545791723,EVALUATED,-0.033895714635996166,valid,6.0,0.0,10.0,-0.15271638226458284,-0.1476868107497955,0.0,ALL,-0.21998566349073334,deepseek,-0.19034218788864699,-0.18421360800462416,reused,10.0,0.0633821517322735,0.4978446212967566,,-0.038775178249243925,2.0,10.0,deepseek/ALL/train_2016/M0/run_02,-1.051641067308868,0.0,2017.0,41572.0,2016.0,0.18115188368972596,0.0
M1,,,,,,,,,,,,,,,,,,,,,,,,,,,,,,,,,,,,,,,,,,,,,,MISSING,,failed,,1.0,6.0,,,0.0,ALL,,glm,,,reused,10.0,,,原始记录保留,,2.0,6.0,glm/ALL/train_2016/M1/run_02,,0.0,2017.0,31197.0,2016.0,,1.0
M1,-0.15644647325265082,-0.15380505637003616,-0.1487428595675203,-0.17903929845137512,-0.9731707659453399,0.0,0.026895426341484674,-0.18863609098621636,-0.1269096300285515,-0.12266748184019427,-0.6754777965123592,0.0,-0.15644647325265082,-0.15130532052894918,-0.18030791254374035,-0.9934595974597322,0.0028581218454842277,-0.011056254445945712,-0.20349300822349814,-0.16750272769859653,-0.16203420797279477,-0.9443459199904641,0.04136270402931883,-0.15908289590805302,-0.1538632223170292,-0.1815759815632353,-1.0136779605651176,0.005708613080751825,-0.04768457155445671,-0.2350418220916809,-0.20676746746250974,-0.200177980858125,-1.21531358581776,0.080837505345481,-0.15513155585010707,-0.15002967222007102,-0.17967616517799,-0.9833746651058128,0.0014299897783285917,0.007772959410319302,-0.19242502893451152,-0.14735859643978777,-0.14249029144439251,-0.8094462040180739,0.020924992051003424,EVALUATED,-0.011056254445945712,valid,5.0,0.0,10.0,-0.1269096300285515,-0.12266748184019427,0.0,ALL,-0.20349300822349814,deepseek,-0.16750272769859653,-0.16203420797279477,reused,10.0,0.04662230125290467,0.37345032519671506,,-0.012641633915429273,2.0,10.0,deepseek/ALL/train_2016/M1/run_02,-0.9443459199904641,0.0,2017.0,66261.0,2016.0,0.18708878019466502,0.0
M2,-0.15644647325265082,-0.15380505637003616,-0.1487428595675203,-0.17903929845137512,-0.9731707659453399,0.0,0.03867366321086163,-0.18934878611738892,-0.11513139315917453,-0.11125744894915801,-0.6180014552033939,0.0,-0.15644647325265082,-0.15130532052894918,-0.18030791254374035,-0.9934595974597322,0.0028581218454842277,0.013082582475887117,-0.19430052000120923,-0.1433638907767637,-0.138616583547154,-0.8059160567127021,0.029083472210880795,-0.15908289590805302,-0.1538632223170292,-0.1815759815632353,-1.0136779605651176,0.005708613080751825,-0.011237187973998086,-0.1996474035352328,-0.1703200838820511,-0.16476895547926584,-0.9906319644366032,0.05726667064093324,-0.15513155585010707,-0.15002967222007102,-0.17967616517799,-0.9833746651058128,0.0014299897783285917,0.025724288695233577,-0.19182315690796825,-0.1294072671548735,-0.12508774343597318,-0.71228370219615,0.01465873873729829,EVALUATED,0.013082582475887117,valid,9.0,0.0,10.0,-0.11513139315917453,-0.11125744894915801,0.0,ALL,-0.19430052000120923,glm,-0.1433638907767637,-0.138616583547154,reused,10.0,0.05620861532136802,0.42134705136269085,,0.014950885505377931,2.0,10.0,glm/ALL/train_2016/M2/run_02,-0.8059160567127021,0.0,2017.0,86135.0,2016.0,0.12897799440660096,0.0
M2,-0.15644647325265082,-0.15380505637003616,-0.1487428595675203,-0.17903929845137512,-0.9731707659453399,0.0,-0.017405470907180698,-0.20798904665785334,-0.17121052727721686,-0.16563335880027352,-0.9063946851823887,0.0,-0.15644647325265082,-0.15130532052894918,-0.18030791254374035,-0.9934595974597322,0.0028581218454842277,-0.05441686839616189,-0.23519069963263117,-0.2108633416488127,-0.20416075146665902,-1.1690982464307522,0.04240442798651627,-0.15908289590805302,-0.1538632223170292,-0.1815759815632353,-1.0136779605651176,0.005708613080751825,-0.09013212857121133,-0.2680440981739707,-0.24921502447926436,-0.24148976479151774,-1.434261447588772,0.08285165766834052,-0.15513155585010707,-0.15002967222007102,-0.17967616517799,-0.9833746651058128,0.0014299897783285917,-0.03614988588772694,-0.21932115098249028,-0.191281441737834,-0.18512619161025845,-1.0379035597035582,0.021451861696066797,EVALUATED,-0.05441686839616189,valid,5.0,0.0,10.0,-0.17121052727721686,-0.16563335880027352,0.0,ALL,-0.23519069963263117,deepseek,-0.2108633416488127,-0.20416075146665902,reused,10.0,0.05187910690226513,0.33712674597943465,,-0.062278499225012274,2.0,10.0,deepseek/ALL/train_2016/M2/run_02,-1.1690982464307522,0.0,2017.0,88680.0,2016.0,0.19595335906899436,0.0
M3,-0.15644647325265082,-0.15380505637003616,-0.1487428595675203,-0.17903929845137512,-0.9731707659453399,0.0,0.07950491761310596,-0.18375993767539855,-0.0743001387569302,-0.07174415717111549,-0.3722341889467616,0.0,-0.15644647325265082,-0.15130532052894918,-0.18030791254374035,-0.9934595974597322,0.0028581218454842277,0.049810117358171646,-0.18914183107471716,-0.10663635589447917,-0.10303134878376763,-0.5833106391042131,0.032633589173978635,-0.15908289590805302,-0.1538632223170292,-0.1815759815632353,-1.0136779605651176,0.005708613080751825,0.02104188435718679,-0.1953128569973458,-0.13804101155086623,-0.13345593378195508,-0.7953850012233308,0.06414161962389392,-0.15513155585010707,-0.15002967222007102,-0.17967616517799,-0.9833746651058128,0.0014299897783285917,0.0645476460745299,-0.18629260826052063,-0.09058390977557718,-0.087494697161415,-0.4776095871173412,0.01645956457119851,EVALUATED,0.049810117358171646,valid,8.0,0.0,10.0,-0.0743001387569302,-0.07174415717111549,0.0,ALL,-0.18914183107471716,glm,-0.10663635589447917,-0.10303134878376763,reused,19.0,0.06800566474654558,0.531980101459324,,0.05688025730910473,2.0,19.0,glm/ALL/train_2016/M3/run_02,-0.5833106391042131,9.0,2017.0,111902.0,2016.0,0.14259639813243066,0.0
M3,,,,,,,,,,,,,,,,,,,,,,,,,,,,,,,,,,,,,,,,,,,,,,MISSING,,failed,,0.0,2.0,,,0.0,ALL,,deepseek,,,reused,19.0,,,原始记录保留,,2.0,4.0,deepseek/ALL/train_2016/M3/run_02,,2.0,2017.0,21842.0,2016.0,,0.0
M1,-0.14866823626810255,-0.146142216717693,-0.14131068679966785,-0.2004749034672758,-0.8125974957554288,0.0,0.029383904094910984,-0.20673502451301684,-0.11675831262278202,-0.11283318416636912,-0.5694139451790625,0.0,-0.14866823626810255,-0.14376040383568245,-0.20102555030897562,-0.8300214836817056,0.002749727510865094,0.0013937412720833597,-0.2179022856500068,-0.1472744949960192,-0.14240873072509874,-0.7585251658793316,0.031183040885349518,-0.1511869019915847,-0.14620324765449322,-0.20157681897899327,-0.8474288485192442,0.005493716939771621,-0.025721148422642504,-0.22903410423266934,-0.1769080504142272,-0.17116505058193765,-0.948442643128144,0.061269980742639646,-0.14740681826158586,-0.1425370566031653,-0.20075006523823413,-0.8213161327204975,0.0013756031319733654,0.01526931980864854,-0.21227316093715376,-0.13213749845293732,-0.1277336772917531,-0.6638841945014494,0.015730415467897142,EVALUATED,0.0013937412720833597,valid,2.0,0.0,10.0,-0.11675831262278202,-0.11283318416636912,0.0,C26,-0.2179022856500068,deepseek,-0.1472744949960192,-0.14240873072509874,reused,10.0,0.03563271262128214,0.23709227173889405,,0.0015786155144410507,2.0,10.0,deepseek/C26/train_2016/M1/run_02,-0.7585251658793316,0.0,2017.0,65395.0,2016.0,0.14185534321580004,0.0
M1,-0.14866823626810255,-0.146142216717693,-0.14131068679966785,-0.2004749034672758,-0.8125974957554288,0.0,0.07425477297860861,-0.1840105192904199,-0.0718874437390844,-0.06941131446060833,-0.3195297840949215,0.0,-0.14866823626810255,-0.14376040383568245,-0.20102555030897562,-0.8300214836817056,0.002749727510865094,0.05937750135030628,-0.18733046663098352,-0.08929073491779627,-0.08624350295231964,-0.4241800380020072,0.01770058470553573,-0.1511869019915847,-0.14620324765449322,-0.20157681897899327,-0.8474288485192442,0.005493716939771621,0.04480335370324995,-0.19063877770733473,-0.10638354828833474,-0.10278658753240744,-0.5289233934049825,0.03506160340306078,-0.14740681826158586,-0.1425370566031653,-0.20075006523823413,-0.8213161327204975,0.0013756031319733654,0.0667787130016968,-0.18567195601957487,-0.08062810525988906,-0.07786372190996982,-0.3718386042148561,0.008893511178471,EVALUATED,0.05937750135030628,valid,2.0,0.0,10.0,-0.0718874437390844,-0.06941131446060833,0.0,C26,-0.18733046663098352,glm,-0.08929073491779627,-0.08624350295231964,reused,10.0,0.029222960252683294,0.20110027888979598,,0.06717383912285801,2.0,10.0,glm/C26/train_2016/M1/run_02,-0.4241800380020072,0.0,2017.0,61982.0,2016.0,0.07530804322985328,0.0
M2,-0.14866823626810255,-0.146142216717693,-0.14131068679966785,-0.2004749034672758,-0.8125974957554288,0.0,0.0129794179516316,-0.21366758264259444,-0.1331627987660614,-0.12872739761025287,-0.5994513038358694,0.0,-0.14866823626810255,-0.14376040383568245,-0.20102555030897562,-0.8300214836817056,0.002749727510865094,-0.024687992370282186,-0.22766788145772132,-0.17335622863838474,-0.1677164477316897,-0.8340233877167866,0.04165427666476165,-0.1511869019915847,-0.14620324765449322,-0.20157681897899327,-0.8474288485192442,0.005493716939771621,-0.060489481120119315,-0.24145225755644473,-0.211676383111704,-0.204951429284154,-1.06808685567643,0.08142251620123356,-0.14740681826158586,-0.1425370566031653,-0.20075006523823413,-0.8213161327204975,0.0013756031319733654,-0.006117498520136544,-0.2207005693749584,-0.1535243167817224,-0.14847052851734466,-0.7169041740173931,0.02106793399302023,EVALUATED,-0.024687992370282186,valid,3.0,0.0,10.0,-0.1331627987660614,-0.12872739761025287,0.0,C26,-0.22766788145772132,deepseek,-0.17335622863838474,-0.1677164477316897,reused,10.0,0.04877404022339647,0.32961917730476187,,-0.027978201432546146,2.0,10.0,deepseek/C26/train_2016/M2/run_02,-0.8340233877167866,0.0,2017.0,88360.0,2016.0,0.19067023159773352,0.0
M2,-0.14866823626810255,-0.146142216717693,-0.14131068679966785,-0.2004749034672758,-0.8125974957554288,0.0,0.02179783804527391,-0.21865103641635286,-0.1243443786724191,-0.12018195805271803,-0.5927812517841886,0.0,-0.14866823626810255,-0.14376040383568245,-0.20102555030897562,-0.8300214836817056,0.002749727510865094,0.00026089353197933374,-0.22293402425847653,-0.14840734273612322,-0.14350737900738597,-0.7377642603217699,0.025242854429021588,-0.1511869019915847,-0.14620324765449322,-0.20157681897899327,-0.8474288485192442,0.005493716939771621,-0.020621836129174786,-0.22718315264794953,-0.17180873812075947,-0.16621409422553735,-0.8824743416077623,0.04980066872088113,-0.14740681826158586,-0.1425370566031653,-0.20075006523823413,-0.8213161327204975,0.0013756031319733654,0.010942799106918755,-0.22079846553535576,-0.1364640191546671,-0.13192722344533592,-0.6653180251931063,0.012707942489589267,EVALUATED,0.00026089353197933374,valid,4.0,0.0,10.0,-0.1243443786724191,-0.12018195805271803,0.0,C26,-0.22293402425847653,glm,-0.14840734273612322,-0.14350737900738597,reused,10.0,0.031661929922571365,0.18946735881577528,,0.0002955070396533088,2.0,10.0,glm/C26/train_2016/M2/run_02,-0.7377642603217699,0.0,2017.0,86086.0,2016.0,0.11205739076090147,0.0
M3,,,,,,,,,,,,,,,,,,,,,,,,,,,,,,,,,,,,,,,,,,,,,,MISSING,,failed,,0.0,1.0,,,0.0,C26,,deepseek,,,reused,19.0,,,原始记录保留,,2.0,2.0,deepseek/C26/train_2016/M3/run_02,,1.0,2017.0,9204.0,2016.0,,0.0
M3,-0.14866823626810255,-0.146142216717693,-0.14131068679966785,-0.2004749034672758,-0.8125974957554288,0.0,-0.032369321599198364,-0.21658858802605052,-0.17851153831689137,-0.1727221137811622,-0.961972373772327,0.0,-0.14866823626810255,-0.14376040383568245,-0.20102555030897562,-0.8300214836817056,0.002749727510865094,-0.049679371947551454,-0.22400552400446327,-0.198347608215654,-0.19199293011376284,-1.0941295571478633,0.021167740204543643,-0.1511869019915847,-0.14620324765449322,-0.20157681897899327,-0.8474288485192442,0.005493716939771621,-0.06650912268257836,-0.23307224343747002,-0.21769602467416305,-0.21080640179546528,-1.2259934888491768,0.041840111321034566,-0.14740681826158586,-0.1425370566031653,-0.20075006523823413,-0.8213161327204975,0.0013756031319733654,-0.04108408749787207,-0.22030833133282057,-0.18849090575945793,-0.18241500394670362,-1.028074807303827,0.010646823618199252,EVALUATED,-0.049679371947551454,valid,4.0,0.0,10.0,-0.17851153831689137,-0.1727221137811622,0.0,C26,-0.22400552400446327,glm,-0.198347608215654,-0.19199293011376284,reused,19.0,0.03980437788312392,0.2516302409789798,,-0.05633064214052563,2.0,19.0,glm/C26/train_2016/M3/run_02,-1.0941295571478633,9.0,2017.0,111281.0,2016.0,0.09779464877954888,0.0
M0,-0.14866823626810255,-0.146142216717693,-0.14131068679966785,-0.2004749034672758,-0.8125974957554288,0.0,-0.0849529515606422,-0.25738062328327105,-0.2310951682783352,-0.22384480458317146,-1.1604844855169543,0.0,-0.14866823626810255,-0.14376040383568245,-0.20102555030897562,-0.8300214836817056,0.002749727510865094,-0.10669515004066676,-0.27881203816769295,-0.2553633863087693,-0.24748042529299397,-1.31619708863851,0.02698531804037244,-0.1511869019915847,-0.14620324765449322,-0.20157681897899327,-0.8474288485192442,0.005493716939771621,-0.12764159128151176,-0.29959093974455253,-0.27882849327309644,-0.27036003979148293,-1.4712999180495485,0.05315085804197134,-0.14740681826158586,-0.1425370566031653,-0.20075006523823413,-0.8213161327204975,0.0013756031319733654,-0.09592255451492449,-0.2681773796218765,-0.24332937277651034,-0.23575671746437266,-1.2383961297274844,0.01359674419927322,EVALUATED,-0.10669515004066676,valid,3.0,0.0,10.0,-0.2310951682783352,-0.22384480458317146,0.0,C26,-0.27881203816769295,deepseek,-0.2553633863087693,-0.24748042529299397,reused,10.0,0.025664156982899894,0.13682262340125398,,-0.12113434361356845,2.0,10.0,deepseek/C26/train_2016/M0/run_02,-1.31619708863851,0.0,2017.0,41124.0,2016.0,0.12814883763327345,0.0
M0,-0.14866823626810255,-0.146142216717693,-0.14131068679966785,-0.2004749034672758,-0.8125974957554288,0.0,-0.06281985952322156,-0.2464021588473475,-0.20896207624091456,-0.2023118960717888,-1.0167535049389562,0.0,-0.14866823626810255,-0.14376040383568245,-0.20102555030897562,-0.8300214836817056,0.002749727510865094,-0.09791772971145196,-0.27116262698318105,-0.2465859659795545,-0.2389286754427451,-1.251934585872391,0.04156898314539817,-0.1511869019915847,-0.14620324765449322,-0.20157681897899327,-0.8474288485192442,0.005493716939771621,-0.13114256210462805,-0.30127749277377136,-0.28232946409621273,-0.2737759149161074,-1.4856013000187418,0.08124145116468892,-0.14740681826158586,-0.1425370566031653,-0.20075006523823413,-0.8213161327204975,0.0013756031319733654,-0.08061143761491174,-0.2573324965696553,-0.2280182558764976,-0.2208500181873363,-1.1345275566800193,0.02102775040560064,EVALUATED,-0.09791772971145196,valid,5.0,0.0,10.0,-0.20896207624091456,-0.2023118960717888,0.0,C26,-0.27116262698318105,glm,-0.2465859659795545,-0.2389286754427451,reused,10.0,0.03636576516753043,0.25144625509756857,,-0.11114677717940913,2.0,10.0,glm/C26/train_2016/M0/run_02,-1.251934585872391,0.0,2017.0,38845.0,2016.0,0.19470939969637438,0.0
M2,,,,,,,,,,,,,,,,,,,,,,,,,,,,,,,,,,,,,,,,,,,,,,MISSING,,failed,,1.0,3.0,,,0.0,C35,,glm,,,reused,10.0,,,原始记录保留,,2.0,3.0,glm/C35/train_2016/M2/run_02,,0.0,2017.0,14786.0,2016.0,,1.0
M2,,,,,,,,,,,,,,,,,,,,,,,,,,,,,,,,,,,,,,,,,,,,,,MISSING,,failed,,1.0,6.0,,,0.0,C35,,deepseek,,,reused,10.0,,,原始记录保留,,2.0,6.0,deepseek/C35/train_2016/M2/run_02,,0.0,2017.0,41490.0,2016.0,,1.0
M3,-0.21259662271080926,-0.21020693805032142,-0.2035224242352165,-0.2369566900144402,-1.2205343825369286,0.0,-0.0009174076139137899,-0.2393566740333074,-0.2111243456642352,-0.20441457309270494,-1.0627369034043213,0.0,-0.21259662271080926,-0.2058463917684601,-0.2381209573574148,-1.2377857763252467,0.002720237538590307,-0.03391165797178275,-0.26628338817387476,-0.246508280682592,-0.23885300340714277,-1.2883371363993543,0.03894267796185029,-0.2149804456661909,-0.20816490977530944,-0.23928401029280566,-1.2550096381569256,0.00543342982305101,-0.06518333915691699,-0.2963770614212182,-0.2801637848231079,-0.2716628053041886,-1.5121464093644812,0.07623426999327007,-0.21140245960524406,-0.20468503710873598,-0.23753892146479239,-1.2291629743038632,0.001361007111918819,-0.01762972893818171,-0.25144630853098093,-0.22903218854342577,-0.22183684075592836,-1.1757570586767079,0.01967878007979827,EVALUATED,-0.03391165797178275,valid,10.0,0.0,10.0,-0.2111243456642352,-0.20441457309270494,0.0,C35,-0.26628338817387476,glm,-0.246508280682592,-0.23885300340714277,reused,19.0,0.03877134328547079,0.2476504927896367,,-0.04156199921093784,2.0,19.0,glm/C35/train_2016/M3/run_02,-1.2883371363993543,9.0,2017.0,114766.0,2016.0,0.1818887919479507,0.0
M3,-0.21259662271080926,-0.21020693805032142,-0.2035224242352165,-0.2369566900144402,-1.2205343825369286,0.0,0.11148288511111559,-0.18228160095575163,-0.09872405293920583,-0.09537204759158546,-0.4863908713276677,0.0,-0.21259662271080926,-0.2058463917684601,-0.2381209573574148,-1.2377857763252467,0.002720237538590307,0.086481828488569,-0.19091425169626064,-0.12611479422224026,-0.12189732154239896,-0.6583472215974148,0.026840539072384637,-0.2149804456661909,-0.20816490977530944,-0.23928401029280566,-1.2550096381569256,0.00543342982305101,0.062307902858153685,-0.1994805784860687,-0.15267254280803721,-0.14764428608557956,-0.8300458988178943,0.05286889724936559,-0.21140245960524406,-0.20468503710873598,-0.23753892146479239,-1.2291629743038632,0.001361007111918819,0.09887607421860456,-0.18660289628033377,-0.1125263853866395,-0.10873461228517378,-0.57239149392014,0.013523189596195079,EVALUATED,0.086481828488569,valid,2.0,0.0,10.0,-0.09872405293920583,-0.09537204759158546,0.0,C35,-0.19091425169626064,deepseek,-0.12611479422224026,-0.12189732154239896,reused,19.0,0.06011234413653212,0.387661492745691,,0.10570885702200994,2.0,19.0,deepseek/C35/train_2016/M3/run_02,-0.6583472215974148,9.0,2017.0,112122.0,2016.0,0.1212351885232596,0.0
M0,-0.21259662271080926,-0.21020693805032142,-0.2035224242352165,-0.2369566900144402,-1.2205343825369286,0.0,0.05486377032063916,-0.19708953056499168,-0.15534316772968226,-0.15023495966788292,-0.7388661977648465,0.0,-0.21259662271080926,-0.2058463917684601,-0.2381209573574148,-1.2377857763252467,0.002720237538590307,0.016900575494102066,-0.2220463784984057,-0.1956960472167072,-0.1894159515825734,-0.9840128238143204,0.04266491501221624,-0.2149804456661909,-0.20816490977530944,-0.23928401029280566,-1.2550096381569256,0.00543342982305101,-0.019089547978041077,-0.2544594558208737,-0.23406999364423198,-0.22674063570540248,-1.2281856154896877,0.08330207448773205,-0.21140245960524406,-0.20468503710873598,-0.23753892146479239,-1.2291629743038632,0.001361007111918819,0.03562086948417298,-0.20530287907370748,-0.17578159012107109,-0.17007126872941503,-0.8615804995722478,0.02159301444215383,EVALUATED,0.016900575494102066,valid,8.0,0.0,10.0,-0.15534316772968226,-0.15023495966788292,0.0,C35,-0.2220463784984057,glm,-0.1956960472167072,-0.1894159515825734,reused,10.0,0.05806997272896555,0.38428745053328917,,0.020689247036822955,2.0,10.0,glm/C35/train_2016/M0/run_02,-0.9840128238143204,0.0,2017.0,39114.0,2016.0,0.19431874996933557,0.0
M0,-0.21259662271080926,-0.21020693805032142,-0.2035224242352165,-0.2369566900144402,-1.2205343825369286,0.0,0.06668612176196365,-0.22054819813174742,-0.14352081628835778,-0.1387687436650672,-0.6281501813707375,0.0,-0.21259662271080926,-0.2058463917684601,-0.2381209573574148,-1.2377857763252467,0.002720237538590307,0.027990961010114113,-0.23365822203700315,-0.18460566170069515,-0.17864079022251955,-0.8615623998871154,0.04314170265822548,-0.2149804456661909,-0.20816490977530944,-0.23928401029280566,-1.2550096381569256,0.00543342982305101,-0.008915340007659478,-0.2600469308615262,-0.22389578567385038,-0.21683824886623737,-1.0951401118121893,0.08428675042666395,-0.21140245960524406,-0.20468503710873598,-0.23753892146479239,-1.2291629743038632,0.001361007111918819,0.04715077948696378,-0.2249187797117338,-0.16425168011828029,-0.15887889616095652,-0.7445632583492262,0.02182616744019373,EVALUATED,0.027990961010114113,valid,8.0,0.0,10.0,-0.14352081628835778,-0.1387687436650672,0.0,C35,-0.23365822203700315,deepseek,-0.18460566170069515,-0.17864079022251955,reused,10.0,0.06444506103626638,0.4094201690625994,,0.03425735432534682,2.0,10.0,deepseek/C35/train_2016/M0/run_02,-0.8615623998871154,0.0,2017.0,41653.0,2016.0,0.19673979518072549,0.0
M1,-0.21259662271080926,-0.21020693805032142,-0.2035224242352165,-0.2369566900144402,-1.2205343825369286,0.0,0.05618003582152542,-0.19575873515044784,-0.154026902228796,-0.14895806311900817,-0.7951120871351625,0.0,-0.21259662271080926,-0.2058463917684601,-0.2381209573574148,-1.2377857763252467,0.002720237538590307,0.028383589831122324,-0.21233335761174532,-0.18421303287968693,-0.17825941751099994,-0.9885306189069398,0.031395560260297384,-0.2149804456661909,-0.20816490977530944,-0.23928401029280566,-1.2550096381569256,0.00543342982305101,0.0016946533508893635,-0.23795680811932107,-0.21328579231530154,-0.20651665574322953,-1.1809062070284815,0.06172667847638341,-0.21140245960524406,-0.20468503710873598,-0.23753892146479239,-1.2291629743038632,0.001361007111918819,0.04214390132406154,-0.20117954526668458,-0.16925855828118253,-0.1637385163593148,-0.891909450865211,0.015834479302863004,EVALUATED,0.028383589831122324,valid,5.0,0.0,10.0,-0.154026902228796,-0.14895806311900817,0.0,C35,-0.21233335761174532,glm,-0.18421303287968693,-0.17825941751099994,reused,10.0,0.05672663375509213,0.4034578825644061,,0.0347375796968199,2.0,10.0,glm/C35/train_2016/M1/run_02,-0.9885306189069398,0.0,2017.0,63542.0,2016.0,0.14275805721395307,0.0
M1,-0.21259662271080926,-0.21020693805032142,-0.2035224242352165,-0.2369566900144402,-1.2205343825369286,0.0,0.13364688265516222,-0.16266321325338928,-0.0765600553951592,-0.07392947492391189,-0.31618958863236846,0.0,-0.21259662271080926,-0.2058463917684601,-0.2381209573574148,-1.2377857763252467,0.002720237538590307,0.09184841425484824,-0.177573102038439,-0.12074820845596101,-0.11669799379716583,-0.5716619347565552,0.04419742469117276,-0.2149804456661909,-0.20816490977530944,-0.23928401029280566,-1.2550096381569256,0.00543342982305101,0.05199697979664908,-0.19241461909585011,-0.16298346586954182,-0.15764814680765138,-0.8274921997695626,0.08634293240489542,-0.21140245960524406,-0.20468503710873598,-0.23753892146479239,-1.2291629743038632,0.001361007111918819,0.11248678987592808,-0.17015475164903693,-0.09891566972931598,-0.0955575088339149,-0.443941377359234,0.02235960508062859,EVALUATED,0.09184841425484824,valid,8.0,0.0,10.0,-0.0765600553951592,-0.07392947492391189,0.0,C35,-0.177573102038439,deepseek,-0.12074820845596101,-0.11669799379716583,reused,10.0,0.061410201332408154,0.38233371732795307,,0.11225586214965921,2.0,10.0,deepseek/C35/train_2016/M1/run_02,-0.5716619347565552,0.0,2017.0,64787.0,2016.0,0.1945616295713943,0.0
M3,-0.11925420892058292,-0.1164802728599118,-0.11256388442814591,-0.19853848652417294,-0.5529374039973611,0.0,-0.012645763818352695,-0.22840517286914697,-0.1291260366782645,-0.1248152129606388,-0.5721125225938053,0.0,-0.11925420892058292,-0.11525075905309612,-0.19887469433286642,-0.5697573850003812,0.0030145357116353917,-0.04821593350630693,-0.23526836483037772,-0.16747014242688985,-0.16200258008083057,-0.7926593824623137,0.039181663059030106,-0.1220164856514524,-0.1179266406240086,-0.19921071717563066,-0.5865534405731264,0.006021683163286945,-0.08193719194318849,-0.24702254032462578,-0.2039536775946409,-0.19744231685474756,-1.0114014796474322,0.07667702861819985,-0.11786823755314801,-0.11390824940357513,-0.19870661535435952,-0.5613477225941256,0.0015081692640206018,-0.03069626985791052,-0.23184714942704232,-0.14856450741105853,-0.1436598031709042,-0.6827514472554235,0.019806796611776426,EVALUATED,-0.04821593350630693,valid,6.0,0.0,10.0,-0.1291260366782645,-0.1248152129606388,0.0,C39,-0.23526836483037772,deepseek,-0.16747014242688985,-0.16200258008083057,reused,19.0,0.03178053048532572,0.18729344026892006,,-0.052841888824564864,2.0,19.0,deepseek/C39/train_2016/M3/run_02,-0.7926593824623137,9.0,2017.0,115664.0,2016.0,0.17926721244134874,0.0
M3,-0.11925420892058292,-0.1164802728599118,-0.11256388442814591,-0.19853848652417294,-0.5529374039973611,0.0,0.04321189542617665,-0.2110132545084128,-0.07326837743373515,-0.07074651722796821,-0.2971044023624411,0.0,-0.11925420892058292,-0.11525075905309612,-0.19887469433286642,-0.5697573850003812,0.0030145357116353917,0.007776693461980844,-0.2169157107571914,-0.11147751545860207,-0.10771890212692736,-0.5155887832088347,0.03719523358193915,-0.1220164856514524,-0.1179266406240086,-0.19921071717563066,-0.5865534405731264,0.006021683163286945,-0.02611346921456681,-0.22334154917964566,-0.1481299548660192,-0.1432383603564742,-0.7336758202657363,0.07288339323267201,-0.11786823755314801,-0.11390824940357513,-0.19870661535435952,-0.5613477225941256,0.0015081692640206018,0.02530047072073205,-0.2139611330202963,-0.09256776683241597,-0.08941427533325164,-0.406338220677424,0.01878996906213283,EVALUATED,0.007776693461980844,valid,6.0,0.0,10.0,-0.07326837743373515,-0.07074651722796821,0.0,C39,-0.2169157107571914,glm,-0.11147751545860207,-0.10771890212692736,reused,19.0,0.03324035044246366,0.20562933799169253,,0.008512984897401932,2.0,19.0,glm/C39/train_2016/M3/run_02,-0.5155887832088347,9.0,2017.0,109365.0,2016.0,0.16413868216187116,0.0
M0,-0.11925420892058292,-0.1164802728599118,-0.11256388442814591,-0.19853848652417294,-0.5529374039973611,0.0,0.0498174684507946,-0.22162493617696255,-0.0666628044091172,-0.06436033510448125,-0.236467688288892,0.0,-0.11925420892058292,-0.11525075905309612,-0.19887469433286642,-0.5697573850003812,0.0030145357116353917,0.009717465784157553,-0.22904372069268264,-0.10953674313642536,-0.1058395997359759,-0.4668525053698451,0.0422736861373839,-0.1220164856514524,-0.1179266406240086,-0.19921071717563066,-0.5865534405731264,0.006021683163286945,-0.0282626528858545,-0.23629635828866813,-0.1502791385373069,-0.14532278171038904,-0.6951477284628037,0.08267903180704195,-0.11786823755314801,-0.11390824940357513,-0.19870661535435952,-0.5613477225941256,0.0015081692640206018,0.029482791122328766,-0.2253580768637794,-0.08838544643081925,-0.08536764082714376,-0.35194543530531686,0.021377015303073062,EVALUATED,0.009717465784157553,valid,5.0,0.0,10.0,-0.0666628044091172,-0.06436033510448125,0.0,C39,-0.22904372069268264,deepseek,-0.10953674313642536,-0.1058395997359759,reused,10.0,0.04540702226945658,0.27755682232868345,,0.01063709227605325,2.0,10.0,deepseek/C39/train_2016/M0/run_02,-0.4668525053698451,0.0,2017.0,42004.0,2016.0,0.18459629283195383,0.0
M0,-0.11925420892058292,-0.1164802728599118,-0.11256388442814591,-0.19853848652417294,-0.5529374039973611,0.0,-0.010777905537514787,-0.22967174184425998,-0.1272581783974266,-0.12300521749574367,-0.5895554777050996,0.0,-0.11925420892058292,-0.11525075905309612,-0.19887469433286642,-0.5697573850003812,0.0030145357116353917,-0.048062135156011765,-0.2363546598424212,-0.16731634407659468,-0.16185330103827245,-0.829204448147813,0.04083499820214521,-0.1220164856514524,-0.1179266406240086,-0.19921071717563066,-0.5865534405731264,0.006021683163286945,-0.0834732718385468,-0.24434323342679032,-0.2054897574899992,-0.19893570406915717,-1.068169693258834,0.07979984519407111,-0.11786823755314801,-0.11390824940357513,-0.19870661535435952,-0.5613477225941256,0.0015081692640206018,-0.029671285377490975,-0.23300923574025112,-0.147539522930639,-0.1426657530771792,-0.7094932487691215,0.020656311688064727,EVALUATED,-0.048062135156011765,valid,5.0,0.0,10.0,-0.1272581783974266,-0.12300521749574367,0.0,C39,-0.2363546598424212,glm,-0.16731634407659468,-0.16185330103827245,reused,10.0,0.02878291115998478,0.16906918566304632,,-0.052673164133263284,2.0,10.0,glm/C39/train_2016/M0/run_02,-0.829204448147813,0.0,2017.0,38751.0,2016.0,0.18608164422544426,0.0
M1,-0.11925420892058292,-0.1164802728599118,-0.11256388442814591,-0.19853848652417294,-0.5529374039973611,0.0,-0.01806243760782955,-0.24741040875627174,-0.13454271046774136,-0.13006487330587968,-0.6414198140793643,0.0,-0.11925420892058292,-0.11525075905309612,-0.19887469433286642,-0.5697573850003812,0.0030145357116353917,-0.048890120791509006,-0.25349103812634244,-0.16814432971209192,-0.16265696824564535,-0.844360783177361,0.03548898619050086,-0.1220164856514524,-0.1179266406240086,-0.19921071717563066,-0.5865534405731264,0.006021683163286945,-0.07841980007242844,-0.26050579514649297,-0.20043628572388084,-0.1940230721079066,-1.0465323726767148,0.06961718252680767,-0.11786823755314801,-0.11390824940357513,-0.19870661535435952,-0.5613477225941256,0.0015081692640206018,-0.03366206281747519,-0.250397758232048,-0.1515303003706232,-0.14653632840727815,-0.7430734306284612,0.017917642572988352,EVALUATED,-0.048890120791509006,valid,7.0,0.0,10.0,-0.13454271046774136,-0.13006487330587968,0.0,C39,-0.25349103812634244,deepseek,-0.16814432971209192,-0.16265696824564535,reused,10.0,0.018908017805667546,0.11499795802081902,,-0.053581520049469256,2.0,10.0,deepseek/C39/train_2016/M1/run_02,-0.844360783177361,0.0,2017.0,66458.0,2016.0,0.15923363212568795,0.0
M1,-0.11925420892058292,-0.1164802728599118,-0.11256388442814591,-0.19853848652417294,-0.5529374039973611,0.0,-0.0005389847798669134,-0.2228585960089714,-0.11701925763977872,-0.11308592927665018,-0.5486573975175165,0.0,-0.11925420892058292,-0.11525075905309612,-0.19887469433286642,-0.5697573850003812,0.0030145357116353917,-0.03185664232165186,-0.22866585323744137,-0.15111085124223478,-0.14612948255005853,-0.7531417228582905,0.03506470752221055,-0.1220164856514524,-0.1179266406240086,-0.19921071717563066,-0.5865534405731264,0.006021683163286945,-0.06201605156688017,-0.23441615864973397,-0.18403253721833257,-0.1780840986030161,-0.9577444681069391,0.06878099374829606,-0.11786823755314801,-0.11390824940357513,-0.19870661535435952,-0.5613477225941256,0.0015081692640206018,-0.016346644749122397,-0.2257686149616408,-0.1342148823022704,-0.12974711984746357,-0.6508581868384549,0.017703950167615813,EVALUATED,-0.03185664232165186,valid,4.0,0.0,10.0,-0.11701925763977872,-0.11308592927665018,0.0,C39,-0.22866585323744137,glm,-0.15111085124223478,-0.14612948255005853,reused,10.0,0.037411193429461004,0.22124521631686356,,-0.03490110199350316,2.0,10.0,glm/C39/train_2016/M1/run_02,-0.7531417228582905,0.0,2017.0,62089.0,2016.0,0.15668051563487354,0.0
M2,-0.11925420892058292,-0.1164802728599118,-0.11256388442814591,-0.19853848652417294,-0.5529374039973611,0.0,0.048144820451982206,-0.19627105545669532,-0.0683354524079296,-0.0659772763738673,-0.3113567001228207,0.0,-0.11925420892058292,-0.11525075905309612,-0.19887469433286642,-0.5697573850003812,0.0030145357116353917,0.012982812180480918,-0.20211054871970113,-0.106271396740102,-0.1026780063330468,-0.5472347511634745,0.03799205805474618,-0.1220164856514524,-0.1179266406240086,-0.19921071717563066,-0.5865534405731264,0.006021683163286945,-0.02080245606377773,-0.208112625789746,-0.14281894171523013,-0.13808819081092838,-0.7830968266465501,0.07444768918819623,-0.11786823755314801,-0.11390824940357513,-0.19870661535435952,-0.5613477225941256,0.0015081692640206018,0.03045389247431607,-0.19917037472093646,-0.08741434507883195,-0.08442813961294815,-0.428751956989713,0.019195489354159163,EVALUATED,0.012982812180480918,valid,4.0,0.0,10.0,-0.0683354524079296,-0.0659772763738673,0.0,C39,-0.20211054871970113,deepseek,-0.106271396740102,-0.1026780063330468,reused,10.0,0.012693305612546078,0.07799611330635632,,0.014210526709910853,2.0,10.0,deepseek/C39/train_2016/M2/run_02,-0.5472347511634745,0.0,2017.0,89112.0,2016.0,0.16356443552097266,0.0
M2,-0.11925420892058292,-0.1164802728599118,-0.11256388442814591,-0.19853848652417294,-0.5529374039973611,0.0,0.06431499156643494,-0.21082853072307306,-0.05216528129347686,-0.05034996023618765,-0.17177101786293986,0.0,-0.11925420892058292,-0.11525075905309612,-0.19887469433286642,-0.5697573850003812,0.0030145357116353917,0.02440489308708349,-0.21734263985373103,-0.09484931583349943,-0.09162208527457183,-0.4054503997412383,0.0420193282481007,-0.1220164856514524,-0.1179266406240086,-0.19921071717563066,-0.5865534405731264,0.006021683163286945,-0.013399161454475284,-0.22401638607967123,-0.13541564710592768,-0.1309110041108057,-0.6376544728846821,0.08217665516540207,-0.11786823755314801,-0.11390824940357513,-0.19870661535435952,-0.5613477225941256,0.0015081692640206018,0.04410224111093963,-0.21409581824992163,-0.07376599644220838,-0.07122767452255152,-0.28867914450429827,0.021248984667217485,EVALUATED,0.02440489308708349,valid,6.0,0.0,10.0,-0.05216528129347686,-0.05034996023618765,0.0,C39,-0.21734263985373103,glm,-0.09484931583349943,-0.09162208527457183,reused,10.0,0.038269061553684314,0.22955707448976567,,0.026706633569117955,2.0,10.0,glm/C39/train_2016/M2/run_02,-0.4054503997412383,0.0,2017.0,85165.0,2016.0,0.18039946843444138,0.0
M1,-0.3186288430407155,-0.3165914905625752,-0.30618979345768926,-0.3700662721399147,-1.3978547939822465,0.0,0.06510863166483649,-0.3357446240122387,-0.2514828588977387,-0.24282939701571982,-1.059093869176795,0.0,-0.3186288430407155,-0.30817619486281844,-0.37099770287738476,-1.4099383760282715,0.0026141257635385992,0.03708681128854574,-0.35508643572602094,-0.28154203175216974,-0.272053060791806,-1.2229101688354302,0.03299384633736073,-0.32081222909067764,-0.3103052394394642,-0.37209647717752115,-1.4230209395303766,0.005223197383434212,0.010509303489448008,-0.37379714761819716,-0.31030292560122963,-0.30005997472011214,-1.3847333496043213,0.06474169046258574,-0.31760668559014726,-0.307179570591127,-0.3705272761308529,-1.403880539939355,0.0013078483690853536,0.05091909004451067,-0.345498940476603,-0.2666875955456366,-0.25760557005778995,-1.1413087059738878,0.016654577210984456,EVALUATED,0.03708681128854574,valid,4.0,0.0,10.0,-0.2514828588977387,-0.24282939701571982,0.0,ALL,-0.35508643572602094,deepseek,-0.28154203175216974,-0.272053060791806,new,10.0,0.07589535042085889,0.8131163212552365,,0.05221435545116804,2.0,10.0,deepseek/ALL/train_2017/M1/run_02,-1.2229101688354302,0.0,2018.0,64217.0,2017.0,0.16210262903896105,0.0
M1,,,,,,,,,,,,,,,,,,,,,,,,,,,,,,,,,,,,,,,,,,,,,,MISSING,,not_started,,,,,,,ALL,,glm,,,new,10.0,,,,,2.0,,glm/ALL/train_2017/M1/run_02,,,2018.0,,2017.0,,0.0
M2,-0.3186288430407155,-0.3165914905625752,-0.30618979345768926,-0.3700662721399147,-1.3978547939822465,0.0,0.05046555174976253,-0.3366151977899281,-0.26612593881281266,-0.25705952954012756,-1.226020642914434,0.0,-0.3186288430407155,-0.30817619486281844,-0.37099770287738476,-1.4099383760282715,0.0026141257635385992,0.023768763013593874,-0.35575899602629546,-0.2948600800271216,-0.28501632901395535,-1.395862052524478,0.03283149737421995,-0.32081222909067764,-0.3103052394394642,-0.37209647717752115,-1.4230209395303766,0.005223197383434212,-0.0019606917000825064,-0.37463551365471814,-0.32277292079076014,-0.31221736366826647,-1.5657413780298142,0.06445149135205114,-0.31760668559014726,-0.307179570591127,-0.3705272761308529,-1.403880539939355,0.0013078483690853536,0.03698112785215535,-0.3462369245159924,-0.2806255577379919,-0.2711613534303621,-1.3110882475040018,0.016566052055314757,EVALUATED,0.023768763013593874,valid,1.0,0.0,10.0,-0.26612593881281266,-0.25705952954012756,0.0,ALL,-0.35575899602629546,deepseek,-0.2948600800271216,-0.28501632901395535,new,10.0,0.05238169848437944,0.5941663631347537,,0.03347653792322269,2.0,10.0,deepseek/ALL/train_2017/M2/run_02,-1.395862052524478,0.0,2018.0,88047.0,2017.0,0.15926190848516653,0.0
M2,,,,,,,,,,,,,,,,,,,,,,,,,,,,,,,,,,,,,,,,,,,,,,MISSING,,not_started,,,,,,,ALL,,glm,,,new,10.0,,,,,2.0,,glm/ALL/train_2017/M2/run_02,,,2018.0,,2017.0,,0.0
M3,,,,,,,,,,,,,,,,,,,,,,,,,,,,,,,,,,,,,,,,,,,,,,MISSING,,failed,,0.0,1.0,,,0.0,ALL,,deepseek,,,new,19.0,,,摘要格式不合规,,2.0,2.0,deepseek/ALL/train_2017/M3/run_02,,1.0,2018.0,9365.0,2017.0,,0.0
M3,,,,,,,,,,,,,,,,,,,,,,,,,,,,,,,,,,,,,,,,,,,,,,MISSING,,not_started,,,,,,,ALL,,glm,,,new,19.0,,,,,2.0,,glm/ALL/train_2017/M3/run_02,,,2018.0,,2017.0,,0.0
M0,-0.3186288430407155,-0.3165914905625752,-0.30618979345768926,-0.3700662721399147,-1.3978547939822465,0.0,0.061364712488718776,-0.33468861144443285,-0.2552267780738564,-0.24646667468847483,-1.0918597209813647,0.0,-0.3186288430407155,-0.30817619486281844,-0.37099770287738476,-1.4099383760282715,0.0026141257635385992,0.029904945984755793,-0.35608071223575466,-0.2887238970559597,-0.2790424120606412,-1.2779036554445338,0.0378279144680843,-0.32081222909067764,-0.3103052394394642,-0.37209647717752115,-1.4230209395303766,0.005223197383434212,-0.0003890243891903067,-0.3775830053638153,-0.32120125347986794,-0.3106846100298256,-1.4648929637484822,0.07403386883739407,-0.31760668559014726,-0.307179570591127,-0.3705272761308529,-1.403880539939355,0.0013078483690853536,0.045507656204698765,-0.34531243593312166,-0.2720990293854485,-0.26286739746261367,-1.184769130024975,0.01911778771019824,EVALUATED,0.029904945984755793,valid,2.0,0.0,10.0,-0.2552267780738564,-0.24646667468847483,0.0,ALL,-0.35608071223575466,deepseek,-0.2887238970559597,-0.2790424120606412,new,10.0,0.06945485545513928,0.9220474342394179,,0.04211156451374243,2.0,10.0,deepseek/ALL/train_2017/M0/run_02,-1.2779036554445338,0.0,2018.0,39977.0,2017.0,0.18384010148365465,0.0
M0,,,,,,,,,,,,,,,,,,,,,,,,,,,,,,,,,,,,,,,,,,,,,,MISSING,,not_started,,,,,,,ALL,,glm,,,new,10.0,,,,,2.0,,glm/ALL/train_2017/M0/run_02,,,2018.0,,2017.0,,0.0
M2,,,,,,,,,,,,,,,,,,,,,,,,,,,,,,,,,,,,,,,,,,,,,,MISSING,,not_started,,,,,,,C26,,glm,,,new,10.0,,,,,2.0,,glm/C26/train_2017/M2/run_02,,,2018.0,,2017.0,,0.0
M2,-0.3133603382468062,-0.31124697003262947,-0.30098004606547546,-0.35094423037781475,-1.2941531626097875,0.0,0.044829036053678495,-0.32918408243338826,-0.26641793397895097,-0.25734340404829625,-1.1381493002467766,0.0,-0.3133603382468062,-0.3030399288817003,-0.3520037002272137,-1.3065241329510826,0.0026877530190255955,0.007722719657173638,-0.3555787943842469,-0.30563761858963256,-0.2955138709598323,-1.3566773817799163,0.04434983478728075,-0.3152092129006787,-0.304842218287634,-0.3529541958931519,-1.3176976983474817,0.005376434190625915,-0.02748351264463622,-0.3812804309678559,-0.34269272554531494,-0.33165631352896696,-1.5722227509227396,0.08649972513219709,-0.31231416750149676,-0.3020202033647099,-0.3514780022904207,-1.3003730519908023,0.00134435039676718,0.02600312424411566,-0.34233933523132853,-0.2863110432573811,-0.27669392520264724,-1.2477790656163157,0.02245709335092134,EVALUATED,0.007722719657173638,valid,2.0,0.0,10.0,-0.26641793397895097,-0.25734340404829625,0.0,C26,-0.3555787943842469,deepseek,-0.30563761858963256,-0.2955138709598323,new,10.0,0.049780893486930246,0.39288176522439694,,0.010798406155164919,2.0,10.0,deepseek/C26/train_2017/M2/run_02,-1.3566773817799163,0.0,2018.0,87932.0,2017.0,0.2152882941672386,0.0
M3,,,,,,,,,,,,,,,,,,,,,,,,,,,,,,,,,,,,,,,,,,,,,,MISSING,,not_started,,,,,,,C26,,glm,,,new,19.0,,,,,2.0,,glm/C26/train_2017/M3/run_02,,,2018.0,,2017.0,,0.0
M3,,,,,,,,,,,,,,,,,,,,,,,,,,,,,,,,,,,,,,,,,,,,,,MISSING,,failed,,0.0,9.0,,,0.0,C26,,deepseek,,,new,19.0,,,摘要格式不合规,,2.0,18.0,deepseek/C26/train_2017/M3/run_02,,9.0,2018.0,108087.0,2017.0,,0.0
M0,,,,,,,,,,,,,,,,,,,,,,,,,,,,,,,,,,,,,,,,,,,,,,MISSING,,not_started,,,,,,,C26,,glm,,,new,10.0,,,,,2.0,,glm/C26/train_2017/M0/run_02,,,2018.0,,2017.0,,0.0
M0,-0.3133603382468062,-0.31124697003262947,-0.30098004606547546,-0.35094423037781475,-1.2941531626097875,0.0,0.04462423830335627,-0.3522146899333233,-0.2666227317292732,-0.25754250885733676,-1.0325767395431082,0.0,-0.3133603382468062,-0.3030399288817003,-0.3520037002272137,-1.3065241329510826,0.0026877530190255955,0.006172963775968432,-0.3671928391426933,-0.30718737447083777,-0.2970238941869069,-1.2412258485334595,0.04804117610007216,-0.3152092129006787,-0.304842218287634,-0.3529541958931519,-1.3176976983474817,0.005376434190625915,-0.030221529849416173,-0.38183884525211187,-0.3454307427500949,-0.3343300484821926,-1.4468949568906513,0.09363763538048017,-0.31231416750149676,-0.3020202033647099,-0.3514780022904207,-1.3003730519908023,0.00134435039676718,0.02512482605602817,-0.3597360367701643,-0.2871893414454686,-0.27754875678020396,-1.137191484188967,0.024335936033879887,EVALUATED,0.006172963775968432,valid,1.0,0.0,10.0,-0.2666227317292732,-0.25754250885733676,0.0,C26,-0.3671928391426933,deepseek,-0.30718737447083777,-0.2970238941869069,new,10.0,0.027680929999461375,0.24659757947186975,,0.008631821167517373,2.0,10.0,deepseek/C26/train_2017/M0/run_02,-1.2412258485334595,0.0,2018.0,40187.0,2017.0,0.22743245943446866,0.0
M1,,,,,,,,,,,,,,,,,,,,,,,,,,,,,,,,,,,,,,,,,,,,,,MISSING,,not_started,,,,,,,C26,,glm,,,new,10.0,,,,,2.0,,glm/C26/train_2017/M1/run_02,,,2018.0,,2017.0,,0.0
M1,-0.3133603382468062,-0.31124697003262947,-0.30098004606547546,-0.35094423037781475,-1.2941531626097875,0.0,-0.014586515691678126,-0.36824534132628595,-0.3258334857243076,-0.31520255599825475,-1.6316972339723765,0.0,-0.3133603382468062,-0.3030399288817003,-0.3520037002272137,-1.3065241329510826,0.0026877530190255955,-0.045766118762786134,-0.38855161067805266,-0.35912645700959234,-0.3477109211793922,-1.8501182687350206,0.03949947797994058,-0.3152092129006787,-0.304842218287634,-0.3529541958931519,-1.3176976983474817,0.005376434190625915,-0.07556118010551349,-0.40933401256935875,-0.3907703930061922,-0.3786712677623223,-2.0649025727548054,0.07710410807995768,-0.31231416750149676,-0.3020202033647099,-0.3514780022904207,-1.3003730519908023,0.00134435039676718,-0.030386500256972204,-0.37847389152864763,-0.34270066775846897,-0.33166406863747944,-1.741280069645309,0.019991944803528287,EVALUATED,-0.045766118762786134,valid,1.0,0.0,10.0,-0.3258334857243076,-0.31520255599825475,0.0,C26,-0.38855161067805266,deepseek,-0.35912645700959234,-0.3477109211793922,new,10.0,0.039145628805706885,0.34965871188234804,,-0.06409404806507146,2.0,10.0,deepseek/C26/train_2017/M1/run_02,-1.8501182687350206,0.0,2018.0,63721.0,2017.0,0.20157034289459488,0.0
M3,-0.30491283521941737,-0.3026177446804428,-0.29257180451921994,-0.3569608408390639,-1.1945868363734085,0.0,0.025072175982104095,-0.3170945541023876,-0.2775455686983387,-0.26816492751392285,-1.0663643464852828,0.0,-0.30491283521941737,-0.2948077155077822,-0.3581141680854253,-1.2071151834368143,0.002637858900255177,-0.006059578140276911,-0.32910511143874,-0.3109724133596943,-0.30071245633332655,-1.2402576219094712,0.03905636616349054,-0.3072499391961069,-0.29708485769011195,-0.35931038975765817,-1.2200058945852885,0.005265042836843931,-0.035565043614058434,-0.34960679891902846,-0.3428149828101653,-0.3317756910385913,-1.4128984266164701,0.0764360264143554,-0.3037525634743591,-0.29367732513820366,-0.3575254909299648,-1.2007619056099261,0.0013202829086959422,0.009285844554633438,-0.32313234969221105,-0.29446671891972565,-0.28463330830269673,-1.1534805435065758,0.019742978128679763,EVALUATED,-0.006059578140276911,valid,1.0,0.0,10.0,-0.2775455686983387,-0.26816492751392285,0.0,C35,-0.32910511143874,deepseek,-0.3109724133596943,-0.30071245633332655,new,19.0,0.05195222808767951,0.49014313643249235,,-0.008373235152163039,2.0,19.0,deepseek/C35/train_2017/M3/run_02,-1.2402576219094712,9.0,2018.0,114020.0,2017.0,0.18614625068180926,0.0
M3,,,,,,,,,,,,,,,,,,,,,,,,,,,,,,,,,,,,,,,,,,,,,,MISSING,,not_started,,,,,,,C35,,glm,,,new,19.0,,,,,2.0,,glm/C35/train_2017/M3/run_02,,,2018.0,,2017.0,,0.0
M0,,,,,,,,,,,,,,,,,,,,,,,,,,,,,,,,,,,,,,,,,,,,,,NO_ELIGIBLE_PORTFOLIO,,empty,0.0,0.0,10.0,,,0.0,C35,,deepseek,,,new,10.0,,,原始记录保留,,2.0,10.0,deepseek/C35/train_2017/M0/run_02,,0.0,2018.0,39900.0,2017.0,,0.0
M0,,,,,,,,,,,,,,,,,,,,,,,,,,,,,,,,,,,,,,,,,,,,,,MISSING,,not_started,,,,,,,C35,,glm,,,new,10.0,,,,,2.0,,glm/C35/train_2017/M0/run_02,,,2018.0,,2017.0,,0.0
M1,-0.30491283521941737,-0.3026177446804428,-0.29257180451921994,-0.3569608408390639,-1.1945868363734085,0.0,0.008845837591646033,-0.3534206641383755,-0.29377190708879675,-0.2839567818898536,-1.2627427247315848,0.0,-0.30491283521941737,-0.2948077155077822,-0.3581141680854253,-1.2071151834368143,0.002637858900255177,-0.020730384136940172,-0.3746133213692654,-0.32564321935635754,-0.3150169596723188,-1.4432348936453554,0.03604390257515583,-0.3072499391961069,-0.29708485769011195,-0.35931038975765817,-1.2200058945852885,0.005265042836843931,-0.04889361960457128,-0.39517723699196716,-0.35614355880067816,-0.3447956364452853,-1.6224354504424734,0.07055784532079099,-0.3037525634743591,-0.29367732513820366,-0.3575254909299648,-1.2007619056099261,0.0013202829086959422,-0.006134524713653722,-0.3641010588204264,-0.3098870881880128,-0.29965471295047674,-1.3531735408239842,0.018215807740801518,EVALUATED,-0.020730384136940172,valid,2.0,0.0,10.0,-0.29377190708879675,-0.2839567818898536,0.0,C35,-0.3746133213692654,deepseek,-0.32564321935635754,-0.3150169596723188,new,10.0,0.0643302317541353,0.5786285912235581,,-0.028657778323664673,2.0,10.0,deepseek/C35/train_2017/M1/run_02,-1.4432348936453554,0.0,2018.0,64458.0,2017.0,0.1815098973530636,0.0
M1,,,,,,,,,,,,,,,,,,,,,,,,,,,,,,,,,,,,,,,,,,,,,,MISSING,,not_started,,,,,,,C35,,glm,,,new,10.0,,,,,2.0,,glm/C35/train_2017/M1/run_02,,,2018.0,,2017.0,,0.0
M2,-0.30491283521941737,-0.3026177446804428,-0.29257180451921994,-0.3569608408390639,-1.1945868363734085,0.0,-0.007080887602035291,-0.35579964790313123,-0.30969863228247807,-0.29947105307693234,-1.604484965239756,0.0,-0.30491283521941737,-0.2948077155077822,-0.3581141680854253,-1.2071151834368143,0.002637858900255177,-0.02450502865777482,-0.3689713888110687,-0.3294178638771922,-0.3186993455555941,-1.7356072038136496,0.0224040799998968,-0.3072499391961069,-0.29708485769011195,-0.35931038975765817,-1.2200058945852885,0.005265042836843931,-0.04132399666441122,-0.3818596288998294,-0.3485739358605181,-0.33739999410601507,-1.865798717976793,0.04418241596851393,-0.3037525634743591,-0.29367732513820366,-0.3575254909299648,-1.2007619056099261,0.0013202829086959422,-0.015882126524619844,-0.362423482795456,-0.3196346899989789,-0.30915697399077,-1.6701948368511537,0.01128128717418639,EVALUATED,-0.02450502865777482,valid,1.0,0.0,10.0,-0.30969863228247807,-0.29947105307693234,0.0,C35,-0.3689713888110687,deepseek,-0.3294178638771922,-0.3186993455555941,new,10.0,0.05370284782743675,0.32718027503291025,,-0.033879596491920405,2.0,10.0,deepseek/C35/train_2017/M2/run_02,-1.7356072038136496,0.0,2018.0,86829.0,2017.0,0.11373980195157209,0.0
M2,,,,,,,,,,,,,,,,,,,,,,,,,,,,,,,,,,,,,,,,,,,,,,MISSING,,not_started,,,,,,,C35,,glm,,,new,10.0,,,,,2.0,,glm/C35/train_2017/M2/run_02,,,2018.0,,2017.0,,0.0
M0,,,,,,,,,,,,,,,,,,,,,,,,,,,,,,,,,,,,,,,,,,,,,,MISSING,,not_started,,,,,,,C39,,glm,,,new,10.0,,,,,2.0,,glm/C39/train_2017/M0/run_02,,,2018.0,,2017.0,,0.0
M0,-0.32251281266652976,-0.3204101223893254,-0.30991312024235884,-0.3838207468983146,-1.1183037985037891,0.0,-0.014405977401316883,-0.39488858707561103,-0.3348160997906423,-0.32396707022501725,-1.3323915167402605,0.0,-0.32251281266652976,-0.31196368594839097,-0.38477554811894776,-1.1285952626809828,0.0026539205507268245,-0.039761708525533734,-0.41334893186371546,-0.3622745211920635,-0.35078821217033096,-1.4800200901065277,0.032354013818605795,-0.32461204531834276,-0.3140111316846095,-0.38573043320336076,-1.1388872113561854,0.005301769380229599,-0.06396301219814571,-0.43120932350361996,-0.38857505751648846,-0.376521333669383,-1.6260278288778227,0.06345431123631613,-0.32146212317168377,-0.31093901096622434,-0.3842982790572975,-1.1234506400794517,0.0013277340571124137,-0.027224432608574434,-0.40418771681063415,-0.3486865557802582,-0.3375100004757101,-1.4063492559943607,0.01633667258583144,EVALUATED,-0.039761708525533734,valid,1.0,0.0,10.0,-0.3348160997906423,-0.32396707022501725,0.0,C39,-0.41334893186371546,deepseek,-0.3622745211920635,-0.35078821217033096,new,10.0,0.0373827998658838,0.34388263724434226,,-0.05642801902898953,2.0,10.0,deepseek/C39/train_2017/M0/run_02,-1.4800200901065277,0.0,2018.0,39646.0,2017.0,0.16537090626332926,0.0
M1,,,,,,,,,,,,,,,,,,,,,,,,,,,,,,,,,,,,,,,,,,,,,,MISSING,,not_started,,,,,,,C39,,glm,,,new,10.0,,,,,2.0,,glm/C39/train_2017/M1/run_02,,,2018.0,,2017.0,,0.0
M1,-0.32251281266652976,-0.3204101223893254,-0.30991312024235884,-0.3838207468983146,-1.1183037985037891,0.0,-0.01688314033409899,-0.4161045801292679,-0.3372932627234244,-0.32638491073598097,-1.283205632401868,0.0,-0.32251281266652976,-0.31196368594839097,-0.38477554811894776,-1.1285952626809828,0.0026539205507268245,-0.047727363594508354,-0.43725009348041566,-0.3702401762610381,-0.35857748718095617,-1.4551097880380413,0.039354089340252106,-0.32461204531834276,-0.3140111316846095,-0.38573043320336076,-1.1388872113561854,0.005301769380229599,-0.0765986797243754,-0.45733948987889594,-0.40121072504271815,-0.3888999126226663,-1.6235145122554868,0.07692659929679058,-0.32146212317168377,-0.31093901096622434,-0.3842982790572975,-1.1234506400794517,0.0013277340571124137,-0.032516561120459864,-0.4267759692181474,-0.35397868429214363,-0.3426801689940602,-1.3694012460505984,0.019908551749681435,EVALUATED,-0.047727363594508354,valid,1.0,0.0,10.0,-0.3372932627234244,-0.32638491073598097,0.0,C39,-0.43725009348041566,deepseek,-0.3702401762610381,-0.35857748718095617,new,10.0,0.03758917502003221,0.3784296724848085,,-0.06774904213714039,2.0,10.0,deepseek/C39/train_2017/M1/run_02,-1.4551097880380413,0.0,2018.0,64747.0,2017.0,0.20428451776460785,0.0
M2,,,,,,,,,,,,,,,,,,,,,,,,,,,,,,,,,,,,,,,,,,,,,,MISSING,,not_started,,,,,,,C39,,glm,,,new,10.0,,,,,2.0,,glm/C39/train_2017/M2/run_02,,,2018.0,,2017.0,,0.0
M2,-0.32251281266652976,-0.3204101223893254,-0.30991312024235884,-0.3838207468983146,-1.1183037985037891,0.0,-0.0070956345587150915,-0.39262452464227093,-0.3275057569480405,-0.31683387121496587,-1.2423436026756796,0.0,-0.32251281266652976,-0.31196368594839097,-0.38477554811894776,-1.1285952626809828,0.0026539205507268245,-0.02797541554906835,-0.40762297545950177,-0.3504882282155981,-0.33926996454650016,-1.36062921338793,0.026952514968743672,-0.32461204531834276,-0.3140111316846095,-0.38573043320336076,-1.1388872113561854,0.005301769380229599,-0.04796752619660971,-0.422157976690015,-0.37257957151495247,-0.3608658228362872,-1.4774416403494772,0.053074837685239885,-0.32146212317168377,-0.31093901096622434,-0.3842982790572975,-1.1234506400794517,0.0013277340571124137,-0.017645724670289464,-0.40017983794640277,-0.33910784784197323,-0.32815626818309673,-1.3016353350772076,0.01358314184558104,EVALUATED,-0.02797541554906835,valid,1.0,0.0,10.0,-0.3275057569480405,-0.31683387121496587,0.0,C39,-0.40762297545950177,deepseek,-0.3504882282155981,-0.33926996454650016,new,10.0,0.04041829899860832,0.37421425307766115,,-0.039687263652280036,2.0,10.0,deepseek/C39/train_2017/M2/run_02,-1.36062921338793,0.0,2018.0,87094.0,2017.0,0.13504894019690472,0.0
M3,,,,,,,,,,,,,,,,,,,,,,,,,,,,,,,,,,,,,,,,,,,,,,MISSING,,not_started,,,,,,,C39,,glm,,,new,19.0,,,,,2.0,,glm/C39/train_2017/M3/run_02,,,2018.0,,2017.0,,0.0
M3,-0.32251281266652976,-0.3204101223893254,-0.30991312024235884,-0.3838207468983146,-1.1183037985037891,0.0,0.05711530747488147,-0.3413592745387204,-0.26329481491444395,-0.2543073739638755,-0.9329217578581903,0.0,-0.32251281266652976,-0.31196368594839097,-0.38477554811894776,-1.1285952626809828,0.0026539205507268245,0.039156612422249104,-0.3509226073754379,-0.28335620024428065,-0.2738183366455049,-1.0286636918644851,0.023203015991634685,-0.32461204531834276,-0.3140111316846095,-0.38573043320336076,-1.1388872113561854,0.005301769380229599,0.02200203618189045,-0.3604344677424296,-0.3026100091364523,-0.29256426893266907,-1.1227802218936886,0.04582190711113932,-0.32146212317168377,-0.31093901096622434,-0.3842982790572975,-1.1234506400794517,0.0013277340571124137,0.04808322830403722,-0.3461541663561356,-0.27337889486764655,-0.264112105899172,-0.9807635578979299,0.011676356283671913,EVALUATED,0.039156612422249104,valid,1.0,0.0,10.0,-0.26329481491444395,-0.2543073739638755,0.0,C39,-0.3509226073754379,deepseek,-0.28335620024428065,-0.2738183366455049,new,19.0,0.04324354806634483,0.35519189003491014,,0.055440895376962285,2.0,19.0,deepseek/C39/train_2017/M3/run_02,-1.0286636918644851,9.0,2018.0,115019.0,2017.0,0.11024181930394324,0.0
M2,,,,,,,,,,,,,,,,,,,,,,,,,,,,,,,,,,,,,,,,,,,,,,MISSING,,not_started,,,,,,,ALL,,glm,,,new,10.0,,,,,2.0,,glm/ALL/train_2018/M2/run_02,,,2019.0,,2018.0,,0.0
M2,0.29735603999487403,0.30104355002696637,0.2888725751474346,-0.20319846470452463,1.222809800314881,0.0,0.20688718746358625,-0.14352103798667426,0.5079307374905526,0.48597201266445245,2.0253703045063323,0.0,0.29735603999487403,0.2853498472913656,-0.20364175162321407,1.2107496224723073,0.003180102690662113,0.1480481361000756,-0.15469948764044816,0.44540417609494964,0.4265119082034874,1.8267518112886418,0.05277049535680722,0.29368374058947366,0.28184129494569876,-0.20408827038257682,1.198689479105375,0.006351737961037136,0.09195344910765746,-0.16603582424609653,0.3856371896971311,0.3695901351487172,1.6280286493673422,0.10330863996373767,0.2991977276351174,0.2871092808638309,-0.20342037206835284,1.2167803171286566,0.0015911874827924403,0.17707180057465988,-0.14898361897449974,0.4762695282097773,0.4558747871535842,1.92595667187652,0.026668415793826648,EVALUATED,0.1480481361000756,valid,4.0,0.0,10.0,0.5079307374905526,0.48597201266445245,0.0,ALL,-0.15469948764044816,deepseek,0.44540417609494964,0.4265119082034874,new,10.0,0.09617692033752638,0.9450268203053636,,0.10982384384266619,2.0,10.0,deepseek/ALL/train_2018/M2/run_02,1.8267518112886418,0.0,2019.0,85039.0,2018.0,0.17036651219076923,0.0
M3,,,,,,,,,,,,,,,,,,,,,,,,,,,,,,,,,,,,,,,,,,,,,,MISSING,,not_started,,,,,,,ALL,,glm,,,new,19.0,,,,,2.0,,glm/ALL/train_2018/M3/run_02,,,2019.0,,2018.0,,0.0
M3,,,,,,,,,,,,,,,,,,,,,,,,,,,,,,,,,,,,,,,,,,,,,,MISSING,,failed,,0.0,8.0,,,0.0,ALL,,deepseek,,,new,19.0,,,摘要格式不合规,,2.0,16.0,deepseek/ALL/train_2018/M3/run_02,,8.0,2019.0,92903.0,2018.0,,0.0
M0,,,,,,,,,,,,,,,,,,,,,,,,,,,,,,,,,,,,,,,,,,,,,,MISSING,,not_started,,,,,,,ALL,,glm,,,new,10.0,,,,,2.0,,glm/ALL/train_2018/M0/run_02,,,2019.0,,2018.0,,0.0
M0,0.29735603999487403,0.30104355002696637,0.2888725751474346,-0.20319846470452463,1.222809800314881,0.0,0.17758671002959758,-0.14716874561251536,0.47863026005656395,0.4581196942155412,1.9078838815622272,0.0,0.29735603999487403,0.2853498472913656,-0.20364175162321407,1.2107496224723073,0.003180102690662113,0.13442595171068672,-0.15583252565982086,0.43178199170556075,0.41354573240132875,1.7588370969524627,0.03983883619425461,0.29368374058947366,0.28184129494569876,-0.20408827038257682,1.198689479105375,0.006351737961037136,0.0927339566649863,-0.16448084850748812,0.38641769725445996,0.3703340437255802,1.6095155910606787,0.07842040716377523,0.2991977276351174,0.2871092808638309,-0.20342037206835284,1.2167803171286566,0.0015911874827924403,0.15580481231387577,-0.15147580949879547,0.4550025399489932,0.43564541703747217,1.8333737150545222,0.02007801195184407,EVALUATED,0.13442595171068672,valid,4.0,0.0,10.0,0.47863026005656395,0.4581196942155412,0.0,ALL,-0.15583252565982086,deepseek,0.43178199170556075,0.41354573240132875,new,10.0,0.07868174463531606,0.8533716470815748,,0.099736181071723,2.0,10.0,deepseek/ALL/train_2018/M0/run_02,1.7588370969524627,0.0,2019.0,40352.0,2018.0,0.12863124976831122,0.0
M1,,,,,,,,,,,,,,,,,,,,,,,,,,,,,,,,,,,,,,,,,,,,,,MISSING,,not_started,,,,,,,ALL,,glm,,,new,10.0,,,,,2.0,,glm/ALL/train_2018/M1/run_02,,,2019.0,,2018.0,,0.0
M1,0.29735603999487403,0.30104355002696637,0.2888725751474346,-0.20319846470452463,1.222809800314881,0.0,0.1594100863132124,-0.16320543662716658,0.4604536363401788,0.44083155437930044,1.7855517173057527,0.0,0.29735603999487403,0.2853498472913656,-0.20364175162321407,1.2107496224723073,0.003180102690662113,0.09883614819398368,-0.1748839524061916,0.3961921881888577,0.37964893281075107,1.585923324515084,0.05517141091250692,0.29368374058947366,0.28184129494569876,-0.20408827038257682,1.198689479105375,0.006351737961037136,0.04076873157949268,-0.18648645859724544,0.33445247216896634,0.3207724441783286,1.3847195591520456,0.10789390960348337,0.2991977276351174,0.2871092808638309,-0.20342037206835284,1.2167803171286566,0.0015911874827924403,0.12883162958913008,-0.1690222230607894,0.4280293572242475,0.40997304260414413,1.686024197444205,0.02789857912366896,EVALUATED,0.09883614819398368,valid,3.0,0.0,10.0,0.4604536363401788,0.44083155437930044,0.0,ALL,-0.1748839524061916,deepseek,0.3961921881888577,0.37964893281075107,new,10.0,0.07786124716531442,0.9540582806098045,,0.07336452851190911,2.0,10.0,deepseek/ALL/train_2018/M1/run_02,1.585923324515084,0.0,2019.0,64351.0,2018.0,0.17843810117178818,0.0
M3,,,,,,,,,,,,,,,,,,,,,,,,,,,,,,,,,,,,,,,,,,,,,,NO_ELIGIBLE_PORTFOLIO,,empty,0.0,0.0,10.0,,,0.0,C26,,deepseek,,,new,19.0,,,原始记录保留,,2.0,19.0,deepseek/C26/train_2018/M3/run_02,,9.0,2019.0,115244.0,2018.0,,0.0
M3,,,,,,,,,,,,,,,,,,,,,,,,,,,,,,,,,,,,,,,,,,,,,,MISSING,,not_started,,,,,,,C26,,glm,,,new,19.0,,,,,2.0,,glm/C26/train_2018/M3/run_02,,,2019.0,,2018.0,,0.0
M0,,,,,,,,,,,,,,,,,,,,,,,,,,,,,,,,,,,,,,,,,,,,,,NO_ELIGIBLE_PORTFOLIO,,empty,0.0,0.0,10.0,,,0.0,C26,,deepseek,,,new,10.0,,,原始记录保留,,2.0,10.0,deepseek/C26/train_2018/M0/run_02,,0.0,2019.0,39747.0,2018.0,,0.0
M0,,,,,,,,,,,,,,,,,,,,,,,,,,,,,,,,,,,,,,,,,,,,,,MISSING,,not_started,,,,,,,C26,,glm,,,new,10.0,,,,,2.0,,glm/C26/train_2018/M0/run_02,,,2019.0,,2018.0,,0.0
M1,,,,,,,,,,,,,,,,,,,,,,,,,,,,,,,,,,,,,,,,,,,,,,NO_ELIGIBLE_PORTFOLIO,,empty,0.0,0.0,10.0,,,0.0,C26,,deepseek,,,new,10.0,,,原始记录保留,,2.0,10.0,deepseek/C26/train_2018/M1/run_02,,0.0,2019.0,63252.0,2018.0,,0.0
M1,,,,,,,,,,,,,,,,,,,,,,,,,,,,,,,,,,,,,,,,,,,,,,MISSING,,not_started,,,,,,,C26,,glm,,,new,10.0,,,,,2.0,,glm/C26/train_2018/M1/run_02,,,2019.0,,2018.0,,0.0
M2,,,,,,,,,,,,,,,,,,,,,,,,,,,,,,,,,,,,,,,,,,,,,,NO_ELIGIBLE_PORTFOLIO,,empty,0.0,0.0,10.0,,,0.0,C26,,deepseek,,,new,10.0,,,原始记录保留,,2.0,10.0,deepseek/C26/train_2018/M2/run_02,,0.0,2019.0,86069.0,2018.0,,0.0
M2,,,,,,,,,,,,,,,,,,,,,,,,,,,,,,,,,,,,,,,,,,,,,,MISSING,,not_started,,,,,,,C26,,glm,,,new,10.0,,,,,2.0,,glm/C26/train_2018/M2/run_02,,,2019.0,,2018.0,,0.0
M0,,,,,,,,,,,,,,,,,,,,,,,,,,,,,,,,,,,,,,,,,,,,,,MISSING,,not_started,,,,,,,C35,,glm,,,new,10.0,,,,,2.0,,glm/C35/train_2018/M0/run_02,,,2019.0,,2018.0,,0.0
M0,0.3166228022772313,0.32028844872932294,0.3072517226220266,-0.1809358382296875,1.2546484618032945,0.0,0.1284818234026801,-0.18371447006941233,0.44877027213200305,0.42971522790702577,1.6724825783617443,0.0,0.3166228022772313,0.30375172089076585,-0.1814225279317364,1.2432113124459816,0.003064482991419877,0.07964713865024553,-0.19416815586986247,0.3962699409274768,0.37972302021539495,1.5174172493743927,0.045440389529289416,0.3129512057090904,0.3002456890373777,-0.18190867620350537,1.2317055936545038,0.0061184915290581005,0.032749192790737514,-0.2044562872046135,0.3457003984998279,0.33150585868494686,1.362039723830983,0.08924034661368813,0.3184538063977962,0.3055000282949334,-0.18117954330230845,1.2489301560469714,0.0015334154473889787,0.10381462509001027,-0.18896869458332322,0.42226843148780646,0.40448770942211265,1.5949756269811284,0.02292982535190261,EVALUATED,0.07964713865024553,valid,4.0,0.0,10.0,0.44877027213200305,0.42971522790702577,0.0,C35,-0.19416815586986247,deepseek,0.3962699409274768,0.37972302021539495,new,10.0,0.09697789944245189,0.9261535926328958,,0.058271293611580344,2.0,10.0,deepseek/C35/train_2018/M0/run_02,1.5174172493743927,0.0,2019.0,40766.0,2018.0,0.1480085318815519,0.0
M1,,,,,,,,,,,,,,,,,,,,,,,,,,,,,,,,,,,,,,,,,,,,,,MISSING,,not_started,,,,,,,C35,,glm,,,new,10.0,,,,,2.0,,glm/C35/train_2018/M1/run_02,,,2019.0,,2018.0,,0.0
M1,0.3166228022772313,0.32028844872932294,0.3072517226220266,-0.1809358382296875,1.2546484618032945,0.0,0.23156703009777835,-0.18892765949629986,0.5518554788271013,0.5276897224402586,1.8758673395659968,0.0,0.3166228022772313,0.30375172089076585,-0.1814225279317364,1.2432113124459816,0.003064482991419877,0.16347212085935658,-0.19898308404236953,0.48009492313658786,0.4595124320507451,1.686988623965907,0.058639062503027174,0.3129512057090904,0.3002456890373777,-0.18190867620350537,1.2317055936545038,0.0061184915290581005,0.09866486861579693,-0.21021422591426275,0.41161607432488734,0.39434284946774834,1.4974484406861681,0.1145699952769974,0.3184538063977962,0.3055000282949334,-0.18117954330230845,1.2489301560469714,0.0015334154473889787,0.1970633045465051,-0.1939750274003441,0.5155171109443013,0.49318026922468583,1.7814371732152017,0.0296672052568987,EVALUATED,0.16347212085935658,valid,5.0,0.0,10.0,0.5518554788271013,0.5276897224402586,0.0,C35,-0.19898308404236953,deepseek,0.48009492313658786,0.4595124320507451,new,10.0,0.10123459710223708,0.9826655085994145,,0.11947114520666435,2.0,10.0,deepseek/C35/train_2018/M1/run_02,1.686988623965907,0.0,2019.0,65370.0,2018.0,0.18305970536279717,0.0
M2,,,,,,,,,,,,,,,,,,,,,,,,,,,,,,,,,,,,,,,,,,,,,,MISSING,,not_started,,,,,,,C35,,glm,,,new,10.0,,,,,2.0,,glm/C35/train_2018/M2/run_02,,,2019.0,,2018.0,,0.0
M2,0.3166228022772313,0.32028844872932294,0.3072517226220266,-0.1809358382296875,1.2546484618032945,0.0,0.2084372090294,-0.17650574063469904,0.5287256577587229,0.5057274101832374,1.7948541483477694,0.0,0.3166228022772313,0.30375172089076585,-0.1814225279317364,1.2432113124459816,0.003064482991419877,0.1358638553092013,-0.18835488625647923,0.4524866575864326,0.43325158917019735,1.5922895328256577,0.06363262975676941,0.3129512057090904,0.3002456890373777,-0.18190867620350537,1.2317055936545038,0.0061184915290581005,0.06737888197423891,-0.19989376583943452,0.3803300876833293,0.3645314925327252,1.3902008385018556,0.12412434407042991,0.3184538063977962,0.3055000282949334,-0.18117954330230845,1.2489301560469714,0.0015334154473889787,0.17158470452286956,-0.18250505507616155,0.49003851092066575,0.46896642100384955,1.6934195616372156,0.03222341702165957,EVALUATED,0.1358638553092013,valid,3.0,0.0,10.0,0.5287256577587229,0.5057274101832374,0.0,C35,-0.18835488625647923,deepseek,0.4524866575864326,0.43325158917019735,new,10.0,0.09954542380183169,1.0938903491611964,,0.09932862691905253,2.0,10.0,deepseek/C35/train_2018/M2/run_02,1.5922895328256577,0.0,2019.0,85566.0,2018.0,0.2025722819961872,0.0
M3,,,,,,,,,,,,,,,,,,,,,,,,,,,,,,,,,,,,,,,,,,,,,,MISSING,,not_started,,,,,,,C35,,glm,,,new,19.0,,,,,2.0,,glm/C35/train_2018/M3/run_02,,,2019.0,,2018.0,,0.0
M3,,,,,,,,,,,,,,,,,,,,,,,,,,,,,,,,,,,,,,,,,,,,,,MISSING,,failed,,0.0,3.0,,,0.0,C35,,deepseek,,,new,19.0,,,摘要格式不合规,,2.0,6.0,deepseek/C35/train_2018/M3/run_02,,3.0,2019.0,33529.0,2018.0,,0.0
M1,0.571664981513561,0.5765057687532602,0.5510828943728843,-0.18921713985495847,1.6630288507507456,0.0,0.10750082918620918,-0.17997853966401856,0.6840065979394694,0.652951389874503,1.9905559684822087,0.0,0.571664981513561,0.5464900153112744,-0.18934671935126313,1.652605417066369,0.003629155073570144,0.056193368552854395,-0.18061961710499064,0.6278583500664154,0.5997748885515335,1.8691697197666253,0.0450241790956346,0.5668412460592123,0.5419128121896313,-0.18947626785531413,1.6421740542264314,0.007246776212453938,0.006612748871834162,-0.18115116207573378,0.5734539949310464,0.5481874678882095,1.747426936909962,0.08850098654115042,0.5740827153760575,0.5487839943529358,-0.1892819334933039,1.6578168562625573,0.0018160227334115971,0.0816649097768507,-0.18029927616284303,0.6557476251529082,0.6261961236065763,1.9299997474810506,0.022708996070657708,EVALUATED,0.056193368552854395,valid,4.0,0.0,10.0,0.6840065979394694,0.652951389874503,0.0,C39,-0.18061961710499064,deepseek,0.6278583500664154,0.5997748885515335,new,10.0,0.05029586630864505,0.3765388421781866,,0.034455361956885255,2.0,10.0,deepseek/C39/train_2018/M1/run_02,1.8691697197666253,0.0,2019.0,63712.0,2018.0,0.13368263476615408,0.0
M1,,,,,,,,,,,,,,,,,,,,,,,,,,,,,,,,,,,,,,,,,,,,,,MISSING,,not_started,,,,,,,C39,,glm,,,new,10.0,,,,,2.0,,glm/C39/train_2018/M1/run_02,,,2019.0,,2018.0,,0.0
M2,0.571664981513561,0.5765057687532602,0.5510828943728843,-0.18921713985495847,1.6630288507507456,0.0,0.21973217823814584,-0.1772311157227553,0.796237946991406,0.7590550991989973,2.2107924693552126,0.0,0.571664981513561,0.5464900153112744,-0.18934671935126313,1.652605417066369,0.003629155073570144,0.15054707275160495,-0.17877601334544613,0.722212054265166,0.6890984348317195,2.061375276637864,0.05728647690170177,0.5668412460592123,0.5419128121896313,-0.18947626785531413,1.6421740542264314,0.007246776212453938,0.0848633299403374,-0.18031813521831375,0.6517045759995497,0.6223668844839354,1.9124733195819168,0.1121208187337907,0.5740827153760575,0.5487839943529358,-0.1892819334933039,1.6578168562625573,0.0018160227334115971,0.18472827306493067,-0.17800391222674894,0.7588109884409882,0.7236986550795228,2.1361253266917863,0.02895827015365037,EVALUATED,0.15054707275160495,valid,3.0,0.0,10.0,0.796237946991406,0.7590550991989973,0.0,C39,-0.17877601334544613,deepseek,0.722212054265166,0.6890984348317195,new,10.0,0.058714708780403906,0.4924751514301816,,0.09221425169805642,2.0,10.0,deepseek/C39/train_2018/M2/run_02,2.061375276637864,0.0,2019.0,88571.0,2018.0,0.16523759764158483,0.0
M2,,,,,,,,,,,,,,,,,,,,,,,,,,,,,,,,,,,,,,,,,,,,,,MISSING,,not_started,,,,,,,C39,,glm,,,new,10.0,,,,,2.0,,glm/C39/train_2018/M2/run_02,,,2019.0,,2018.0,,0.0
M3,0.571664981513561,0.5765057687532602,0.5510828943728843,-0.18921713985495847,1.6630288507507456,0.0,0.12700884258308998,-0.1749919839478119,0.7035146113363502,0.6714119800076634,2.0353220185174035,0.0,0.571664981513561,0.5464900153112744,-0.18934671935126313,1.652605417066369,0.003629155073570144,0.08068906274135035,-0.17611792638755785,0.6523540442549114,0.6229820292218369,1.9256849669664204,0.04041727282697994,0.5668412460592123,0.5419128121896313,-0.18947626785531413,1.6421740542264314,0.007246776212453938,0.03622655554780119,-0.17724213068890127,0.6030678016070135,0.5762757010964665,1.816699911743609,0.0795715977330273,0.5740827153760575,0.5487839943529358,-0.1892819334933039,1.6578168562625573,0.0018160227334115971,0.10363460075659314,-0.17555517804685516,0.6777173161326506,0.6469981678336372,1.9804879467416598,0.020370979781940517,EVALUATED,0.08068906274135035,valid,2.0,0.0,10.0,0.7035146113363502,0.6714119800076634,0.0,C39,-0.17611792638755785,deepseek,0.6523540442549114,0.6229820292218369,new,19.0,0.0409096772125043,0.3973279977914707,,0.04946169270621925,2.0,19.0,deepseek/C39/train_2018/M3/run_02,1.9256849669664204,9.0,2019.0,113302.0,2018.0,0.11977112200425671,0.0
M3,,,,,,,,,,,,,,,,,,,,,,,,,,,,,,,,,,,,,,,,,,,,,,MISSING,,not_started,,,,,,,C39,,glm,,,new,19.0,,,,,2.0,,glm/C39/train_2018/M3/run_02,,,2019.0,,2018.0,,0.0
M0,0.571664981513561,0.5765057687532602,0.5510828943728843,-0.18921713985495847,1.6630288507507456,0.0,0.18552068722598003,-0.16865121824120322,0.7620264559792402,0.7267372853879057,2.096800405155249,0.0,0.571664981513561,0.5464900153112744,-0.18934671935126313,1.652605417066369,0.003629155073570144,0.10908845221542363,-0.1703594675682959,0.6807534337289847,0.6498721536783143,1.9329902103639014,0.06378717595575932,0.5668412460592123,0.5419128121896313,-0.18947626785531413,1.6421740542264314,0.007246776212453938,0.03652864469971062,-0.17263622880043283,0.6033698907589229,0.5765621318800016,1.769085675955067,0.12454006479266591,0.5740827153760575,0.5487839943529358,-0.1892819334933039,1.6578168562625573,0.0018160227334115971,0.14690519375323885,-0.1695058713478621,0.7209879091292963,0.687940690955152,2.0151151880864897,0.03228307134743742,EVALUATED,0.10908845221542363,valid,4.0,0.0,10.0,0.7620264559792402,0.7267372853879057,0.0,C39,-0.1703594675682959,deepseek,0.6807534337289847,0.6498721536783143,new,10.0,0.06975955151470907,0.5745232196749507,,0.06684953497500046,2.0,10.0,deepseek/C39/train_2018/M0/run_02,1.9329902103639014,0.0,2019.0,40529.0,2018.0,0.1861667447383041,0.0
M0,,,,,,,,,,,,,,,,,,,,,,,,,,,,,,,,,,,,,,,,,,,,,,MISSING,,not_started,,,,,,,C39,,glm,,,new,10.0,,,,,2.0,,glm/C39/train_2018/M0/run_02,,,2019.0,,2018.0,,0.0
M3,0.1651734703694836,0.16896568930393796,0.16174608611500574,-0.1340623586462646,0.758300059780993,0.0,-0.0009501189880896099,-0.15663907232702956,0.16801557031584835,0.16083929076965786,0.7578067310070805,0.0,0.1651734703694836,0.15812661040894715,-0.13411626225213646,0.7450839571629432,0.003404397636155883,-0.052194281136424214,-0.15791761178340302,0.11297918923305938,0.10826168730522534,0.5600511730452542,0.0508757685035883,0.1613824161562627,0.1545077790894529,-0.1341792013014793,0.7318173220716839,0.006797278768480026,-0.10077897222177712,-0.1592222186223584,0.06060344393448558,0.058129990544943055,0.36315330029149623,0.09932550810855445,0.16707086287366035,0.1599376311920142,-0.13408723574770165,0.7517034583068499,0.0017035884435602435,-0.026943127357494046,-0.15728013677774955,0.1401277355161663,0.1342099445727618,0.6587408796079489,0.02574496157137952,EVALUATED,-0.052194281136424214,valid,13.0,0.0,10.0,0.16801557031584835,0.16083929076965786,0.0,ALL,-0.15791761178340302,deepseek,0.11297918923305938,0.10826168730522534,new,19.0,0.05486039112414896,0.46929834573773965,,-0.04305653859910352,2.0,19.0,deepseek/ALL/train_2019/M3/run_02,0.5600511730452542,9.0,2020.0,124233.0,2019.0,0.19279004053233917,0.0
M3,,,,,,,,,,,,,,,,,,,,,,,,,,,,,,,,,,,,,,,,,,,,,,MISSING,,not_started,,,,,,,ALL,,glm,,,new,19.0,,,,,2.0,,glm/ALL/train_2019/M3/run_02,,,2020.0,,2019.0,,0.0
M0,0.1651734703694836,0.16896568930393796,0.16174608611500574,-0.1340623586462646,0.758300059780993,0.0,-0.052891064939424304,-0.16445088461376534,0.11607462436451366,0.11122152478542868,0.5535061429646515,0.0,0.1651734703694836,0.15812661040894715,-0.13411626225213646,0.7450839571629432,0.003404397636155883,-0.10093437233549007,-0.1657166277146611,0.06423909803399352,0.06161299370950868,0.37032420363910495,0.04862742834353278,0.1613824161562627,0.1545077790894529,-0.1341792013014793,0.7318173220716839,0.006797278768480026,-0.14715140880522837,-0.1670624645509715,0.01423100735103433,0.013662444902217352,0.18550110499878983,0.09494002205580873,0.16707086287366035,0.1599376311920142,-0.13408723574770165,0.7517034583068499,0.0017035884435602435,-0.07719819519939786,-0.1650914993287752,0.0898726676742625,0.08615697672176492,0.461943889997075,0.024606706285805774,EVALUATED,-0.10093437233549007,valid,12.0,0.0,10.0,0.11607462436451366,0.11122152478542868,0.0,ALL,-0.1657166277146611,deepseek,0.06423909803399352,0.06161299370950868,new,10.0,0.04160902077578977,0.37589118858608733,,-0.08333598056723557,2.0,10.0,deepseek/ALL/train_2019/M0/run_02,0.37032420363910495,0.0,2020.0,41651.0,2019.0,0.19036519348793715,0.0
M0,,,,,,,,,,,,,,,,,,,,,,,,,,,,,,,,,,,,,,,,,,,,,,MISSING,,not_started,,,,,,,ALL,,glm,,,new,10.0,,,,,2.0,,glm/ALL/train_2019/M0/run_02,,,2020.0,,2019.0,,0.0
M1,0.1651734703694836,0.16896568930393796,0.16174608611500574,-0.1340623586462646,0.758300059780993,0.0,-0.05135954205644966,-0.1663194181581138,0.1176061472474883,0.11268583775033458,0.5940438940815392,0.0,0.1651734703694836,0.15812661040894715,-0.13411626225213646,0.7450839571629432,0.003404397636155883,-0.10112551723603724,-0.16756096752403193,0.06404795313344636,0.06142988622154055,0.38334938910553173,0.05004984305449821,0.1613824161562627,0.1545077790894529,-0.1341792013014793,0.7318173220716839,0.006797278768480026,-0.14796571669191994,-0.16877783854865835,0.013416699464342763,0.012880876740715808,0.1748818312283936,0.09766945026089695,0.16707086287366035,0.1599376311920142,-0.13408723574770165,0.7517034583068499,0.0017035884435602435,-0.07655994224095641,-0.16693819757633943,0.09051092063270394,0.08676780544564355,0.4886933685317887,0.025336282693274797,EVALUATED,-0.10112551723603724,valid,12.0,0.0,10.0,0.1176061472474883,0.11268583775033458,0.0,ALL,-0.16756096752403193,deepseek,0.06404795313344636,0.06142988622154055,new,10.0,0.05224255761191532,0.4455837919397646,,-0.08349408719074503,2.0,10.0,deepseek/ALL/train_2019/M1/run_02,0.38334938910553173,0.0,2020.0,67398.0,2019.0,0.1957563972109545,0.0
M1,,,,,,,,,,,,,,,,,,,,,,,,,,,,,,,,,,,,,,,,,,,,,,MISSING,,not_started,,,,,,,ALL,,glm,,,new,10.0,,,,,2.0,,glm/ALL/train_2019/M1/run_02,,,2020.0,,2019.0,,0.0
M2,0.1651734703694836,0.16896568930393796,0.16174608611500574,-0.1340623586462646,0.758300059780993,0.0,0.024222565659209883,-0.14956031382648804,0.19318825496314784,0.18485433829878817,0.8687175377349419,0.0,0.1651734703694836,0.15812661040894715,-0.13411626225213646,0.7450839571629432,0.003404397636155883,-0.024333216582215877,-0.15087750725640559,0.14084025378726772,0.13489062832886134,0.6775754803188974,0.04658532521215531,0.1613824161562627,0.1545077790894529,-0.1341792013014793,0.7318173220716839,0.006797278768480026,-0.0703604462984202,-0.15213655435457107,0.0910219698578425,0.08725688585503066,0.487732270968798,0.0910621456714972,0.16707086287366035,0.1599376311920142,-0.13408723574770165,0.7517034583068499,0.0017035884435602435,-0.0003536454120642851,-0.1502164294716315,0.16671721746159607,0.15960009303369915,0.7731067139618163,0.02356285385211413,EVALUATED,-0.024333216582215877,valid,16.0,0.0,10.0,0.19318825496314784,0.18485433829878817,0.0,ALL,-0.15087750725640559,deepseek,0.14084025378726772,0.13489062832886134,new,10.0,0.0545282586226314,0.529620427402954,,-0.020063421279890026,2.0,10.0,deepseek/ALL/train_2019/M2/run_02,0.6775754803188974,0.0,2020.0,95394.0,2019.0,0.17663983124057445,0.0
M2,,,,,,,,,,,,,,,,,,,,,,,,,,,,,,,,,,,,,,,,,,,,,,MISSING,,not_started,,,,,,,ALL,,glm,,,new,10.0,,,,,2.0,,glm/ALL/train_2019/M2/run_02,,,2020.0,,2019.0,,0.0
M0,,,,,,,,,,,,,,,,,,,,,,,,,,,,,,,,,,,,,,,,,,,,,,MISSING,,not_started,,,,,,,C26,,glm,,,new,10.0,,,,,2.0,,glm/C26/train_2019/M0/run_02,,,2020.0,,2019.0,,0.0
M0,0.2450664189911813,0.2491100636748551,0.23813313377249679,-0.13966311023138167,0.9941592714588346,0.0,-0.04315671927284237,-0.16447204706851903,0.20595334440201274,0.19702468145878616,0.8744326177036643,0.0,0.2450664189911813,0.23428382830795402,-0.13972059099685175,0.9815784818264451,0.003359564448601803,-0.09153031195117878,-0.1654195898774341,0.15353610704000253,0.1470164270674703,0.6962236288385677,0.0468958659842228,0.24104577007926675,0.23045592153126027,-0.13977799724716433,0.9690164612284203,0.006707129705550368,-0.1377929410262233,-0.16636704493805565,0.10325282905304345,0.09895926662400001,0.517900441550696,0.09170489532852588,0.24708570329063373,0.23620612688814702,-0.13969185944352636,0.9878677038811172,0.0016813223943506594,-0.06759579660393089,-0.16494582856861117,0.17948990668670284,0.17178846828060546,0.7854182350684916,0.023716836745120113,EVALUATED,-0.09153031195117878,valid,10.0,0.0,10.0,0.20595334440201274,0.19702468145878616,0.0,C26,-0.1654195898774341,deepseek,0.15353610704000253,0.1470164270674703,new,10.0,0.04482159281699525,0.3385767968139911,,-0.0707028636680076,2.0,10.0,deepseek/C26/train_2019/M0/run_02,0.6962236288385677,0.0,2020.0,41601.0,2019.0,0.17600042157166085,0.0
M1,,,,,,,,,,,,,,,,,,,,,,,,,,,,,,,,,,,,,,,,,,,,,,MISSING,,not_started,,,,,,,C26,,glm,,,new,10.0,,,,,2.0,,glm/C26/train_2019/M1/run_02,,,2020.0,,2019.0,,0.0
M1,0.2450664189911813,0.2491100636748551,0.23813313377249679,-0.13966311023138167,0.9941592714588346,0.0,0.036838783634632444,-0.16546410771020637,0.28594884730948755,0.27317886294658544,1.1410750398294958,0.0,0.2450664189911813,0.23428382830795402,-0.13972059099685175,0.9815784818264451,0.003359564448601803,-0.016833635121542123,-0.1667093936717421,0.2282327838696392,0.21825387375463645,0.9543741349125523,0.04961130135662783,0.24104577007926675,0.23045592153126027,-0.13977799724716433,0.9690164612284203,0.006707129705550368,-0.06789947782353911,-0.16798180110625505,0.17314629225572764,0.16573571428652967,0.7681086915197428,0.09685645767557104,0.24708570329063373,0.23620612688814702,-0.13969185944352636,0.9878677038811172,0.0016813223943506594,0.009663720070993254,-0.16607818916614459,0.256749423361627,0.24540399457914086,1.0476756663503333,0.025108357520160125,EVALUATED,-0.016833635121542123,valid,15.0,0.0,10.0,0.28594884730948755,0.27317886294658544,0.0,C26,-0.1667093936717421,deepseek,0.2282327838696392,0.21825387375463645,new,10.0,0.05141406110610792,0.40417052535472076,,-0.01298725154269631,2.0,10.0,deepseek/C26/train_2019/M1/run_02,0.9543741349125523,0.0,2020.0,66483.0,2019.0,0.18159559171743803,0.0
M2,,,,,,,,,,,,,,,,,,,,,,,,,,,,,,,,,,,,,,,,,,,,,,MISSING,,not_started,,,,,,,C26,,glm,,,new,10.0,,,,,2.0,,glm/C26/train_2019/M2/run_02,,,2020.0,,2019.0,,0.0
M2,0.2450664189911813,0.2491100636748551,0.23813313377249679,-0.13966311023138167,0.9941592714588346,0.0,-0.07842846060125153,-0.17817360033634588,0.17068160307360358,0.16338368334795916,0.7452047128888974,0.0,0.2450664189911813,0.23428382830795402,-0.13972059099685175,0.9815784818264451,0.003359564448601803,-0.12702948473641196,-0.17937097124597756,0.11803693425476935,0.11309770558735743,0.5648845543601261,0.04744002065167371,0.24104577007926675,0.23045592153126027,-0.13977799724716433,0.9690164612284203,0.006707129705550368,-0.1731419808901553,-0.180569066397974,0.06790378918911144,0.06512333694115191,0.38549684489859387,0.09269368961131588,0.24708570329063373,0.23620612688814702,-0.13969185944352636,0.9878677038811172,0.0016813223943506594,-0.10305970945749365,-0.17877204236200883,0.14402599383314008,0.13793382691377043,0.6549063823561683,0.024000197758079937,EVALUATED,-0.12702948473641196,valid,11.0,0.0,10.0,0.17068160307360358,0.16338368334795916,0.0,C26,-0.17937097124597756,deepseek,0.11803693425476935,0.11309770558735743,new,10.0,0.05161921843685209,0.3968698717676621,,-0.09818335130156197,2.0,10.0,deepseek/C26/train_2019/M2/run_02,0.5648845543601261,0.0,2020.0,91312.0,2019.0,0.18443182611480166,0.0
M3,,,,,,,,,,,,,,,,,,,,,,,,,,,,,,,,,,,,,,,,,,,,,,MISSING,,not_started,,,,,,,C26,,glm,,,new,19.0,,,,,2.0,,glm/C26/train_2019/M3/run_02,,,2020.0,,2019.0,,0.0
M3,0.2450664189911813,0.2491100636748551,0.23813313377249679,-0.13966311023138167,0.9941592714588346,0.0,0.05049067982394684,-0.17732925117669263,0.29960074349880195,0.2861561040870788,1.1312452940814113,0.0,0.2450664189911813,0.23428382830795402,-0.13972059099685175,0.9815784818264451,0.003359564448601803,-0.011939107143309036,-0.17847190755680198,0.23312731184787228,0.22291561821596506,0.9296243821735344,0.05825043844853965,0.24104577007926675,0.23045592153126027,-0.13977799724716433,0.9690164612284203,0.006707129705550368,-0.07105099824700534,-0.17965571600024222,0.16999477183226142,0.1627282114183246,0.7283571668009661,0.1133944791898642,0.24708570329063373,0.23620612688814702,-0.13969185944352636,0.9878677038811172,0.0016813223943506594,0.018884077059752924,-0.17788613138005982,0.26596978035038665,0.2541772557268782,1.0305165780102845,0.029523303600588257,EVALUATED,-0.011939107143309036,valid,13.0,0.0,10.0,0.29960074349880195,0.2861561040870788,0.0,C26,-0.17847190755680198,deepseek,0.23312731184787228,0.22291561821596506,new,19.0,0.04171011660997287,0.3143547881369238,,-0.009210369471966073,2.0,19.0,deepseek/C26/train_2019/M3/run_02,0.9296243821735344,9.0,2020.0,124442.0,2019.0,0.20957539706800551,0.0
M1,0.3449013736836908,0.34947574411691407,0.3335208234539717,-0.13063670109077152,1.2838749101585025,0.0,-0.06188256096179945,-0.13768843185028845,0.2875931831551146,0.27474222678492755,1.0695431049310151,0.0,0.3449013736836908,0.3291796202218884,-0.1307881240808897,1.2707580783042223,0.0037808209962820116,-0.11604304682759059,-0.13962730418192182,0.2288583268561002,0.21884970697326733,0.8966138144241511,0.0522885584456413,0.340305345618811,0.32481727315380327,-0.13094026631075872,1.2575256299389135,0.007546269333003841,-0.16757686837908037,-0.14783308650501548,0.17272847723973062,0.16533701095157083,0.7234962115867538,0.10209582952406099,0.3471910063921473,0.3313526176925494,-0.13071233086907752,1.2773301838930244,0.0018922732844535689,-0.08928075697135451,-0.1386588944732492,0.25791024942079277,0.246508672253825,0.9831754065627829,0.026461553112177426,EVALUATED,-0.11604304682759059,valid,9.0,0.0,10.0,0.2875931831551146,0.27474222678492755,0.0,C35,-0.13962730418192182,deepseek,0.2288583268561002,0.21884970697326733,new,10.0,0.04200502679696958,0.28649985709276843,,-0.08300602233895449,2.0,10.0,deepseek/C35/train_2019/M1/run_02,0.8966138144241511,0.0,2020.0,66744.0,2019.0,0.1862134670041395,0.0
M1,,,,,,,,,,,,,,,,,,,,,,,,,,,,,,,,,,,,,,,,,,,,,,MISSING,,not_started,,,,,,,C35,,glm,,,new,10.0,,,,,2.0,,glm/C35/train_2019/M1/run_02,,,2020.0,,2019.0,,0.0
M2,0.3449013736836908,0.34947574411691407,0.3335208234539717,-0.13063670109077152,1.2838749101585025,0.0,-0.058864302382203526,-0.15665136062227347,0.29061144173471054,0.27761165120139175,1.0911886449535309,0.0,0.3449013736836908,0.3291796202218884,-0.1307881240808897,1.2707580783042223,0.0037808209962820116,-0.11713365978272972,-0.15802851575218624,0.22776771390096107,0.21781088418524686,0.9033959960606058,0.0556658862141991,0.340305345618811,0.32481727315380327,-0.13094026631075872,1.2575256299389135,0.007546269333003841,-0.1721444570393469,-0.1594048292186594,0.1681608885794641,0.16097798468868785,0.7162085640324422,0.10851198992303604,0.3471910063921473,0.3313526176925494,-0.13071233086907752,1.2773301838930244,0.0018922732844535689,-0.08847546181325128,-0.15734004319941874,0.258715544578896,0.24727499205292758,0.9970654549766966,0.02819415970207633,EVALUATED,-0.11713365978272972,valid,14.0,0.0,10.0,0.29061144173471054,0.27761165120139175,0.0,C35,-0.15802851575218624,deepseek,0.22776771390096107,0.21781088418524686,new,10.0,0.0560825476066817,0.3835620702202443,,-0.08378757418658744,2.0,10.0,deepseek/C35/train_2019/M2/run_02,0.9033959960606058,0.0,2020.0,91030.0,2019.0,0.20004569157331703,0.0
M2,,,,,,,,,,,,,,,,,,,,,,,,,,,,,,,,,,,,,,,,,,,,,,MISSING,,not_started,,,,,,,C35,,glm,,,new,10.0,,,,,2.0,,glm/C35/train_2019/M2/run_02,,,2020.0,,2019.0,,0.0
M3,0.3449013736836908,0.34947574411691407,0.3335208234539717,-0.13063670109077152,1.2838749101585025,0.0,-0.011724994693056212,-0.16970300697971163,0.33775074942385785,0.32239230660216855,1.2300453665784834,0.0,0.3449013736836908,0.3291796202218884,-0.1307881240808897,1.2707580783042223,0.0037808209962820116,-0.07598038353298509,-0.17914942025762348,0.2689209901507057,0.2569848246038551,1.0297197199653654,0.06261561417600435,0.340305345618811,0.32481727315380327,-0.13094026631075872,1.2575256299389135,0.007546269333003841,-0.13668222636822258,-0.18848381848829843,0.2036231192505884,0.1948034082895469,0.8296314348906687,0.12184183369705819,0.3471910063921473,0.3313526176925494,-0.13071233086907752,1.2773301838930244,0.0018922732844535689,-0.04430252635321996,-0.17443918886556442,0.3028884800389273,0.28928055556879295,1.1298904266735024,0.0317424231371823,EVALUATED,-0.07598038353298509,valid,15.0,0.0,10.0,0.33775074942385785,0.32239230660216855,0.0,C35,-0.17914942025762348,deepseek,0.2689209901507057,0.2569848246038551,new,19.0,0.0365140091203018,0.2519483578788763,,-0.05431530435742116,2.0,19.0,deepseek/C35/train_2019/M3/run_02,1.0297197199653654,9.0,2020.0,124674.0,2019.0,0.21009766163142232,0.0
M3,,,,,,,,,,,,,,,,,,,,,,,,,,,,,,,,,,,,,,,,,,,,,,MISSING,,not_started,,,,,,,C35,,glm,,,new,19.0,,,,,2.0,,glm/C35/train_2019/M3/run_02,,,2020.0,,2019.0,,0.0
M0,0.3449013736836908,0.34947574411691407,0.3335208234539717,-0.13063670109077152,1.2838749101585025,0.0,0.013999623855406318,-0.13421485751336149,0.3634753679723204,0.3468032318221854,1.2474334049937814,0.0,0.3449013736836908,0.3291796202218884,-0.1307881240808897,1.2707580783042223,0.0037808209962820116,-0.04563677926665055,-0.14348983271609084,0.29926459441704023,0.28583663214961996,1.074190233467499,0.056612620776879966,0.340305345618811,0.32481727315380327,-0.13094026631075872,1.2575256299389135,0.007546269333003841,-0.10182017648765385,-0.15370685807878126,0.23848516913115714,0.22801781442385494,0.9022639857299061,0.11046803885803197,0.3471910063921473,0.3313526176925494,-0.13071233086907752,1.2773301838930244,0.0018922732844535689,-0.016264955498855427,-0.1388775103291402,0.33092605089329186,0.3159130162185,1.1606593037817001,0.028662458759474464,EVALUATED,-0.04563677926665055,valid,10.0,0.0,10.0,0.3634753679723204,0.3468032318221854,0.0,C35,-0.14348983271609084,deepseek,0.29926459441704023,0.28583663214961996,new,10.0,0.047006850420262807,0.326949485044508,,-0.03260882683789035,2.0,10.0,deepseek/C35/train_2019/M0/run_02,1.074190233467499,0.0,2020.0,41678.0,2019.0,0.19232176087261021,0.0
M0,,,,,,,,,,,,,,,,,,,,,,,,,,,,,,,,,,,,,,,,,,,,,,MISSING,,not_started,,,,,,,C35,,glm,,,new,10.0,,,,,2.0,,glm/C35/train_2019/M0/run_02,,,2020.0,,2019.0,,0.0
M2,,,,,,,,,,,,,,,,,,,,,,,,,,,,,,,,,,,,,,,,,,,,,,MISSING,,not_started,,,,,,,C39,,glm,,,new,10.0,,,,,2.0,,glm/C39/train_2019/M2/run_02,,,2020.0,,2019.0,,0.0
M2,0.14167688730000738,0.1453673277851948,0.13921504411023689,-0.24502666144287344,0.5794800418306295,0.0,-0.01039670663098402,-0.2304754988286707,0.13497062115421077,0.12928274034356435,0.5608458426454148,0.0,0.14167688730000738,0.13568986046434195,-0.24524253634565918,0.5696163459641145,0.0033809556562457996,-0.06451923888167177,-0.23473814105827107,0.07715764841833561,0.07398532241344746,0.3948335249783314,0.05213656398407601,0.13800804176754955,0.13218485650515355,-0.24545855807040096,0.5597761764935796,0.006750623791957606,-0.11560253307428159,-0.2389870778224663,0.02240550869326796,0.02150690944407807,0.22963115724646527,0.10154159181445503,0.14351858314920185,0.13744914214699344,-0.2451346291565295,0.5745431193317055,0.0016918822617603357,-0.03787084787932771,-0.2326097536407442,0.10564773526987414,0.10125008780756062,0.47769070151205145,0.026419100941140167,EVALUATED,-0.06451923888167177,valid,5.0,0.0,10.0,0.13497062115421077,0.12928274034356435,0.0,C39,-0.23473814105827107,deepseek,0.07715764841833561,0.07398532241344746,new,10.0,0.03863567261616914,0.3530357952297006,,-0.054332208289387895,2.0,10.0,deepseek/C39/train_2019/M2/run_02,0.3948335249783314,0.0,2020.0,89257.0,2019.0,0.2081467907592977,0.0
M3,,,,,,,,,,,,,,,,,,,,,,,,,,,,,,,,,,,,,,,,,,,,,,MISSING,,not_started,,,,,,,C39,,glm,,,new,19.0,,,,,2.0,,glm/C39/train_2019/M3/run_02,,,2020.0,,2019.0,,0.0
M3,,,,,,,,,,,,,,,,,,,,,,,,,,,,,,,,,,,,,,,,,,,,,,MISSING,,failed,,0.0,1.0,,,0.0,C39,,deepseek,,,new,19.0,,,摘要格式不合规,,2.0,2.0,deepseek/C39/train_2019/M3/run_02,,1.0,2020.0,9187.0,2019.0,,0.0
M0,,,,,,,,,,,,,,,,,,,,,,,,,,,,,,,,,,,,,,,,,,,,,,MISSING,,not_started,,,,,,,C39,,glm,,,new,10.0,,,,,2.0,,glm/C39/train_2019/M0/run_02,,,2020.0,,2019.0,,0.0
M0,0.14167688730000738,0.1453673277851948,0.13921504411023689,-0.24502666144287344,0.5794800418306295,0.0,0.013134138675983786,-0.23579223191431908,0.15850146646117858,0.15175739396337495,0.605384340911155,0.0,0.14167688730000738,0.13568986046434195,-0.24524253634565918,0.5696163459641145,0.0033809556562457996,-0.03760476499536769,-0.23926161784443378,0.10407212230463969,0.0997429747520997,0.4628388278284116,0.0480433382409403,0.13800804176754955,0.13218485650515355,-0.24545855807040096,0.5597761764935796,0.006750623791957606,-0.08582569867441592,-0.2427125555290921,0.05218234309313363,0.05006064551572598,0.3205271398441883,0.09381063843901477,0.14351858314920185,0.13744914214699344,-0.2451346291565295,0.5745431193317055,0.0016918822617603357,-0.01251710327990363,-0.2375292510324316,0.13100147986929822,0.12548994312122352,0.534193267960181,0.024314688206211587,EVALUATED,-0.03760476499536769,valid,5.0,0.0,10.0,0.15850146646117858,0.15175739396337495,0.0,C39,-0.23926161784443378,deepseek,0.10407212230463969,0.0997429747520997,new,10.0,0.046474811241678654,0.39310348968001163,,-0.0316520266347583,2.0,10.0,deepseek/C39/train_2019/M0/run_02,0.4628388278284116,0.0,2020.0,40932.0,2019.0,0.18807921550259132,0.0
M1,,,,,,,,,,,,,,,,,,,,,,,,,,,,,,,,,,,,,,,,,,,,,,MISSING,,not_started,,,,,,,C39,,glm,,,new,10.0,,,,,2.0,,glm/C39/train_2019/M1/run_02,,,2020.0,,2019.0,,0.0
M1,0.14167688730000738,0.1453673277851948,0.13921504411023689,-0.24502666144287344,0.5794800418306295,0.0,0.014863926520149784,-0.23804552715406702,0.16023125430534457,0.15340882038011072,0.6260472398309483,0.0,0.14167688730000738,0.13568986046434195,-0.24524253634565918,0.5696163459641145,0.0033809556562457996,-0.0413702980326911,-0.2421023423204799,0.10030658926731628,0.09614080261712799,0.4598914775439168,0.054308888968493764,0.13800804176754955,0.13218485650515355,-0.24545855807040096,0.5597761764935796,0.006750623791957606,-0.09458726671685214,-0.2461112312439927,0.04342077505069741,0.041662333770200455,0.2939920024751568,0.10581960688169102,0.14351858314920185,0.13744914214699344,-0.2451346291565295,0.5745431193317055,0.0016918822617603357,-0.013625953806905677,-0.24007643079297547,0.12989262934229617,0.1244302631426899,0.5429848850757162,0.027513292796437827,EVALUATED,-0.0413702980326911,valid,3.0,0.0,10.0,0.16023125430534457,0.15340882038011072,0.0,C39,-0.2421023423204799,deepseek,0.10030658926731628,0.09614080261712799,new,10.0,0.02581727142362635,0.22556246708348474,,-0.034823818741362866,2.0,10.0,deepseek/C39/train_2019/M1/run_02,0.4598914775439168,0.0,2020.0,65789.0,2019.0,0.21201569027379186,0.0
M0,,,,,,,,,,,,,,,,,,,,,,,,,,,,,,,,,,,,,,,,,,,,,,MISSING,,not_started,,,,,,,ALL,,glm,,,new,10.0,,,,,2.0,,glm/ALL/train_2020/M0/run_02,,,2021.0,,2020.0,,0.0
M0,0.2700723328862653,0.2745464284251724,0.26233574509462665,-0.11184540867656945,1.5981762623730418,0.0,-0.025928733249358293,-0.08833763381013127,0.2486176951758141,0.23766445517621992,1.4147491740546314,0.0,0.2700723328862653,0.2580800590323502,-0.11209435465984308,1.5761129574185302,0.003514551582963619,-0.08336635313116858,-0.09393297240581333,0.18670597975509673,0.17867210794373012,1.1090028369461267,0.0510797897160907,0.26560718861181276,0.2538322941058522,-0.11264236763377367,1.5539525469098714,0.007017036417810955,-0.1381571702114952,-0.09941895269214107,0.12745001840031756,0.12209582099658745,0.8007649718417573,0.09957583322003538,0.27230298813883147,0.2602018958382377,-0.11197217353713518,1.5871260576303392,0.001758724378832187,-0.054823123999881984,-0.09114308258660897,0.21747986413894949,0.20800976907514412,1.263085093048027,0.025869394962589446,EVALUATED,-0.08336635313116858,valid,2.0,0.0,10.0,0.2486176951758141,0.23766445517621992,0.0,ALL,-0.09393297240581333,deepseek,0.18670597975509673,0.17867210794373012,new,10.0,0.022750196707315453,0.2560257073236806,,-0.06311836080582711,2.0,10.0,deepseek/ALL/train_2020/M0/run_02,1.1090028369461267,0.0,2021.0,40128.0,2020.0,0.20219570227233838,0.0
M1,,,,,,,,,,,,,,,,,,,,,,,,,,,,,,,,,,,,,,,,,,,,,,MISSING,,not_started,,,,,,,ALL,,glm,,,new,10.0,,,,,2.0,,glm/ALL/train_2020/M1/run_02,,,2021.0,,2020.0,,0.0
M1,0.2700723328862653,0.2745464284251724,0.26233574509462665,-0.11184540867656945,1.5981762623730418,0.0,0.10270704861441304,-0.08806068446363491,0.37725347703958545,0.35987019044823354,2.259391515270833,0.0,0.2700723328862653,0.2580800590323502,-0.11209435465984308,1.5761129574185302,0.003514551582963619,0.045401565539783695,-0.09144774995495619,0.315473898426049,0.30123803670551674,1.9427377902456144,0.04843905256533222,0.26560718861181276,0.2538322941058522,-0.11264236763377367,1.5539525469098714,0.007017036417810955,-0.009531940361416913,-0.09575842016229408,0.25607524825039585,0.2447624102853081,1.6230946109331832,0.09463782907807451,0.27230298813883147,0.2602018958382377,-0.11197217353713518,1.5871260576303392,0.001758724378832187,0.07369749145552107,-0.08972144746645705,0.34600047959435254,0.33022275533627043,2.1012596176056793,0.02450210885606282,EVALUATED,0.045401565539783695,valid,5.0,0.0,10.0,0.37725347703958545,0.35987019044823354,0.0,ALL,-0.09144774995495619,deepseek,0.315473898426049,0.30123803670551674,new,10.0,0.06431338773993539,0.7232294535160408,,0.03430463535552852,2.0,10.0,deepseek/ALL/train_2020/M1/run_02,1.9427377902456144,0.0,2021.0,65082.0,2020.0,0.18470305318380764,0.0
M2,,,,,,,,,,,,,,,,,,,,,,,,,,,,,,,,,,,,,,,,,,,,,,MISSING,,not_started,,,,,,,ALL,,glm,,,new,10.0,,,,,2.0,,glm/ALL/train_2020/M2/run_02,,,2021.0,,2020.0,,0.0
M2,0.2700723328862653,0.2745464284251724,0.26233574509462665,-0.11184540867656945,1.5981762623730418,0.0,0.03226191960404057,-0.09317732691043223,0.306808348029213,0.29300533496812786,1.7914051916666656,0.0,0.2700723328862653,0.2580800590323502,-0.11209435465984308,1.5761129574185302,0.003514551582963619,-0.015395197194795207,-0.09465510192164972,0.2546771356914701,0.24343184139748164,1.5301386848339216,0.04230996062155539,0.26560718861181276,0.2538322941058522,-0.11264236763377367,1.5539525469098714,0.007017036417810955,-0.0609688473394856,-0.09605968581331215,0.20463834127232716,0.19577118356027312,1.268178808631009,0.08291260288489918,0.27230298813883147,0.2602018958382377,-0.11197217353713518,1.5871260576303392,0.001758724378832187,0.008199582617263612,-0.09394343787946657,0.2805025707560951,0.26800021021940457,1.6610631684825534,0.021374484772265372,EVALUATED,-0.015395197194795207,valid,3.0,0.0,10.0,0.306808348029213,0.29300533496812786,0.0,ALL,-0.09465510192164972,deepseek,0.2546771356914701,0.24343184139748164,new,10.0,0.04066937171576966,0.36412121462605607,,-0.011643311194468153,2.0,10.0,deepseek/ALL/train_2020/M2/run_02,1.5301386848339216,0.0,2021.0,87358.0,2020.0,0.1625628272732265,0.0
M3,,,,,,,,,,,,,,,,,,,,,,,,,,,,,,,,,,,,,,,,,,,,,,MISSING,,not_started,,,,,,,ALL,,glm,,,new,19.0,,,,,2.0,,glm/ALL/train_2020/M3/run_02,,,2021.0,,2020.0,,0.0
M3,0.2700723328862653,0.2745464284251724,0.26233574509462665,-0.11184540867656945,1.5981762623730418,0.0,0.06802899267579932,-0.1081225258384112,0.3425754211009717,0.32697200271195825,1.8764839891085763,0.0,0.2700723328862653,0.2580800590323502,-0.11209435465984308,1.5761129574185302,0.003514551582963619,0.023260480681968065,-0.11153540172445853,0.2933328135682334,0.2801986004378778,1.6484975414119647,0.038812434045809294,0.26560718861181276,0.2538322941058522,-0.11264236763377367,1.5539525469098714,0.007017036417810955,-0.019928399802481733,-0.1148471015797159,0.24567878880933103,0.23486679921812104,1.4185335198828,0.07616151028820049,0.27230298813883147,0.2602018958382377,-0.11197217353713518,1.5871260576303392,0.001758724378832187,0.045468427999944216,-0.10982720008856461,0.3177714161387757,0.3034204307457602,1.762882153299803,0.019592982490073935,EVALUATED,0.023260480681968065,valid,2.0,0.0,10.0,0.3425754211009717,0.32697200271195825,0.0,ALL,-0.11153540172445853,deepseek,0.2933328135682334,0.2801986004378778,new,19.0,0.05589133795313113,0.5544303228362614,,0.017581187498147077,2.0,19.0,deepseek/ALL/train_2020/M3/run_02,1.6484975414119647,9.0,2021.0,114932.0,2020.0,0.14897571240338126,0.0
M1,0.579079600773025,0.5849532371882444,0.5562497417808621,-0.15498706039350596,2.1555246850301626,0.0,-0.01152315534293491,-0.1320315993579273,0.5734300818453095,0.545382686330699,2.3956150681575643,0.0,0.579079600773025,0.5507109288515886,-0.1553187559394955,2.139100374882684,0.004156774068575747,-0.06062155068759978,-0.1325635177378276,0.5184580500854252,0.49349672490155894,2.2152218068079366,0.040912834913484096,0.5732668306060056,0.5452287075772491,-0.15564380729082594,2.1227500908193537,0.008294172319240208,-0.10778443233519819,-0.13309474468160065,0.4654823982708074,0.44342450668106403,2.033811091059463,0.08032351274623455,0.5820118838783126,0.5534761607400744,-0.15515298515362175,2.147312960910889,0.0020808434342157226,-0.03628295558069361,-0.13229764511086373,0.545728928297619,0.5192457977337226,2.3056673815698443,0.020648407347311888,EVALUATED,-0.06062155068759978,valid,2.0,0.0,10.0,0.5734300818453095,0.545382686330699,0.0,C26,-0.1325635177378276,deepseek,0.5184580500854252,0.49349672490155894,new,10.0,0.009019931018275647,0.06534590582140518,,-0.036895467030983564,2.0,10.0,deepseek/C26/train_2020/M1/run_02,2.2152218068079366,0.0,2021.0,64661.0,2020.0,0.140806699673296,0.0
M1,,,,,,,,,,,,,,,,,,,,,,,,,,,,,,,,,,,,,,,,,,,,,,MISSING,,not_started,,,,,,,C26,,glm,,,new,10.0,,,,,2.0,,glm/C26/train_2020/M1/run_02,,,2021.0,,2020.0,,0.0
M2,0.579079600773025,0.5849532371882444,0.5562497417808621,-0.15498706039350596,2.1555246850301626,0.0,-0.008537027063477254,-0.11193210269515663,0.5764162101247672,0.5481990941129677,2.5732439437246426,0.0,0.579079600773025,0.5507109288515886,-0.1553187559394955,2.139100374882684,0.004156774068575747,-0.0552994334842396,-0.11243959195467712,0.5237801672887854,0.4985232814115075,2.3886969070946926,0.03856199767443314,0.5732668306060056,0.5452287075772491,-0.15564380729082594,2.1227500908193537,0.008294172319240208,-0.10053700009452315,-0.11294728129461651,0.47272983051148243,0.4502789140720953,2.202120518018806,0.07576192629973831,0.5820118838783126,0.5534761607400744,-0.15515298515362175,2.147312960910889,0.0020808434342157226,-0.0321676553000827,-0.11218582252824683,0.5498442285782299,0.5231298775238173,2.4810599973426664,0.01945377599561528,EVALUATED,-0.0552994334842396,valid,2.0,0.0,10.0,0.5764162101247672,0.5481990941129677,0.0,C26,-0.11243959195467712,deepseek,0.5237801672887854,0.4985232814115075,new,10.0,0.029025243676506392,0.16557929143108596,,-0.03365401408419155,2.0,10.0,deepseek/C26/train_2020/M2/run_02,2.3886969070946926,0.0,2021.0,88412.0,2020.0,0.13394160886647047,0.0
M2,,,,,,,,,,,,,,,,,,,,,,,,,,,,,,,,,,,,,,,,,,,,,,MISSING,,not_started,,,,,,,C26,,glm,,,new,10.0,,,,,2.0,,glm/C26/train_2020/M2/run_02,,,2021.0,,2020.0,,0.0
M3,,,,,,,,,,,,,,,,,,,,,,,,,,,,,,,,,,,,,,,,,,,,,,MISSING,,failed,,0.0,5.0,,,0.0,C26,,deepseek,,,new,19.0,,,摘要格式不合规,,2.0,10.0,deepseek/C26/train_2020/M3/run_02,,5.0,2021.0,56367.0,2020.0,,0.0
M3,,,,,,,,,,,,,,,,,,,,,,,,,,,,,,,,,,,,,,,,,,,,,,MISSING,,not_started,,,,,,,C26,,glm,,,new,19.0,,,,,2.0,,glm/C26/train_2020/M3/run_02,,,2021.0,,2020.0,,0.0
M0,0.579079600773025,0.5849532371882444,0.5562497417808621,-0.15498706039350596,2.1555246850301626,0.0,-0.07113690696123265,-0.11071883317078324,0.5138163302270118,0.4891122095460285,2.2671458414544374,0.0,0.579079600773025,0.5507109288515886,-0.1553187559394955,2.139100374882684,0.004156774068575747,-0.15056809483008848,-0.11642066639217263,0.4285115059429365,0.40843744401736926,1.960454524765566,0.06386564267395506,0.5732668306060056,0.5452287075772491,-0.15564380729082594,2.1227500908193537,0.008294172319240208,-0.22503059991590657,-0.12208534192087739,0.348236230690099,0.33234454891412457,1.6535324539312901,0.12400359057011923,0.5820118838783126,0.5534761607400744,-0.15515298515362175,2.147312960910889,0.0020808434342157226,-0.11149884899878448,-0.11357442666144757,0.4705130348795281,0.44818247662608,2.1138864396039794,0.03241586286106126,EVALUATED,-0.15056809483008848,valid,3.0,0.0,10.0,0.5138163302270118,0.4891122095460285,0.0,C26,-0.11642066639217263,deepseek,0.4285115059429365,0.40843744401736926,new,10.0,0.018902576879587456,0.1708000350367905,,-0.09174726390790511,2.0,10.0,deepseek/C26/train_2020/M0/run_02,1.960454524765566,0.0,2021.0,40790.0,2020.0,0.2268794387837571,0.0
M0,,,,,,,,,,,,,,,,,,,,,,,,,,,,,,,,,,,,,,,,,,,,,,MISSING,,not_started,,,,,,,C26,,glm,,,new,10.0,,,,,2.0,,glm/C26/train_2020/M0/run_02,,,2021.0,,2020.0,,0.0
M2,,,,,,,,,,,,,,,,,,,,,,,,,,,,,,,,,,,,,,,,,,,,,,MISSING,,not_started,,,,,,,C35,,glm,,,new,10.0,,,,,2.0,,glm/C35/train_2020/M2/run_02,,,2021.0,,2020.0,,0.0
M2,0.3730153005184704,0.3780249210887643,0.36060166295795004,-0.11588780971188839,1.7998898266318517,0.0,-0.1513419810660146,-0.11260181451610718,0.2266829400227497,0.21677758686758142,1.2244943808394995,0.0,0.3730153005184704,0.3558513201819724,-0.11615898959679671,1.7803995232782253,0.0036629041814053805,-0.18629930337368972,-0.11668143399479991,0.1867159971447807,0.17868166269083674,1.0401983688435825,0.03342009849082761,0.3679345214349672,0.3510327991952864,-0.11649116988184638,1.760448797951041,0.00731284778282665,-0.21987976847340152,-0.12076005757254415,0.14805475296156567,0.14178184348741407,0.8556744831477131,0.06573152776537708,0.37549280855068456,0.35820068817897566,-0.11603891038725556,1.7900582787670216,0.0018334769665410702,-0.16895928484057343,-0.11464449618492223,0.20653352371011113,0.1975777074145837,1.1324012650011015,0.01685270461090075,EVALUATED,-0.18629930337368972,valid,2.0,0.0,10.0,0.2266829400227497,0.21677758686758142,0.0,C35,-0.11668143399479991,deepseek,0.1867159971447807,0.17868166269083674,new,10.0,0.043656879829691075,0.3521085036845481,,-0.13067041706855975,2.0,10.0,deepseek/C35/train_2020/M2/run_02,1.0401983688435825,0.0,2021.0,89030.0,2020.0,0.13136922412682028,0.0
M3,,,,,,,,,,,,,,,,,,,,,,,,,,,,,,,,,,,,,,,,,,,,,,MISSING,,not_started,,,,,,,C35,,glm,,,new,19.0,,,,,2.0,,glm/C35/train_2020/M3/run_02,,,2021.0,,2020.0,,0.0
M3,0.3730153005184704,0.3780249210887643,0.36060166295795004,-0.11588780971188839,1.7998898266318517,0.0,-0.14447708120159297,-0.11542540792371314,0.23354783988717132,0.22331611166807752,1.2171740514109657,0.0,0.3730153005184704,0.3558513201819724,-0.11615898959679671,1.7803995232782253,0.0036629041814053805,-0.18448680609418333,-0.12029401774153103,0.1885284944242871,0.18041039904402423,1.018426221134904,0.03689895515121434,0.3679345214349672,0.3510327991952864,-0.11649116988184638,1.760448797951041,0.00731284778282665,-0.22258049798017043,-0.1250899311726814,0.14535402345479675,0.1392023363542234,0.8200235612898598,0.07241452873589668,0.37549280855068456,0.35820068817897566,-0.11603891038725556,1.7900582787670216,0.0018334769665410702,-0.1647013463758582,-0.11787665489450994,0.21079146217482636,0.2016360447365746,1.1177330175154223,0.01862782841799407,EVALUATED,-0.18448680609418333,valid,2.0,0.0,10.0,0.23354783988717132,0.22331611166807752,0.0,C35,-0.12029401774153103,deepseek,0.1885284944242871,0.18041039904402423,new,19.0,0.03267058934006608,0.2799706122303216,,-0.12939539795145227,2.0,19.0,deepseek/C35/train_2020/M3/run_02,1.018426221134904,9.0,2021.0,115142.0,2020.0,0.14583177149290688,0.0
M0,,,,,,,,,,,,,,,,,,,,,,,,,,,,,,,,,,,,,,,,,,,,,,MISSING,,not_started,,,,,,,C35,,glm,,,new,10.0,,,,,2.0,,glm/C35/train_2020/M0/run_02,,,2021.0,,2020.0,,0.0
M0,0.3730153005184704,0.3780249210887643,0.36060166295795004,-0.11588780971188839,1.7998898266318517,0.0,0.17113679878028698,-0.14305184656198622,0.5491617198690513,0.5224857442931119,2.291979385523204,0.0,0.3730153005184704,0.3558513201819724,-0.11615898959679671,1.7803995232782253,0.0036629041814053805,0.11807127116977045,-0.1453107495885667,0.4910865716882409,0.46763420512287124,2.1002985833630374,0.042484295970698346,0.3679345214349672,0.3510327991952864,-0.11649116988184638,1.760448797951041,0.00731284778282665,0.06744805290341138,-0.1475408247769049,0.43538257433837857,0.41494250745758654,1.908258813022977,0.0832728088824133,0.37549280855068456,0.35820068817897566,-0.11603891038725556,1.7900582787670216,0.0018334769665410702,0.1443595397800883,-0.14418272442782443,0.5198523483307729,0.494813659089967,2.196302953301642,0.02146018947307255,EVALUATED,0.11807127116977045,valid,2.0,0.0,10.0,0.5491617198690513,0.5224857442931119,0.0,C35,-0.1453107495885667,deepseek,0.4910865716882409,0.46763420512287124,new,10.0,0.058549354697471676,0.4774774697274953,,0.08244479558857254,2.0,10.0,deepseek/C35/train_2020/M0/run_02,2.1002985833630374,0.0,2021.0,40429.0,2020.0,0.1503476893720041,0.0
M1,,,,,,,,,,,,,,,,,,,,,,,,,,,,,,,,,,,,,,,,,,,,,,MISSING,,not_started,,,,,,,C35,,glm,,,new,10.0,,,,,2.0,,glm/C35/train_2020/M1/run_02,,,2021.0,,2020.0,,0.0
M1,0.3730153005184704,0.3780249210887643,0.36060166295795004,-0.11588780971188839,1.7998898266318517,0.0,-0.056030665410022884,-0.12845530821181272,0.3219942556787414,0.3074312792852041,1.5768503014259918,0.0,0.3730153005184704,0.3558513201819724,-0.11615898959679671,1.7803995232782253,0.0036629041814053805,-0.10334869195700525,-0.1316051849044858,0.2696666085614652,0.25769411134088527,1.3624464541539623,0.04214268926970551,0.3679345214349672,0.3510327991952864,-0.11649116988184638,1.760448797951041,0.00731284778282665,-0.14888351452883564,-0.13473230358069754,0.21905100690613155,0.20950679051308851,1.1457407132871378,0.08255203136692524,0.37549280855068456,0.35820068817897566,-0.11603891038725556,1.7900582787670216,0.0018334769665410702,-0.07992055682836696,-0.1300362285048844,0.2955722517223176,0.28232725915848245,1.469803228199878,0.021290409327431512,EVALUATED,-0.10334869195700525,valid,2.0,0.0,10.0,0.3219942556787414,0.3074312792852041,0.0,C35,-0.1316051849044858,deepseek,0.2696666085614652,0.25769411134088527,new,10.0,0.033399983700443454,0.30803997115363196,,-0.0723952599964377,2.0,10.0,deepseek/C35/train_2020/M1/run_02,1.3624464541539623,0.0,2021.0,64537.0,2020.0,0.16356990441995442,0.0
M3,,,,,,,,,,,,,,,,,,,,,,,,,,,,,,,,,,,,,,,,,,,,,,NO_ELIGIBLE_PORTFOLIO,,empty,0.0,0.0,10.0,,,0.0,C39,,deepseek,,,new,19.0,,,原始记录保留,,2.0,19.0,deepseek/C39/train_2020/M3/run_02,,9.0,2021.0,112577.0,2020.0,,0.0
M3,,,,,,,,,,,,,,,,,,,,,,,,,,,,,,,,,,,,,,,,,,,,,,MISSING,,not_started,,,,,,,C39,,glm,,,new,19.0,,,,,2.0,,glm/C39/train_2020/M3/run_02,,,2021.0,,2020.0,,0.0
M0,,,,,,,,,,,,,,,,,,,,,,,,,,,,,,,,,,,,,,,,,,,,,,NO_ELIGIBLE_PORTFOLIO,,empty,0.0,0.0,10.0,,,0.0,C39,,deepseek,,,new,10.0,,,原始记录保留,,2.0,10.0,deepseek/C39/train_2020/M0/run_02,,0.0,2021.0,39935.0,2020.0,,0.0
M0,,,,,,,,,,,,,,,,,,,,,,,,,,,,,,,,,,,,,,,,,,,,,,MISSING,,not_started,,,,,,,C39,,glm,,,new,10.0,,,,,2.0,,glm/C39/train_2020/M0/run_02,,,2021.0,,2020.0,,0.0
M1,,,,,,,,,,,,,,,,,,,,,,,,,,,,,,,,,,,,,,,,,,,,,,NO_ELIGIBLE_PORTFOLIO,,empty,0.0,0.0,10.0,,,0.0,C39,,deepseek,,,new,10.0,,,原始记录保留,,2.0,10.0,deepseek/C39/train_2020/M1/run_02,,0.0,2021.0,63345.0,2020.0,,0.0
M1,,,,,,,,,,,,,,,,,,,,,,,,,,,,,,,,,,,,,,,,,,,,,,MISSING,,not_started,,,,,,,C39,,glm,,,new,10.0,,,,,2.0,,glm/C39/train_2020/M1/run_02,,,2021.0,,2020.0,,0.0
M2,,,,,,,,,,,,,,,,,,,,,,,,,,,,,,,,,,,,,,,,,,,,,,NO_ELIGIBLE_PORTFOLIO,,empty,0.0,0.0,10.0,,,0.0,C39,,deepseek,,,new,10.0,,,原始记录保留,,2.0,10.0,deepseek/C39/train_2020/M2/run_02,,0.0,2021.0,86848.0,2020.0,,0.0
M2,,,,,,,,,,,,,,,,,,,,,,,,,,,,,,,,,,,,,,,,,,,,,,MISSING,,not_started,,,,,,,C39,,glm,,,new,10.0,,,,,2.0,,glm/C39/train_2020/M2/run_02,,,2021.0,,2020.0,,0.0
M1,-0.11464820418635624,-0.11176627596974331,-0.10715908418824571,-0.2822761690388922,-0.3811176830393837,0.0,0.16298907442380983,-0.25190888852724536,0.05122279845406652,0.04893306849995227,0.33589117741689256,0.0,-0.11464820418635624,-0.10992970616476061,-0.28346699806280573,-0.39477293456890383,0.0028640152380901974,0.14431674805409356,-0.25573846919245447,0.029668543867737318,0.02835530256455643,0.24327670079298747,0.01909708729295393,-0.11752376430138756,-0.11269459838712137,-0.2846568871980555,-0.40842744961851496,0.005720253299447505,0.1261973542726187,-0.2594944555681291,0.008673589971231133,0.00829341532488792,0.1510477013916781,0.03780211794886183,-0.11320813131543273,-0.10854520286308311,-0.282871733992231,-0.3879459964106933,0.001432985916833384,0.15356821065320325,-0.2538341547729557,0.04036007933777053,0.038564797325223665,0.2894749996387776,0.009598214787975482,EVALUATED,0.14431674805409356,valid,1.0,0.0,10.0,0.05122279845406652,0.04893306849995227,0.0,ALL,-0.25573846919245447,deepseek,0.029668543867737318,0.02835530256455643,new,10.0,0.08327751366174671,1.0571461181151014,,0.15536414335710313,2.0,10.0,deepseek/ALL/train_2021/M1/run_02,0.24327670079298747,0.0,2022.0,62502.0,2021.0,0.082243046365873,0.0
M1,,,,,,,,,,,,,,,,,,,,,,,,,,,,,,,,,,,,,,,,,,,,,,MISSING,,not_started,,,,,,,ALL,,glm,,,new,10.0,,,,,2.0,,glm/ALL/train_2021/M1/run_02,,,2022.0,,2021.0,,0.0
M2,-0.11464820418635624,-0.11176627596974331,-0.10715908418824571,-0.2822761690388922,-0.3811176830393837,0.0,0.08841724299507858,-0.22860478893559644,-0.02334903297466473,-0.02234130202784923,-0.008510854255165876,0.0,-0.11464820418635624,-0.10992970616476061,-0.28346699806280573,-0.39477293456890383,0.0028640152380901974,0.05462699002879112,-0.23583689462674395,-0.06002121415756512,-0.05747805547225959,-0.1929585719266409,0.03389408510172636,-0.11752376430138756,-0.11269459838712137,-0.2846568871980555,-0.40842744961851496,0.005720253299447505,0.02255761721995897,-0.24286525955395,-0.09496614708142859,-0.09101558064856152,-0.3759631065497213,0.06655091655702254,-0.11320813131543273,-0.10854520286308311,-0.282871733992231,-0.3879459964106933,0.001432985916833384,0.07134719190473993,-0.23222225974762734,-0.0418609394106928,-0.040070796552280186,-0.10066865915597212,0.017106675932852804,EVALUATED,0.05462699002879112,valid,2.0,0.0,10.0,-0.02334903297466473,-0.02234130202784923,0.0,ALL,-0.23583689462674395,deepseek,-0.06002121415756512,-0.05747805547225959,new,10.0,0.0731965976952855,0.5447088287731285,,0.05892978459767617,2.0,10.0,deepseek/ALL/train_2021/M2/run_02,-0.1929585719266409,0.0,2022.0,87452.0,2021.0,0.1521408519836968,0.0
M2,,,,,,,,,,,,,,,,,,,,,,,,,,,,,,,,,,,,,,,,,,,,,,MISSING,,not_started,,,,,,,ALL,,glm,,,new,10.0,,,,,2.0,,glm/ALL/train_2021/M2/run_02,,,2022.0,,2021.0,,0.0
M3,,,,,,,,,,,,,,,,,,,,,,,,,,,,,,,,,,,,,,,,,,,,,,MISSING,,failed,,0.0,7.0,,,0.0,ALL,,deepseek,,,new,19.0,,,摘要格式不合规,,2.0,14.0,deepseek/ALL/train_2021/M3/run_02,,7.0,2022.0,82602.0,2021.0,,0.0
M3,,,,,,,,,,,,,,,,,,,,,,,,,,,,,,,,,,,,,,,,,,,,,,MISSING,,not_started,,,,,,,ALL,,glm,,,new,19.0,,,,,2.0,,glm/ALL/train_2021/M3/run_02,,,2022.0,,2021.0,,0.0
M0,-0.11464820418635624,-0.11176627596974331,-0.10715908418824571,-0.2822761690388922,-0.3811176830393837,0.0,0.07641431446819702,-0.22088558981107898,-0.03535196150154629,-0.03383523295237034,-0.069476995861162,0.0,-0.11464820418635624,-0.10992970616476061,-0.28346699806280573,-0.39477293456890383,0.0028640152380901974,0.05876610016755868,-0.22524446946324983,-0.05588210401879756,-0.053509291913000245,-0.17386714110997664,0.019137859477871128,-0.11752376430138756,-0.11269459838712137,-0.2846568871980555,-0.40842744961851496,0.005720253299447505,0.041626335349032595,-0.2295650128094694,-0.07589742895235496,-0.07270798519356014,-0.27803484371849096,0.03787512671118591,-0.11320813131543273,-0.10854520286308311,-0.282871733992231,-0.3879459964106933,0.001432985916833384,0.06751854001321911,-0.22307554021630693,-0.04568959130221362,-0.0437394861544923,-0.12173087376142634,0.009620312427513333,EVALUATED,0.05876610016755868,valid,1.0,0.0,10.0,-0.03535196150154629,-0.03383523295237034,0.0,ALL,-0.22524446946324983,deepseek,-0.05588210401879756,-0.053509291913000245,new,10.0,0.08759583270942742,0.5513944888381694,,0.06338871732102125,2.0,10.0,deepseek/ALL/train_2021/M0/run_02,-0.17386714110997664,0.0,2022.0,39757.0,2021.0,0.08537532884790536,0.0
M0,,,,,,,,,,,,,,,,,,,,,,,,,,,,,,,,,,,,,,,,,,,,,,MISSING,,not_started,,,,,,,ALL,,glm,,,new,10.0,,,,,2.0,,glm/ALL/train_2021/M0/run_02,,,2022.0,,2021.0,,0.0
M2,,,,,,,,,,,,,,,,,,,,,,,,,,,,,,,,,,,,,,,,,,,,,,MISSING,,not_started,,,,,,,C26,,glm,,,new,10.0,,,,,2.0,,glm/C26/train_2021/M2/run_02,,,2022.0,,2021.0,,0.0
M2,,,,,,,,,,,,,,,,,,,,,,,,,,,,,,,,,,,,,,,,,,,,,,NO_ELIGIBLE_PORTFOLIO,,empty,0.0,0.0,10.0,,,0.0,C26,,deepseek,,,new,10.0,,,原始记录保留,,2.0,10.0,deepseek/C26/train_2021/M2/run_02,,0.0,2022.0,85757.0,2021.0,,0.0
M3,,,,,,,,,,,,,,,,,,,,,,,,,,,,,,,,,,,,,,,,,,,,,,MISSING,,not_started,,,,,,,C26,,glm,,,new,19.0,,,,,2.0,,glm/C26/train_2021/M3/run_02,,,2022.0,,2021.0,,0.0
M3,,,,,,,,,,,,,,,,,,,,,,,,,,,,,,,,,,,,,,,,,,,,,,MISSING,,failed,,0.0,6.0,,,0.0,C26,,deepseek,,,new,19.0,,,摘要格式不合规,,2.0,12.0,deepseek/C26/train_2021/M3/run_02,,6.0,2022.0,67955.0,2021.0,,0.0
M0,,,,,,,,,,,,,,,,,,,,,,,,,,,,,,,,,,,,,,,,,,,,,,MISSING,,not_started,,,,,,,C26,,glm,,,new,10.0,,,,,2.0,,glm/C26/train_2021/M0/run_02,,,2022.0,,2021.0,,0.0
M0,,,,,,,,,,,,,,,,,,,,,,,,,,,,,,,,,,,,,,,,,,,,,,NO_ELIGIBLE_PORTFOLIO,,empty,0.0,0.0,10.0,,,0.0,C26,,deepseek,,,new,10.0,,,原始记录保留,,2.0,10.0,deepseek/C26/train_2021/M0/run_02,,0.0,2022.0,39974.0,2021.0,,0.0
M1,,,,,,,,,,,,,,,,,,,,,,,,,,,,,,,,,,,,,,,,,,,,,,MISSING,,not_started,,,,,,,C26,,glm,,,new,10.0,,,,,2.0,,glm/C26/train_2021/M1/run_02,,,2022.0,,2021.0,,0.0
M1,-0.11766631440078767,-0.11495769701553449,-0.11022726910463865,-0.26751179902233735,-0.33975387379420574,0.0,-0.10292400469407437,-0.2686198180795559,-0.21788170170960885,-0.20944663956048581,-0.8702981866935663,0.0,-0.11766631440078767,-0.11283167256940962,-0.26794137567757226,-0.3514542435311491,0.0027737179189851334,-0.1451005899620662,-0.28042965480478144,-0.2627669043628539,-0.25289098348772565,-1.1103035325532793,0.04866276137848104,-0.12038170093900724,-0.11544293507042724,-0.26891728257227654,-0.36321026312293925,0.0055401017879997735,-0.18461602111397368,-0.305197900378563,-0.3049977220529809,-0.29387163947368,-1.3487198711626127,0.09471489676224039,-0.11631256814638125,-0.11152996807832471,-0.2677266246192034,-0.34560361832812453,0.001387743602393052,-0.12435315173963946,-0.27454817633464024,-0.2406657198860207,-0.23148526165284666,-0.990431636401903,0.02466846553139384,EVALUATED,-0.1451005899620662,valid,1.0,0.0,10.0,-0.21788170170960885,-0.20944663956048581,0.0,C26,-0.28042965480478144,deepseek,-0.2627669043628539,-0.25289098348772565,new,10.0,0.02026225685908875,0.22510746398870174,,-0.15787230741651326,2.0,10.0,deepseek/C26/train_2021/M1/run_02,-1.1103035325532793,0.0,2022.0,63640.0,2021.0,0.23405965400566994,0.0
M3,,,,,,,,,,,,,,,,,,,,,,,,,,,,,,,,,,,,,,,,,,,,,,NO_ELIGIBLE_PORTFOLIO,,empty,0.0,0.0,10.0,,,0.0,C35,,deepseek,,,new,19.0,,,原始记录保留,,2.0,19.0,deepseek/C35/train_2021/M3/run_02,,9.0,2022.0,112530.0,2021.0,,0.0
M3,,,,,,,,,,,,,,,,,,,,,,,,,,,,,,,,,,,,,,,,,,,,,,MISSING,,not_started,,,,,,,C35,,glm,,,new,19.0,,,,,2.0,,glm/C35/train_2021/M3/run_02,,,2022.0,,2021.0,,0.0
M0,-0.138611237407544,-0.13575125096726626,-0.13022979158701387,-0.34920052274646796,-0.39650343611250105,0.0,0.030330792180667032,-0.35175583836035296,-0.10542045878659922,-0.1010597373772888,-0.305427549723104,0.0,-0.138611237407544,-0.13298261051791527,-0.35027486734325497,-0.4085363878418405,0.0028577600980022374,0.00901300809915384,-0.3559060964550126,-0.12959822930839016,-0.12430867800422818,-0.41363572336841964,0.02314876625998531,-0.14141976696298575,-0.13568628900501767,-0.3513203651766531,-0.42038147938336606,0.005708844134412736,-0.011746871098609724,-0.3600813373169548,-0.15316663806159547,-0.1469988128677835,-0.522339757615221,0.04567599546475839,-0.13717267271535105,-0.13159790097890212,-0.349730721462264,-0.402481282177197,0.0014300310970668496,0.019614615088218157,-0.3538209394694034,-0.1175580576271329,-0.11272757428133451,-0.3593355258903533,0.011653162878390967,EVALUATED,0.00901300809915384,valid,1.0,0.0,10.0,-0.10542045878659922,-0.1010597373772888,0.0,C35,-0.3559060964550126,deepseek,-0.12959822930839016,-0.12430867800422818,new,10.0,0.03376371715608117,0.31920647772283994,,0.010004335113588114,2.0,10.0,deepseek/C35/train_2021/M0/run_02,-0.41363572336841964,0.0,2022.0,40147.0,2021.0,0.10979039677694961,0.0
M0,,,,,,,,,,,,,,,,,,,,,,,,,,,,,,,,,,,,,,,,,,,,,,MISSING,,not_started,,,,,,,C35,,glm,,,new,10.0,,,,,2.0,,glm/C35/train_2021/M0/run_02,,,2022.0,,2021.0,,0.0
M1,,,,,,,,,,,,,,,,,,,,,,,,,,,,,,,,,,,,,,,,,,,,,,NO_ELIGIBLE_PORTFOLIO,,empty,0.0,0.0,10.0,,,0.0,C35,,deepseek,,,new,10.0,,,原始记录保留,,2.0,10.0,deepseek/C35/train_2021/M1/run_02,,0.0,2022.0,62904.0,2021.0,,0.0
M1,,,,,,,,,,,,,,,,,,,,,,,,,,,,,,,,,,,,,,,,,,,,,,MISSING,,not_started,,,,,,,C35,,glm,,,new,10.0,,,,,2.0,,glm/C35/train_2021/M1/run_02,,,2022.0,,2021.0,,0.0
M2,,,,,,,,,,,,,,,,,,,,,,,,,,,,,,,,,,,,,,,,,,,,,,NO_ELIGIBLE_PORTFOLIO,,empty,0.0,0.0,10.0,,,0.0,C35,,deepseek,,,new,10.0,,,原始记录保留,,2.0,10.0,deepseek/C35/train_2021/M2/run_02,,0.0,2022.0,87497.0,2021.0,,0.0
M2,,,,,,,,,,,,,,,,,,,,,,,,,,,,,,,,,,,,,,,,,,,,,,MISSING,,not_started,,,,,,,C35,,glm,,,new,10.0,,,,,2.0,,glm/C35/train_2021/M2/run_02,,,2022.0,,2021.0,,0.0
M0,,,,,,,,,,,,,,,,,,,,,,,,,,,,,,,,,,,,,,,,,,,,,,MISSING,,not_started,,,,,,,C39,,glm,,,new,10.0,,,,,2.0,,glm/C39/train_2021/M0/run_02,,,2022.0,,2021.0,,0.0
M0,-0.22851419728322797,-0.22618130055523067,-0.21747142245997342,-0.3806510662212442,-0.7538658434512483,0.0,0.1419095804747187,-0.34222984327531814,-0.08427172008051198,-0.08074596772159826,-0.1707311835254182,0.0,-0.22851419728322797,-0.2197277472104613,-0.381636847298333,-0.7642889661717285,0.002499654324393563,0.10099655226226967,-0.35197409516988354,-0.1275176450209583,-0.12230692514755326,-0.3434671066602565,0.040725797139343586,-0.2308410753900243,-0.22197854757998103,-0.38262209831281424,-0.7746978306638567,0.004992701977316957,0.06213459163853674,-0.3615987245616177,-0.16870648375148756,-0.16197460847454548,-0.516364424891487,0.07957357054504109,-0.22734788220242097,-0.21859967657174018,-0.3811437059202767,-0.7590766429293727,0.0012506518813339231,0.12118023063907124,-0.34712356831503766,-0.10616765156334973,-0.1017778109713352,-0.25709553465750296,0.02060409035567359,EVALUATED,0.10099655226226967,valid,4.0,0.0,10.0,-0.08427172008051198,-0.08074596772159826,0.0,C39,-0.35197409516988354,deepseek,-0.1275176450209583,-0.12230692514755326,new,10.0,0.08428150282186536,0.8276495832350862,,0.1248549102119425,2.0,10.0,deepseek/C39/train_2021/M0/run_02,-0.3434671066602565,0.0,2022.0,41038.0,2021.0,0.19275408269977135,0.0
M1,,,,,,,,,,,,,,,,,,,,,,,,,,,,,,,,,,,,,,,,,,,,,,MISSING,,not_started,,,,,,,C39,,glm,,,new,10.0,,,,,2.0,,glm/C39/train_2021/M1/run_02,,,2022.0,,2021.0,,0.0
M1,-0.22851419728322797,-0.22618130055523067,-0.21747142245997342,-0.3806510662212442,-0.7538658434512483,0.0,0.14340257438982296,-0.34474547141467093,-0.08277872616540771,-0.07931269771992444,-0.18022517809293023,0.0,-0.22851419728322797,-0.2197277472104613,-0.381636847298333,-0.7642889661717285,0.002499654324393563,0.1186195930691849,-0.35054333968128826,-0.10989460421404307,-0.10535991064809536,-0.2909767232829941,0.025305967452575084,-0.2308410753900243,-0.22197854757998103,-0.38262209831281424,-0.7746978306638567,0.004992701977316957,0.0946127563284852,-0.35627116248980073,-0.1362283190615391,-0.13068895563492222,-0.40193640578328516,0.04987998124925327,-0.22734788220242097,-0.21859967657174018,-0.3811437059202767,-0.7590766429293727,0.0012506518813339231,0.13090549578068966,-0.3476546043155979,-0.09644238642173131,-0.09243359413318386,-0.23559723342939437,0.012746160989210574,EVALUATED,0.1186195930691849,valid,4.0,0.0,10.0,-0.08277872616540771,-0.07931269771992444,0.0,C39,-0.35054333968128826,deepseek,-0.10989460421404307,-0.10535991064809536,new,10.0,0.06869545134428247,0.6841298902068195,,0.14657427090799557,2.0,10.0,deepseek/C39/train_2021/M1/run_02,-0.2909767232829941,0.0,2022.0,63127.0,2021.0,0.11896412904036485,0.0
M2,,,,,,,,,,,,,,,,,,,,,,,,,,,,,,,,,,,,,,,,,,,,,,MISSING,,not_started,,,,,,,C39,,glm,,,new,10.0,,,,,2.0,,glm/C39/train_2021/M2/run_02,,,2022.0,,2021.0,,0.0
M2,-0.22851419728322797,-0.22618130055523067,-0.21747142245997342,-0.3806510662212442,-0.7538658434512483,0.0,0.1520583774823714,-0.3499129075001344,-0.07412292307285928,-0.07100515204349156,-0.13583475555775068,0.0,-0.22851419728322797,-0.2197277472104613,-0.381636847298333,-0.7642889661717285,0.002499654324393563,0.11768998563285638,-0.3575139559789986,-0.1108242116503716,-0.10625348956871727,-0.281422960107405,0.034290202122632014,-0.2308410753900243,-0.22197854757998103,-0.38262209831281424,-0.7746978306638567,0.004992701977316957,0.084697472501705,-0.36504917581388396,-0.1461436028883193,-0.14023464104084793,-0.42747640066938897,0.06722548880691609,-0.22734788220242097,-0.21859967657174018,-0.3811437059202767,-0.7590766429293727,0.0012506518813339231,0.13471652466917894,-0.3537153600051811,-0.09263135753324203,-0.08877308594753175,-0.2084931867815827,0.017317605956325744,EVALUATED,0.11768998563285638,valid,4.0,0.0,10.0,-0.07412292307285928,-0.07100515204349156,0.0,C39,-0.3575139559789986,deepseek,-0.1108242116503716,-0.10625348956871727,new,10.0,0.07941579093455507,0.6713987093558077,,0.14542905663512196,2.0,10.0,deepseek/C39/train_2021/M2/run_02,-0.281422960107405,0.0,2022.0,87463.0,2021.0,0.160041768818227,0.0
M3,,,,,,,,,,,,,,,,,,,,,,,,,,,,,,,,,,,,,,,,,,,,,,MISSING,,not_started,,,,,,,C39,,glm,,,new,19.0,,,,,2.0,,glm/C39/train_2021/M3/run_02,,,2022.0,,2021.0,,0.0
M3,-0.22851419728322797,-0.22618130055523067,-0.21747142245997342,-0.3806510662212442,-0.7538658434512483,0.0,0.1046462141545732,-0.36775590502971967,-0.12153508640065747,-0.11655219930076399,-0.317861950167666,0.0,-0.22851419728322797,-0.2197277472104613,-0.381636847298333,-0.7642889661717285,0.002499654324393563,0.07163171900772591,-0.3757150496370414,-0.15688247827550206,-0.15057867962002125,-0.46475227416765946,0.03334165467915199,-0.2308410753900243,-0.22197854757998103,-0.38262209831281424,-0.7746978306638567,0.004992701977316957,0.040130948675963896,-0.38354948973086067,-0.1907101267140604,-0.18320055352946296,-0.6114372086378156,0.06538222916925336,-0.22734788220242097,-0.21859967657174018,-0.3811437059202767,-0.7590766429293727,0.0012506518813339231,0.08796343341269519,-0.37175514784550057,-0.13938444878972578,-0.13372691709642825,-0.3912424151812657,0.01683708895064213,EVALUATED,0.07163171900772591,valid,5.0,0.0,10.0,-0.12153508640065747,-0.11655219930076399,0.0,C39,-0.3757150496370414,deepseek,-0.15688247827550206,-0.15057867962002125,new,19.0,0.06678824432274338,0.6928986059809259,,0.088621718051906,2.0,19.0,deepseek/C39/train_2021/M3/run_02,-0.46475227416765946,9.0,2022.0,113531.0,2021.0,0.16140186980308138,0.0
M2,,,,,,,,,,,,,,,,,,,,,,,,,,,,,,,,,,,,,,,,,,,,,,MISSING,,not_started,,,,,,,ALL,,glm,,,new,10.0,,,,,2.0,,glm/ALL/train_2022/M2/run_02,,,2023.0,,2022.0,,0.0
M2,0.050624110589281734,0.05353507337814989,0.051139488286024326,-0.12300973642724655,0.4324596059318199,0.0,0.05286819884686378,-0.10001228143701102,0.10640327222501367,0.10153067198690291,0.8123627250263642,0.0,0.050624110589281734,0.04836175384776076,-0.12403629291837481,0.4133631939671683,0.002746332183323716,0.010336546105463196,-0.11136717816265629,0.06096065669474493,0.05822370405841237,0.5023264559511654,0.04272929972840407,0.047725044737938704,0.04559503793972253,-0.12506116913232435,0.3942761522561154,0.005485920203859838,-0.03013083905087921,-0.13555483529215995,0.017594205687059494,0.016819782569812425,0.19557479778918602,0.08376393409775268,0.05207909382451237,0.04975018764276773,-0.12352267466982247,0.4229169197553024,0.0013740166087745126,0.031379612692578274,-0.10411603584309448,0.08345870651709064,0.07967433174277971,0.6573280323456889,0.02158297469806348,EVALUATED,0.010336546105463196,valid,4.0,0.0,10.0,0.10640327222501367,0.10153067198690291,0.0,ALL,-0.11136717816265629,deepseek,0.06096065669474493,0.05822370405841237,new,10.0,0.07485547111091512,0.5879018075687968,,0.009407010675900551,2.0,10.0,deepseek/ALL/train_2022/M2/run_02,0.5023264559511654,0.0,2023.0,90577.0,2022.0,0.1665855311926477,0.0
M3,,,,,,,,,,,,,,,,,,,,,,,,,,,,,,,,,,,,,,,,,,,,,,MISSING,,not_started,,,,,,,ALL,,glm,,,new,19.0,,,,,2.0,,glm/ALL/train_2022/M3/run_02,,,2023.0,,2022.0,,0.0
M3,0.050624110589281734,0.05353507337814989,0.051139488286024326,-0.12300973642724655,0.4324596059318199,0.0,0.05823018490916221,-0.0890059294268023,0.1117652582873121,0.10663548059314376,0.8607996025986269,0.0,0.050624110589281734,0.04836175384776076,-0.12403629291837481,0.4133631939671683,0.002746332183323716,0.03141079721648388,-0.09532331077494804,0.08203490780576561,0.0783174000950384,0.6569929455446183,0.027794844475940463,0.047725044737938704,0.04559503793972253,-0.12506116913232435,0.3942761522561154,0.005485920203859838,0.005384591982726006,-0.10973178673554151,0.05310963672066471,0.05073354385198914,0.45350025779016473,0.05484825502648985,0.05207909382451237,0.04975018764276773,-0.12352267466982247,0.4229169197553024,0.0013740166087745126,0.04472081499734393,-0.09060658434790991,0.0967999088218563,0.09238521265809663,0.7589038222361479,0.013991127048448463,EVALUATED,0.03141079721648388,valid,9.0,0.0,10.0,0.1117652582873121,0.10663548059314376,0.0,ALL,-0.09532331077494804,deepseek,0.08203490780576561,0.0783174000950384,new,19.0,0.07930627009560294,0.6542357768171504,,0.028573768679878597,2.0,19.0,deepseek/ALL/train_2022/M3/run_02,0.6569929455446183,9.0,2023.0,117571.0,2022.0,0.10767020795497391,0.0
M0,,,,,,,,,,,,,,,,,,,,,,,,,,,,,,,,,,,,,,,,,,,,,,MISSING,,not_started,,,,,,,ALL,,glm,,,new,10.0,,,,,2.0,,glm/ALL/train_2022/M0/run_02,,,2023.0,,2022.0,,0.0
M0,0.050624110589281734,0.05353507337814989,0.051139488286024326,-0.12300973642724655,0.4324596059318199,0.0,0.035227882298487945,-0.10003144016801468,0.08876295567663783,0.0847287887032735,0.7073001498354726,0.0,0.050624110589281734,0.04836175384776076,-0.12403629291837481,0.4133631939671683,0.002746332183323716,-0.003531667625590762,-0.11034808493664827,0.04709244296369097,0.04499127170756645,0.4122640963388241,0.03880047280677556,0.047725044737938704,0.04559503793972253,-0.12506116913232435,0.3942761522561154,0.005485920203859838,-0.040127050727049696,-0.13215565704367405,0.007597994010889009,0.007265133743993291,0.12315797769433796,0.07617166191409501,0.05207909382451237,0.04975018764276773,-0.12352267466982247,0.4229169197553024,0.0013740166087745126,0.015580445130450427,-0.10371617308200065,0.0676595389549628,0.06461276942581518,0.5591990030469888,0.01958684016082025,EVALUATED,-0.003531667625590762,valid,4.0,0.0,10.0,0.08876295567663783,0.0847287887032735,0.0,ALL,-0.11034808493664827,deepseek,0.04709244296369097,0.04499127170756645,new,10.0,0.06657678512969722,0.6260752195401533,,-0.003214999143018815,2.0,10.0,deepseek/ALL/train_2022/M0/run_02,0.4122640963388241,0.0,2023.0,41000.0,2022.0,0.1524754401296277,0.0
M1,,,,,,,,,,,,,,,,,,,,,,,,,,,,,,,,,,,,,,,,,,,,,,MISSING,,not_started,,,,,,,ALL,,glm,,,new,10.0,,,,,2.0,,glm/ALL/train_2022/M1/run_02,,,2023.0,,2022.0,,0.0
M1,0.050624110589281734,0.05353507337814989,0.051139488286024326,-0.12300973642724655,0.4324596059318199,0.0,0.09919218142337738,-0.09574273780767717,0.15272725480152727,0.14559774007232007,1.1015284210118041,0.0,0.050624110589281734,0.04836175384776076,-0.12403629291837481,0.4133631939671683,0.002746332183323716,0.056481859323713524,-0.10415027979551528,0.10710596991299526,0.1021997274952744,0.8063381565228805,0.04180972345510626,0.047725044737938704,0.04559503793972253,-0.12506116913232435,0.3942761522561154,0.005485920203859838,0.015904048153408734,-0.1126540496063353,0.06362909289134744,0.06076893803040573,0.5143695600350784,0.08200779909928178,0.05207909382451237,0.04975018764276773,-0.12352267466982247,0.4229169197553024,0.0013740166087745126,0.07762129288345498,-0.09993591100753973,0.12970038670796735,0.12370260672353006,0.9539880794200851,0.02111187878271617,EVALUATED,0.056481859323713524,valid,9.0,0.0,10.0,0.15272725480152727,0.14559774007232007,0.0,ALL,-0.10415027979551528,deepseek,0.10710596991299526,0.1021997274952744,new,10.0,0.08205783483671526,0.7033131798639435,,0.05135438549709992,2.0,10.0,deepseek/ALL/train_2022/M1/run_02,0.8063381565228805,0.0,2023.0,66223.0,2022.0,0.15898706272939764,0.0
M3,,,,,,,,,,,,,,,,,,,,,,,,,,,,,,,,,,,,,,,,,,,,,,MISSING,,failed,,0.0,5.0,,,0.0,C26,,deepseek,,,new,19.0,,,摘要格式不合规,,2.0,10.0,deepseek/C26/train_2022/M3/run_02,,5.0,2023.0,56222.0,2022.0,,0.0
M3,,,,,,,,,,,,,,,,,,,,,,,,,,,,,,,,,,,,,,,,,,,,,,MISSING,,not_started,,,,,,,C26,,glm,,,new,19.0,,,,,2.0,,glm/C26/train_2022/M3/run_02,,,2023.0,,2022.0,,0.0
M0,-0.06703718199431896,-0.0647915665624812,-0.06205302883366581,-0.2214382526808708,-0.3737976725308925,0.0,0.03984165193340061,-0.1942056642703267,-0.024949914629080583,-0.023873938510202586,-0.0869784436733188,0.0,-0.06703718199431896,-0.06420702306163584,-0.22214665817577695,-0.38989724770528716,0.002225770295068979,0.001028605879424882,-0.21654284258937406,-0.06600857611489408,-0.06322035628815159,-0.3643901296812119,0.04125961859723059,-0.06930328098693894,-0.06638089455225804,-0.22285527543844807,-0.4061593812223955,0.004445996145572619,-0.03606661861816007,-0.23828247904302113,-0.10536989960509902,-0.10101114950610945,-0.6395370514763009,0.08089089656600691,-0.06591458780513326,-0.06313020250747114,-0.22179243711441854,-0.38184725504411426,0.0011135524015252406,0.020231333294685072,-0.20544066970611974,-0.04568325451044819,-0.043733413585785974,-0.2258196394194234,0.02083827269181495,EVALUATED,0.001028605879424882,valid,5.0,0.0,10.0,-0.024949914629080583,-0.023873938510202586,0.0,C26,-0.21654284258937406,deepseek,-0.06600857611489408,-0.06322035628815159,new,10.0,0.06308710334390003,0.6034743899131836,,0.0010543643709661765,2.0,10.0,deepseek/C26/train_2022/M0/run_02,-0.3643901296812119,0.0,2023.0,40595.0,2022.0,0.1709611011000527,0.0
M0,,,,,,,,,,,,,,,,,,,,,,,,,,,,,,,,,,,,,,,,,,,,,,MISSING,,not_started,,,,,,,C26,,glm,,,new,10.0,,,,,2.0,,glm/C26/train_2022/M0/run_02,,,2023.0,,2022.0,,0.0
M1,-0.06703718199431896,-0.0647915665624812,-0.06205302883366581,-0.2214382526808708,-0.3737976725308925,0.0,0.0564228855929535,-0.1886552822094556,-0.008368680969527698,-0.008004847493388145,0.014187933130645964,0.0,-0.06703718199431896,-0.06420702306163584,-0.22214665817577695,-0.38989724770528716,0.002225770295068979,0.019650249455631097,-0.20942746672574986,-0.047386932538687865,-0.04536611734473883,-0.261726358997828,0.03770564589565325,-0.06930328098693894,-0.06638089455225804,-0.22285527543844807,-0.4061593812223955,0.004445996145572619,-0.015504947316574036,-0.22962419756461216,-0.08480822830351298,-0.08126103902707116,-0.5350149165622579,0.07400212636718954,-0.06591458780513326,-0.06313020250747114,-0.22179243711441854,-0.38184725504411426,0.0011135524015252406,0.03786970687962388,-0.1990924242397224,-0.028044880925509386,-0.026837278816888466,-0.12378015421563109,0.0190337652053812,EVALUATED,0.019650249455631097,valid,6.0,0.0,10.0,-0.008368680969527698,-0.008004847493388145,0.0,C26,-0.20942746672574986,deepseek,-0.047386932538687865,-0.04536611734473883,new,10.0,0.05288799989853358,0.47326461942769477,,0.020133625899329655,2.0,10.0,deepseek/C26/train_2022/M1/run_02,-0.261726358997828,0.0,2023.0,65974.0,2022.0,0.1581663948879209,0.0
M1,,,,,,,,,,,,,,,,,,,,,,,,,,,,,,,,,,,,,,,,,,,,,,MISSING,,not_started,,,,,,,C26,,glm,,,new,10.0,,,,,2.0,,glm/C26/train_2022/M1/run_02,,,2023.0,,2022.0,,0.0
M2,-0.06703718199431896,-0.0647915665624812,-0.06205302883366581,-0.2214382526808708,-0.3737976725308925,0.0,0.03785734246503858,-0.19160672034723158,-0.026934224097442616,-0.025773809857405627,-0.09936769000508577,0.0,-0.06703718199431896,-0.06420702306163584,-0.22214665817577695,-0.38989724770528716,0.002225770295068979,-0.005813970615716313,-0.2170299036601544,-0.07285115261003527,-0.06978483635154187,-0.4094070091779385,0.04628446456985668,-0.06930328098693894,-0.06638089455225804,-0.22285527543844807,-0.4061593812223955,0.004445996145572619,-0.04725804215503271,-0.2416345412788785,-0.11656132314197165,-0.11176915370972951,-0.7153860415603687,0.09052170631943983,-0.06591458780513326,-0.06313020250747114,-0.22179243711441854,-0.38184725504411426,0.0011135524015252406,0.01573187408216159,-0.2044318710617622,-0.05018271372297167,-0.048045704180587845,-0.2548584880382824,0.023404753720983253,EVALUATED,-0.005813970615716313,valid,5.0,0.0,10.0,-0.026934224097442616,-0.025773809857405627,0.0,C26,-0.2170299036601544,deepseek,-0.07285115261003527,-0.06978483635154187,new,10.0,0.061037162802785185,0.5808004878781793,,-0.005960520571713368,2.0,10.0,deepseek/C26/train_2022/M2/run_02,-0.4094070091779385,0.0,2023.0,89259.0,2022.0,0.19206876438421017,0.0
M2,,,,,,,,,,,,,,,,,,,,,,,,,,,,,,,,,,,,,,,,,,,,,,MISSING,,not_started,,,,,,,C26,,glm,,,new,10.0,,,,,2.0,,glm/C26/train_2022/M2/run_02,,,2023.0,,2022.0,,0.0
M0,,,,,,,,,,,,,,,,,,,,,,,,,,,,,,,,,,,,,,,,,,,,,,MISSING,,not_started,,,,,,,C35,,glm,,,new,10.0,,,,,2.0,,glm/C35/train_2022/M0/run_02,,,2023.0,,2022.0,,0.0
M0,0.06469363262568906,0.06756623339185364,0.06452379119734974,-0.15437683564500537,0.4777711374471539,0.0,0.060670211327590096,-0.11812863731565215,0.12823644471944373,0.12230996061977195,0.8225877293943489,0.0,0.06469363262568906,0.06178424994044307,-0.1553326187281543,0.461458891776912,0.0026734681360190958,0.014218148348690951,-0.1301198304286071,0.07891178097438001,0.07534067416995405,0.5472315848137558,0.0458415514982327,0.06183544890347048,0.059058137692117096,-0.1563190467083353,0.44517509551089113,0.005339411394901237,-0.029889181036015122,-0.14257277312733507,0.03194626786745536,0.030530718943337032,0.27370380950888373,0.08972726378775545,0.06612901981099939,0.06315318994654673,-0.15485490825908976,0.4696166651591298,0.0013376916259892726,0.03716498820095371,-0.12414453483113652,0.1032940080119531,0.09857004334965969,0.6848688432070826,0.02317116546443113,EVALUATED,0.014218148348690951,valid,2.0,0.0,10.0,0.12823644471944373,0.12230996061977195,0.0,C35,-0.1301198304286071,deepseek,0.07891178097438001,0.07534067416995405,new,10.0,0.06333509558578398,0.6601554098000654,,0.012767588359190007,2.0,10.0,deepseek/C35/train_2022/M0/run_02,0.5472315848137558,0.0,2023.0,40178.0,2022.0,0.17382595146675042,0.0
M1,,,,,,,,,,,,,,,,,,,,,,,,,,,,,,,,,,,,,,,,,,,,,,MISSING,,not_started,,,,,,,C35,,glm,,,new,10.0,,,,,2.0,,glm/C35/train_2022/M1/run_02,,,2023.0,,2022.0,,0.0
M1,0.06469363262568906,0.06756623339185364,0.06452379119734974,-0.15437683564500537,0.4777711374471539,0.0,0.0443208918728093,-0.15171094723307832,0.11188712526466293,0.10675148994331041,0.7231045824603026,0.0,0.06469363262568906,0.06178424994044307,-0.1553326187281543,0.461458891776912,0.0026734681360190958,-0.022369453842674858,-0.18694772021029293,0.0423241787830142,0.040439843685781796,0.3324160662113634,0.06527890046737014,0.06183544890347048,0.059058137692117096,-0.1563190467083353,0.44517509551089113,0.005339411394901237,-0.08506437460500882,-0.22095052071914234,-0.02322892570153834,-0.02222631932129593,-0.0580906999892273,0.1266169348079973,0.06612901981099939,0.06315318994654673,-0.15485490825908976,0.4696166651591298,0.0013376916259892726,0.010435004157140604,-0.16951339953752698,0.07656402396814,0.07310272393022688,0.5277725613439057,0.03314328263379585,EVALUATED,-0.022369453842674858,valid,2.0,0.0,10.0,0.11188712526466293,0.10675148994331041,0.0,C35,-0.18694772021029293,deepseek,0.0423241787830142,0.040439843685781796,new,10.0,0.05265218972929146,0.6145338916974562,,-0.020102394865867068,2.0,10.0,deepseek/C35/train_2022/M1/run_02,0.3324160662113634,0.0,2023.0,64947.0,2022.0,0.25648525947178963,0.0
M2,,,,,,,,,,,,,,,,,,,,,,,,,,,,,,,,,,,,,,,,,,,,,,MISSING,,not_started,,,,,,,C35,,glm,,,new,10.0,,,,,2.0,,glm/C35/train_2022/M2/run_02,,,2023.0,,2022.0,,0.0
M2,0.06469363262568906,0.06756623339185364,0.06452379119734974,-0.15437683564500537,0.4777711374471539,0.0,0.12118246559775736,-0.10728576860051386,0.188748698989611,0.1798106553951846,1.1165648052694577,0.0,0.06469363262568906,0.06178424994044307,-0.1553326187281543,0.461458891776912,0.0026734681360190958,0.06902326793306379,-0.11650372943951737,0.13371690055875285,0.12752310687953505,0.8324867546801927,0.04901210587261958,0.06183544890347048,0.059058137692117096,-0.1563190467083353,0.44517509551089113,0.005339411394901237,0.01935161620216297,-0.12862451425351717,0.08118706510563345,0.07750933833062468,0.5483200373766355,0.09576198770677634,0.06612901981099939,0.06315318994654673,-0.15485490825908976,0.4696166651591298,0.0013376916259892726,0.09477324456077207,-0.11037812516196699,0.16090226437177146,0.15336634966414442,0.9745425591293632,0.024795441912937054,EVALUATED,0.06902326793306379,valid,3.0,0.0,10.0,0.188748698989611,0.1798106553951846,0.0,C35,-0.11650372943951737,deepseek,0.13371690055875285,0.12752310687953505,new,10.0,0.07351511372753425,0.7525396677167264,,0.06191357325443403,2.0,10.0,deepseek/C35/train_2022/M2/run_02,0.8324867546801927,0.0,2023.0,89182.0,2022.0,0.18475064223890836,0.0
M3,,,,,,,,,,,,,,,,,,,,,,,,,,,,,,,,,,,,,,,,,,,,,,MISSING,,not_started,,,,,,,C35,,glm,,,new,19.0,,,,,2.0,,glm/C35/train_2022/M3/run_02,,,2023.0,,2022.0,,0.0
M3,,,,,,,,,,,,,,,,,,,,,,,,,,,,,,,,,,,,,,,,,,,,,,MISSING,,failed,,0.0,1.0,,,0.0,C35,,deepseek,,,new,19.0,,,摘要格式不合规,,2.0,2.0,deepseek/C35/train_2022/M3/run_02,,1.0,2023.0,9687.0,2022.0,,0.0
M1,0.21629298803120478,0.2197264453626515,0.20919687478605686,-0.1600901746540756,0.9970605239851097,0.0,0.1695558224685605,-0.11659882097531782,0.389282267831212,0.3694859286763845,1.7024815315804915,0.0,0.21629298803120478,0.20594143670310316,-0.16069791453078708,0.984481786752338,0.0029772147374514057,0.10823403556297917,-0.12144125936777384,0.32452702359418395,0.30837660996953886,1.470832478483014,0.05525872636428271,0.212861254687428,0.20268723235972375,-0.16129771508372515,0.9718671503753105,0.005945732872985749,0.04993587442643399,-0.12627856903478374,0.262797129113862,0.2500008100097739,1.2381333576323619,0.10794171737930774,0.21800875186558644,0.20756829100992746,-0.16039413271811154,0.9907741076700011,0.0014896435190760765,0.13853546213337564,-0.11900810385453287,0.3565442139989621,0.33860704448046874,1.5868994566213321,0.02795951402346624,EVALUATED,0.10823403556297917,valid,5.0,0.0,10.0,0.389282267831212,0.3694859286763845,0.0,C39,-0.12144125936777384,deepseek,0.32452702359418395,0.30837660996953886,new,10.0,0.09250031055571539,0.6921832650744337,,0.08494207939854936,2.0,10.0,deepseek/C39/train_2022/M1/run_02,1.470832478483014,0.0,2023.0,66735.0,2022.0,0.18978127473595682,0.0
M1,,,,,,,,,,,,,,,,,,,,,,,,,,,,,,,,,,,,,,,,,,,,,,MISSING,,not_started,,,,,,,C39,,glm,,,new,10.0,,,,,2.0,,glm/C39/train_2022/M1/run_02,,,2023.0,,2022.0,,0.0
M2,0.21629298803120478,0.2197264453626515,0.20919687478605686,-0.1600901746540756,0.9970605239851097,0.0,0.008725092266745227,-0.1394978941529874,0.22845153762939674,0.21746778802486588,1.0765987969386324,0.0,0.21629298803120478,0.20594143670310316,-0.16069791453078708,0.984481786752338,0.0029772147374514057,-0.04292961863175737,-0.15104301924121855,0.1733633693994474,0.16520339466606515,0.8605897740530564,0.0490412501608551,0.212861254687428,0.20268723235972375,-0.16129771508372515,0.9718671503753105,0.005945732872985749,-0.09199066010310575,-0.16986811113793876,0.12087059458432226,0.11530163789173753,0.6444743290014736,0.09589596689655311,0.21800875186558644,0.20756829100992746,-0.16039413271811154,0.9907741076700011,0.0014896435190760765,-0.017550126076792294,-0.14244007432406114,0.20045862578879414,0.19092285104320394,0.9681713625856677,0.024794282079143633,EVALUATED,-0.04292961863175737,valid,4.0,0.0,10.0,0.22845153762939674,0.21746778802486588,0.0,C39,-0.15104301924121855,deepseek,0.1733633693994474,0.16520339466606515,new,10.0,0.05042576052393993,0.4042680140913431,,-0.03378111141815543,2.0,10.0,deepseek/C39/train_2022/M2/run_02,0.8605897740530564,0.0,2023.0,88521.0,2022.0,0.1822194638078754,0.0
M2,,,,,,,,,,,,,,,,,,,,,,,,,,,,,,,,,,,,,,,,,,,,,,MISSING,,not_started,,,,,,,C39,,glm,,,new,10.0,,,,,2.0,,glm/C39/train_2022/M2/run_02,,,2023.0,,2022.0,,0.0
M3,,,,,,,,,,,,,,,,,,,,,,,,,,,,,,,,,,,,,,,,,,,,,,MISSING,,failed,,0.0,1.0,,,0.0,C39,,deepseek,,,new,19.0,,,摘要格式不合规,,2.0,2.0,deepseek/C39/train_2022/M3/run_02,,1.0,2023.0,9463.0,2022.0,,0.0
M3,,,,,,,,,,,,,,,,,,,,,,,,,,,,,,,,,,,,,,,,,,,,,,MISSING,,not_started,,,,,,,C39,,glm,,,new,19.0,,,,,2.0,,glm/C39/train_2022/M3/run_02,,,2023.0,,2022.0,,0.0
M0,0.21629298803120478,0.2197264453626515,0.20919687478605686,-0.1600901746540756,0.9970605239851097,0.0,0.008365371306540581,-0.1243904932117923,0.2280918166691921,0.21712684290949502,1.091364043097424,0.0,0.21629298803120478,0.20594143670310316,-0.16069791453078708,0.984481786752338,0.0029772147374514057,-0.037195682559605814,-0.12964019821752581,0.17909730547159897,0.17064832490470305,0.8957230156654186,0.04331944044413933,0.212861254687428,0.20268723235972375,-0.16129771508372515,0.9718671503753105,0.005945732872985749,-0.0808466142568629,-0.13790422409662906,0.1320146404305651,0.12590399261882324,0.6995715483759292,0.08491735433705624,0.21800875186558644,0.20756829100992746,-0.16039413271811154,0.9907741076700011,0.0014896435190760765,-0.014665187850961603,-0.12702092165173584,0.20334356401462483,0.19365979995724647,0.993600818877199,0.0218790874942022,EVALUATED,-0.037195682559605814,valid,6.0,0.0,10.0,0.2280918166691921,0.21712684290949502,0.0,C39,-0.12964019821752581,deepseek,0.17909730547159897,0.17064832490470305,new,10.0,0.07676660365901304,0.5969699571748204,,-0.029266024637885524,2.0,10.0,deepseek/C39/train_2022/M0/run_02,0.8957230156654186,0.0,2023.0,40955.0,2022.0,0.16116648908370942,0.0
M0,,,,,,,,,,,,,,,,,,,,,,,,,,,,,,,,,,,,,,,,,,,,,,MISSING,,not_started,,,,,,,C39,,glm,,,new,10.0,,,,,2.0,,glm/C39/train_2022/M0/run_02,,,2023.0,,2022.0,,0.0
M3,,,,,,,,,,,,,,,,,,,,,,,,,,,,,,,,,,,,,,,,,,,,,,MISSING,,failed,,0.0,4.0,,,0.0,ALL,,deepseek,,,new,19.0,,,摘要格式不合规,,2.0,8.0,deepseek/ALL/train_2023/M3/run_02,,4.0,2024.0,44279.0,2023.0,,0.0
M3,,,,,,,,,,,,,,,,,,,,,,,,,,,,,,,,,,,,,,,,,,,,,,MISSING,,not_started,,,,,,,ALL,,glm,,,new,19.0,,,,,2.0,,glm/ALL/train_2023/M3/run_02,,,2024.0,,2023.0,,0.0
M0,0.04475563222196133,0.048145047812569786,0.04599588745283745,-0.2942456860165513,0.3090175333372384,0.0,0.17133991072222665,-0.32388252039165843,0.21948495853479644,0.20896792175297274,0.7209015672605349,0.0,0.04475563222196133,0.04276084041543471,-0.29508568168513527,0.2998634188432436,0.0028758041429818326,0.13138002798028636,-0.32725045906544326,0.1761356602022477,0.16783609921492193,0.6229572277375865,0.0323631844603246,0.04139923538598289,0.03955685683770693,-0.29590980842469294,0.29077078997659933,0.005743362535119994,0.09298871606048631,-0.3306070996720176,0.1343879514464692,0.12816135152167374,0.5251626281863946,0.06354844250764895,0.04644844879808252,0.04437661602192655,-0.2946653047915937,0.30443875366832646,0.001438906310002572,0.151218566681677,-0.3255676470305331,0.1976670154797595,0.1882741692479486,0.6720468623113313,0.01633316378820038,EVALUATED,0.13138002798028636,valid,6.0,0.0,10.0,0.21948495853479644,0.20896792175297274,0.0,ALL,-0.32725045906544326,deepseek,0.1761356602022477,0.16783609921492193,new,10.0,0.09408758015991271,0.6067492651684743,,0.11994625608462384,2.0,10.0,deepseek/ALL/train_2023/M0/run_02,0.6229572277375865,0.0,2024.0,41943.0,2023.0,0.14270425666845593,0.0
M0,,,,,,,,,,,,,,,,,,,,,,,,,,,,,,,,,,,,,,,,,,,,,,MISSING,,not_started,,,,,,,ALL,,glm,,,new,10.0,,,,,2.0,,glm/ALL/train_2023/M0/run_02,,,2024.0,,2023.0,,0.0
M1,,,,,,,,,,,,,,,,,,,,,,,,,,,,,,,,,,,,,,,,,,,,,,MISSING,,partial,,0.0,10.0,,,0.0,ALL,,deepseek,,,new,10.0,,,单格 watchdog 超时,,2.0,10.0,deepseek/ALL/train_2023/M1/run_02,,0.0,2024.0,68029.0,2023.0,,0.0
M1,,,,,,,,,,,,,,,,,,,,,,,,,,,,,,,,,,,,,,,,,,,,,,MISSING,,not_started,,,,,,,ALL,,glm,,,new,10.0,,,,,2.0,,glm/ALL/train_2023/M1/run_02,,,2024.0,,2023.0,,0.0
M2,0.04475563222196133,0.048145047812569786,0.04599588745283745,-0.2942456860165513,0.3090175333372384,0.0,0.14026212712263408,-0.2796715245302772,0.18840717493520387,0.1794864928882629,0.6751617145901665,0.0,0.04475563222196133,0.04276084041543471,-0.29508568168513527,0.2998634188432436,0.0028758041429818326,0.09470745240265299,-0.28283457735484785,0.13946308462461432,0.1329878393439512,0.551955372112788,0.03734364980900098,0.04139923538598289,0.03955685683770693,-0.29590980842469294,0.29077078997659933,0.005743362535119994,0.05054162144611363,-0.28598977226704114,0.09194085683209652,0.08775651824288144,0.42713505531004986,0.07310795564961019,0.04644844879808252,0.04437661602192655,-0.2946653047915937,0.30443875366832646,0.001438906310002572,0.11731331906327114,-0.28125258732542746,0.16376176786135366,0.15608313561390075,0.6137777150889799,0.01886953355183277,EVALUATED,0.09470745240265299,valid,8.0,0.0,10.0,0.18840717493520387,0.1794864928882629,0.0,ALL,-0.28283457735484785,deepseek,0.13946308462461432,0.1329878393439512,new,10.0,0.08536528214231089,0.6862228923719765,,0.08652703039037224,2.0,10.0,deepseek/ALL/train_2023/M2/run_02,0.551955372112788,0.0,2024.0,91282.0,2023.0,0.16793767887246588,0.0
M2,,,,,,,,,,,,,,,,,,,,,,,,,,,,,,,,,,,,,,,,,,,,,,MISSING,,not_started,,,,,,,ALL,,glm,,,new,10.0,,,,,2.0,,glm/ALL/train_2023/M2/run_02,,,2024.0,,2023.0,,0.0
M0,,,,,,,,,,,,,,,,,,,,,,,,,,,,,,,,,,,,,,,,,,,,,,MISSING,,not_started,,,,,,,C26,,glm,,,new,10.0,,,,,2.0,,glm/C26/train_2023/M0/run_02,,,2024.0,,2023.0,,0.0
M0,-0.03457841241676285,-0.03168212508392554,-0.030320361028436604,-0.3113429836471765,0.0888516045153662,0.0,0.09090284059490406,-0.28082448715164177,0.05922071551097852,0.056563945835460316,0.3387080465158103,0.0,-0.03457841241676285,-0.03309429969286137,-0.3114646499380863,0.08048865497196477,0.0025721956505460053,0.06024111960658696,-0.28253918143797285,0.025662707189824108,0.024528884561316966,0.2421527736144248,0.027798459260772276,-0.03745334242530818,-0.03584814250624602,-0.3115869103742953,0.07216240841934976,0.0051372016894954495,0.03060053983443034,-0.2842537086222072,-0.006852802590877838,-0.00655465486493767,0.14556957911019863,0.05471099150126823,-0.03313266408115134,-0.031709579165821955,-0.31140370513374405,0.08466610375158802,0.0012870298334480812,0.07544444613814316,-0.2816753713849176,0.04231178205699182,0.0404280095164129,0.29044309398863166,0.014011885630653068,EVALUATED,0.06024111960658696,valid,4.0,0.0,10.0,0.05922071551097852,0.056563945835460316,0.0,C26,-0.28253918143797285,deepseek,0.025662707189824108,0.024528884561316966,new,10.0,0.08022663681630936,0.590098614644928,,0.05959545407155442,2.0,10.0,deepseek/C26/train_2023/M0/run_02,0.2421527736144248,0.0,2024.0,41284.0,2023.0,0.12755365764703291,0.0
M1,,,,,,,,,,,,,,,,,,,,,,,,,,,,,,,,,,,,,,,,,,,,,,MISSING,,not_started,,,,,,,C26,,glm,,,new,10.0,,,,,2.0,,glm/C26/train_2023/M1/run_02,,,2024.0,,2023.0,,0.0
M1,-0.03457841241676285,-0.03168212508392554,-0.030320361028436604,-0.3113429836471765,0.0888516045153662,0.0,0.11366980859002862,-0.2897296081102144,0.08198768350610308,0.07827239229525862,0.3992451984784706,0.0,-0.03457841241676285,-0.03309429969286137,-0.3114646499380863,0.08048865497196477,0.0025721956505460053,0.06694022666305177,-0.2932657735016586,0.03236181424628892,0.030927577770851533,0.26447489249656986,0.04009602898381567,-0.03745334242530818,-0.03584814250624602,-0.3115869103742953,0.07216240841934976,0.0051372016894954495,0.022483134758098933,-0.29678612320282305,-0.014970207667209245,-0.014321448491355082,0.129897231025309,0.07837747394264696,-0.03313266408115134,-0.031709579165821955,-0.31140370513374405,0.08466610375158802,0.0012870298334480812,0.08999289693287671,-0.29149968316342445,0.05686023285172537,0.05431205270437012,0.3317867920646794,0.02027966016902981,EVALUATED,0.06694022666305177,valid,9.0,0.0,10.0,0.08198768350610308,0.07827239229525862,0.0,C26,-0.2932657735016586,deepseek,0.03236181424628892,0.030927577770851533,new,10.0,0.09929406252234868,0.6985581660678399,,0.06621315547459927,2.0,10.0,deepseek/C26/train_2023/M1/run_02,0.26447489249656986,0.0,2024.0,67318.0,2023.0,0.18485669692047624,0.0
M2,,,,,,,,,,,,,,,,,,,,,,,,,,,,,,,,,,,,,,,,,,,,,,MISSING,,not_started,,,,,,,C26,,glm,,,new,10.0,,,,,2.0,,glm/C26/train_2023/M2/run_02,,,2024.0,,2023.0,,0.0
M2,-0.03457841241676285,-0.03168212508392554,-0.030320361028436604,-0.3113429836471765,0.0888516045153662,0.0,0.09105472774867207,-0.28034273018847133,0.05937260266474653,0.05670883820254646,0.33840597137405526,0.0,-0.03457841241676285,-0.03309429969286137,-0.3114646499380863,0.08048865497196477,0.0025721956505460053,0.049089552584923646,-0.28286360905425034,0.014511140168160797,0.013873344176735802,0.21561197427873427,0.03814487108937313,-0.03745334242530818,-0.03584814250624602,-0.3115869103742953,0.07216240841934976,0.0051372016894954495,0.008956865683943604,-0.2853961965343592,-0.028496476741364574,-0.027269703094538467,0.09278439554737047,0.07467788418857169,-0.03313266408115134,-0.031709579165821955,-0.31140370513374405,0.08466610375158802,0.0012870298334480812,0.06981668767686622,-0.28160019723197094,0.036684023595714876,0.03505499998102146,0.2769608124608761,0.01927756388012896,EVALUATED,0.049089552584923646,valid,6.0,0.0,10.0,0.05937260266474653,0.05670883820254646,0.0,C26,-0.28286360905425034,deepseek,0.014511140168160797,0.013873344176735802,new,10.0,0.08913990236097682,0.6480526172467465,,0.048575206304687146,2.0,10.0,deepseek/C26/train_2023/M2/run_02,0.21561197427873427,0.0,2024.0,87757.0,2023.0,0.1739046422481585,0.0
M3,,,,,,,,,,,,,,,,,,,,,,,,,,,,,,,,,,,,,,,,,,,,,,MISSING,,not_started,,,,,,,C26,,glm,,,new,19.0,,,,,2.0,,glm/C26/train_2023/M3/run_02,,,2024.0,,2023.0,,0.0
M3,-0.03457841241676285,-0.03168212508392554,-0.030320361028436604,-0.3113429836471765,0.0888516045153662,0.0,0.06059222679272336,-0.29398387633154943,0.02891010170879782,0.027630880453346718,0.25405000347620155,0.0,-0.03457841241676285,-0.03309429969286137,-0.3114646499380863,0.08048865497196477,0.0025721956505460053,0.03644851123008219,-0.29641503988321316,0.001870098813319343,0.0017883945658958567,0.1760548445774401,0.022273983845586064,-0.03745334242530818,-0.03584814250624602,-0.3115869103742953,0.07216240841934976,0.0051372016894954495,0.012665052434343793,-0.29888780982381635,-0.024788289990964385,-0.023719198906727024,0.09709470197355295,0.04395943852631625,-0.03313266408115134,-0.031709579165821955,-0.31140370513374405,0.08466610375158802,0.0012870298334480812,0.04844305935039395,-0.2951911635050126,0.015310395269242605,0.014637217490186538,0.21508175317076011,0.011211882469458959,EVALUATED,0.03644851123008219,valid,5.0,0.0,10.0,0.02891010170879782,0.027630880453346718,0.0,C26,-0.29641503988321316,deepseek,0.001870098813319343,0.0017883945658958567,new,19.0,0.07916525765514343,0.584353182898987,,0.036076624894937126,2.0,19.0,deepseek/C26/train_2023/M3/run_02,0.1760548445774401,9.0,2024.0,113690.0,2023.0,0.10521190201379206,0.0
M1,-0.027529377776255526,-0.024367861990122197,-0.023316685926521696,-0.3243047642047604,0.13586845531955397,0.0,0.16449762682479308,-0.3453238583191387,0.14012976483467088,0.13362178715897666,0.522981718044697,0.0,-0.027529377776255526,-0.026343670974760647,-0.3251067110997441,0.12774881677714575,0.002775523127229104,0.10949524954296463,-0.34951260939619,0.08196587176670911,0.07825160427354994,0.3950290767793114,0.04468762909690638,-0.030695668841164148,-0.029375658664476112,-0.3259083276899264,0.11959347132860795,0.005541438779367032,0.05775543532877858,-0.35363541755867944,0.027059766487614434,0.02586344448441924,0.2676958913868052,0.08707604632701882,-0.025940454955317604,-0.02482230735575164,-0.32470582869872555,0.13183220369532356,0.0013890038487469971,0.1365695956891534,-0.34742239617446824,0.11062914073383578,0.10555394466011014,0.45893662508200084,0.022640551843982375,EVALUATED,0.10949524954296463,valid,10.0,0.0,10.0,0.14012976483467088,0.13362178715897666,0.0,C35,-0.34951260939619,deepseek,0.08196587176670911,0.07825160427354994,new,10.0,0.09989399941735065,0.6860024726476686,,0.10742525070732545,2.0,10.0,deepseek/C35/train_2023/M1/run_02,0.3950290767793114,0.0,2024.0,66639.0,2023.0,0.20780969068654598,0.0
M1,,,,,,,,,,,,,,,,,,,,,,,,,,,,,,,,,,,,,,,,,,,,,,MISSING,,not_started,,,,,,,C35,,glm,,,new,10.0,,,,,2.0,,glm/C35/train_2023/M1/run_02,,,2024.0,,2023.0,,0.0
M2,-0.027529377776255526,-0.024367861990122197,-0.023316685926521696,-0.3243047642047604,0.13586845531955397,0.0,0.09384483325799509,-0.3914597042541528,0.06947697126787289,0.06634584502480179,0.3689397381678898,0.0,-0.027529377776255526,-0.026343670974760647,-0.3251067110997441,0.12774881677714575,0.002775523127229104,0.04540602232992619,-0.3950590888785699,0.017876644553670662,0.017089685558021817,0.2508101505622672,0.04040182665712892,-0.030695668841164148,-0.029375658664476112,-0.3259083276899264,0.11959347132860795,0.005541438779367032,-0.0006459837738662655,-0.39863379525748066,-0.03134165261503041,-0.02999429504257778,0.13249516687573185,0.07883242715631765,-0.025940454955317604,-0.02482230735575164,-0.32470582869872555,0.13183220369532356,0.0013890038487469971,0.06939638353616584,-0.3932626130710051,0.043455928580848235,0.04152020942236945,0.3100945906474869,0.020454414407318086,EVALUATED,0.04540602232992619,valid,4.0,0.0,10.0,0.06947697126787289,0.06634584502480179,0.0,C35,-0.3950590888785699,deepseek,0.017876644553670662,0.017089685558021817,new,10.0,0.09591284483404655,0.5457966519496551,,0.04460850840076702,2.0,10.0,deepseek/C35/train_2023/M2/run_02,0.2508101505622672,0.0,2024.0,88964.0,2023.0,0.19511037916778606,0.0
M2,,,,,,,,,,,,,,,,,,,,,,,,,,,,,,,,,,,,,,,,,,,,,,MISSING,,not_started,,,,,,,C35,,glm,,,new,10.0,,,,,2.0,,glm/C35/train_2023/M2/run_02,,,2024.0,,2023.0,,0.0
M3,,,,,,,,,,,,,,,,,,,,,,,,,,,,,,,,,,,,,,,,,,,,,,MISSING,,failed,,0.0,4.0,,,0.0,C35,,deepseek,,,new,19.0,,,摘要格式不合规,,2.0,8.0,deepseek/C35/train_2023/M3/run_02,,4.0,2024.0,43647.0,2023.0,,0.0
M3,,,,,,,,,,,,,,,,,,,,,,,,,,,,,,,,,,,,,,,,,,,,,,MISSING,,not_started,,,,,,,C35,,glm,,,new,19.0,,,,,2.0,,glm/C35/train_2023/M3/run_02,,,2024.0,,2023.0,,0.0
M0,-0.027529377776255526,-0.024367861990122197,-0.023316685926521696,-0.3243047642047604,0.13586845531955397,0.0,0.13270661383843385,-0.33513835146494164,0.10833875184831165,0.1033734442916503,0.45488500003509774,0.0,-0.027529377776255526,-0.026343670974760647,-0.3251067110997441,0.12774881677714575,0.002775523127229104,0.0995682668037785,-0.33834096575435946,0.07203888902752298,0.06878863226061904,0.37242992026303773,0.02876669370891239,-0.030695668841164148,-0.029375658664476112,-0.3259083276899264,0.11959347132860795,0.005541438779367032,0.06780809290645928,-0.34152156790597643,0.037112424065295135,0.03546405294656507,0.29043610697971023,0.05659062401285092,-0.025940454955317604,-0.02482230735575164,-0.32470582869872555,0.13183220369532356,0.0013890038487469971,0.11594864669498894,-0.33674057299359883,0.09000819173967134,0.08591522707824972,0.41358956580790224,0.014505083995769668,EVALUATED,0.0995682668037785,valid,4.0,0.0,10.0,0.10833875184831165,0.1033734442916503,0.0,C35,-0.33834096575435946,deepseek,0.07203888902752298,0.06878863226061904,new,10.0,0.08541805516349495,0.55752749595444,,0.09770624438976316,2.0,10.0,deepseek/C35/train_2023/M0/run_02,0.37242992026303773,0.0,2024.0,42141.0,2023.0,0.1313592003733308,0.0
M0,,,,,,,,,,,,,,,,,,,,,,,,,,,,,,,,,,,,,,,,,,,,,,MISSING,,not_started,,,,,,,C35,,glm,,,new,10.0,,,,,2.0,,glm/C35/train_2023/M0/run_02,,,2024.0,,2023.0,,0.0
M2,,,,,,,,,,,,,,,,,,,,,,,,,,,,,,,,,,,,,,,,,,,,,,MISSING,,not_started,,,,,,,C39,,glm,,,new,10.0,,,,,2.0,,glm/C39/train_2023/M2/run_02,,,2024.0,,2023.0,,0.0
M2,0.11321048986334126,0.11709047007242135,0.11170421516413231,-0.3553829060778264,0.46862472422463153,0.0,0.08144796468253501,-0.3035716298772049,0.19853843475495636,0.18910100136231822,0.6645351330132452,0.0,0.11321048986334126,0.10801121031118077,-0.3562753557535553,0.4607750927456991,0.002909912298388036,0.025207768065800717,-0.30695801888254903,0.13841825792914197,0.13199427855214463,0.5287338895756662,0.0444130906196561,0.10938443095321038,0.10436897807161083,-0.3571441420442978,0.4530091672135949,0.00580907659777047,-0.028169550687777045,-0.31032681433924914,0.08121488026543333,0.07753584883671949,0.39244338768287834,0.08650435157445967,0.11513526723105438,0.10984330320487867,-0.3558372290231391,0.46467237481601986,0.001456184452872725,0.05300628929459417,-0.3052652434627361,0.16814155652564855,0.16024376478703806,0.5967857763395222,0.02250411088024145,EVALUATED,0.025207768065800717,valid,3.0,0.0,10.0,0.19853843475495636,0.18910100136231822,0.0,C39,-0.30695801888254903,deepseek,0.13841825792914197,0.13199427855214463,new,10.0,0.06560036917999293,0.38221109080882054,,0.021645149451356538,2.0,10.0,deepseek/C39/train_2023/M2/run_02,0.5287338895756662,0.0,2024.0,90382.0,2023.0,0.2054711943578755,0.0
M3,,,,,,,,,,,,,,,,,,,,,,,,,,,,,,,,,,,,,,,,,,,,,,MISSING,,not_started,,,,,,,C39,,glm,,,new,19.0,,,,,2.0,,glm/C39/train_2023/M3/run_02,,,2024.0,,2023.0,,0.0
M3,0.11321048986334126,0.11709047007242135,0.11170421516413231,-0.3553829060778264,0.46862472422463153,0.0,0.09124599032533287,-0.3582649255522731,0.20833646039775422,0.19839589827814752,0.649146133943222,0.0,0.11321048986334126,0.10801121031118077,-0.3562753557535553,0.4607750927456991,0.002909912298388036,0.037748963130009416,-0.360988954429298,0.15095945299335067,0.1439175043799199,0.5380000947246928,0.04082825093052123,0.10938443095321038,0.10436897807161083,-0.3571441420442978,0.4530091672135949,0.00580907659777047,-0.013063849364443936,-0.3637034456282908,0.09632058158876644,0.09192864919269805,0.42675542194826027,0.07962749033560601,0.11513526723105438,0.10984330320487867,-0.3558372290231391,0.46467237481601986,0.001456184452872725,0.06415918674363441,-0.35962864793859006,0.1792944539746888,0.1708355160071584,0.5935838797442566,0.020674603493507308,EVALUATED,0.037748963130009416,valid,4.0,0.0,10.0,0.20833646039775422,0.19839589827814752,0.0,C39,-0.360988954429298,deepseek,0.15095945299335067,0.1439175043799199,new,19.0,0.07005907097495023,0.42943983560662946,,0.032406074717109545,2.0,19.0,deepseek/C39/train_2023/M3/run_02,0.5380000947246928,9.0,2024.0,117063.0,2023.0,0.19166385218433693,0.0
M0,,,,,,,,,,,,,,,,,,,,,,,,,,,,,,,,,,,,,,,,,,,,,,MISSING,,not_started,,,,,,,C39,,glm,,,new,10.0,,,,,2.0,,glm/C39/train_2023/M0/run_02,,,2024.0,,2023.0,,0.0
M0,0.11321048986334126,0.11709047007242135,0.11170421516413231,-0.3553829060778264,0.46862472422463153,0.0,0.03433920676414326,-0.35323265002823845,0.1514296768365646,0.14436444719289643,0.5412456977559009,0.0,0.11321048986334126,0.10801121031118077,-0.3562753557535553,0.4607750927456991,0.002909912298388036,-0.01165849316251455,-0.35636796988472663,0.10155199670082671,0.0969111481935423,0.43737951455543256,0.03607922773640569,0.10938443095321038,0.10436897807161083,-0.3571441420442978,0.4530091672135949,0.00580907659777047,-0.0551128814020565,-0.35932001814599324,0.054271549551153875,0.051842204430548655,0.33439717945741887,0.07055260866104354,0.11513526723105438,0.10984330320487867,-0.3558372290231391,0.46467237481601986,0.001456184452872725,0.011047359882359054,-0.3548021474133555,0.12618262711341344,0.12035603362695069,0.4892584216729993,0.018246238450645904,EVALUATED,-0.01165849316251455,valid,7.0,0.0,10.0,0.1514296768365646,0.14436444719289643,0.0,C39,-0.35636796988472663,deepseek,0.10155199670082671,0.0969111481935423,new,10.0,0.07640984465295392,0.5027370568986934,,-0.010018005246103079,2.0,10.0,deepseek/C39/train_2023/M0/run_02,0.43737951455543256,0.0,2024.0,41258.0,2023.0,0.17631357187413818,0.0
M1,,,,,,,,,,,,,,,,,,,,,,,,,,,,,,,,,,,,,,,,,,,,,,MISSING,,not_started,,,,,,,C39,,glm,,,new,10.0,,,,,2.0,,glm/C39/train_2023/M1/run_02,,,2024.0,,2023.0,,0.0
M1,0.11321048986334126,0.11709047007242135,0.11170421516413231,-0.3553829060778264,0.46862472422463153,0.0,0.06982708656021219,-0.39535763422736625,0.18691755663263354,0.1780725525184541,0.60033907814883,0.0,0.11321048986334126,0.10801121031118077,-0.3562753557535553,0.4607750927456991,0.002909912298388036,0.009758136873537104,-0.3997104077990489,0.12296862673687836,0.11729803887281465,0.4792738904152303,0.04581689711264925,0.10938443095321038,0.10436897807161083,-0.3571441420442978,0.4530091672135949,0.00580907659777047,-0.046307200881364086,-0.40404009903499716,0.06307723007184629,0.06024257771043473,0.35941357441742716,0.08912538323731617,0.11513526723105438,0.10984330320487867,-0.3558372290231391,0.46467237481601986,0.001456184452872725,0.0392844580817282,-0.3975377723849304,0.15441972531278259,0.14720627053070423,0.5396638479363612,0.023232934387135883,EVALUATED,0.009758136873537104,valid,7.0,0.0,10.0,0.18691755663263354,0.1780725525184541,0.0,C39,-0.3997104077990489,deepseek,0.12296862673687836,0.11729803887281465,new,10.0,0.06534429519105925,0.3841975972147513,,0.008381529424260625,2.0,10.0,deepseek/C39/train_2023/M1/run_02,0.4792738904152303,0.0,2024.0,67044.0,2023.0,0.21893484281936995,0.0
M2,,,,,,,,,,,,,,,,,,,,,,,,,,,,,,,,,,,,,,,,,,,,,,MISSING,,not_started,,,,,,,ALL,,glm,,,new,10.0,,,,,3.0,,glm/ALL/train_2008/M2/run_03,,,2009.0,,2008.0,,0.0
M2,1.4833288023229825,1.4949833535437054,1.4148305684185556,-0.1973343748854134,2.859836020202644,0.0,1.1152917490337315,-0.18969532380507192,2.610275102577437,2.4484834250610583,4.060429738446545,0.0,1.4833288023229825,1.403952379833881,-0.1974408331895282,2.8465102621115568,0.007453389494555385,0.9368745656137278,-0.1908771362401659,2.4202033679367103,2.2732460094547475,3.8928099847417683,0.11423419908028902,1.4717271983820654,1.3931218004237609,-0.19756147198197438,2.833105526695126,0.014867206222591392,0.7673600691483182,-0.1920571639162576,2.2390872675303837,2.105941478731337,3.723140691323853,0.2215982765134423,1.489140725913558,1.4093773721532332,-0.19738490931805275,2.8531767230254292,0.003731686453750531,1.0247788085185396,-0.19028836485809653,2.5139195344320977,2.3596903163444902,3.9767317218300273,0.05799405621687781,EVALUATED,0.9368745656137278,valid,8.0,0.0,10.0,2.610275102577437,2.4484834250610583,0.0,ALL,-0.1908771362401659,deepseek,2.4202033679367103,2.2732460094547475,new,10.0,0.13754335574763527,1.1388279872317102,,0.3616101703649124,3.0,10.0,deepseek/ALL/train_2008/M2/run_03,3.8928099847417683,0.0,2009.0,85290.0,2008.0,0.21831390613287768,0.0
M3,,,,,,,,,,,,,,,,,,,,,,,,,,,,,,,,,,,,,,,,,,,,,,MISSING,,not_started,,,,,,,ALL,,glm,,,new,19.0,,,,,3.0,,glm/ALL/train_2008/M3/run_03,,,2009.0,,2008.0,,0.0
M3,,,,,,,,,,,,,,,,,,,,,,,,,,,,,,,,,,,,,,,,,,,,,,MISSING,,failed,,0.0,9.0,,,0.0,ALL,,deepseek,,,new,19.0,,,摘要格式不合规,,3.0,18.0,deepseek/ALL/train_2008/M3/run_03,,9.0,2009.0,107086.0,2008.0,,0.0
M0,,,,,,,,,,,,,,,,,,,,,,,,,,,,,,,,,,,,,,,,,,,,,,MISSING,,not_started,,,,,,,ALL,,glm,,,new,10.0,,,,,3.0,,glm/ALL/train_2008/M0/run_03,,,2009.0,,2008.0,,0.0
M0,1.4833288023229825,1.4949833535437054,1.4148305684185556,-0.1973343748854134,2.859836020202644,0.0,1.1581235523676296,-0.18670423435606576,2.653106905911335,2.4879262758559046,3.9028226593113517,0.0,1.4833288023229825,1.403952379833881,-0.1974408331895282,2.8465102621115568,0.007453389494555385,0.9305234568065273,-0.18890449948263122,2.4138522591295097,2.26738467622383,3.7005546701683727,0.14177581479317777,1.4717271983820654,1.3931218004237609,-0.19756147198197438,2.833105526695126,0.014867206222591392,0.7183399885493862,-0.191098786806844,2.1900671869314516,2.0606028539504306,3.497151700805125,0.27305299772255015,1.489140725913558,1.4093773721532332,-0.19738490931805275,2.8531767230254292,0.003731686453750531,1.0424969336471195,-0.18780511799933564,2.5316376595606775,2.3760242916461927,3.8020087130609554,0.07224971387981301,EVALUATED,0.9305234568065273,valid,6.0,0.0,10.0,2.653106905911335,2.4879262758559046,0.0,ALL,-0.18890449948263122,deepseek,2.4138522591295097,2.26738467622383,new,10.0,0.15874975040689537,1.5200634572992888,,0.3591719634852393,3.0,10.0,deepseek/ALL/train_2008/M0/run_03,3.7005546701683727,0.0,2009.0,41030.0,2008.0,0.2682014184452675,0.0
M1,,,,,,,,,,,,,,,,,,,,,,,,,,,,,,,,,,,,,,,,,,,,,,MISSING,,not_started,,,,,,,ALL,,glm,,,new,10.0,,,,,3.0,,glm/ALL/train_2008/M1/run_03,,,2009.0,,2008.0,,0.0
M1,1.4833288023229825,1.4949833535437054,1.4148305684185556,-0.1973343748854134,2.859836020202644,0.0,0.8185297478398432,-0.1783279016959648,2.3135131013835486,2.174731148901382,3.712669204282655,0.0,1.4833288023229825,1.403952379833881,-0.1974408331895282,2.8465102621115568,0.007453389494555385,0.6017844056691262,-0.18059886345266385,2.0851132079921086,1.9634468127298814,3.4939800033364627,0.14079993620353132,1.4717271983820654,1.3931218004237609,-0.19756147198197438,2.833105526695126,0.014867206222591392,0.39955348058956686,-0.18275960547812042,1.8712806789716323,1.7651315911208134,3.2730083080873698,0.2705505804969932,1.489140725913558,1.4093773721532332,-0.19738490931805275,2.8531767230254292,0.003731686453750531,0.7080606632808881,-0.17947336662861635,2.197201389194446,2.067202808867961,3.603418570692216,0.07181434766401194,EVALUATED,0.6017844056691262,valid,8.0,0.0,10.0,2.3135131013835486,2.174731148901382,0.0,ALL,-0.18059886345266385,deepseek,2.0851132079921086,1.9634468127298814,new,10.0,0.13945324868738593,1.3533158318925922,,0.23273939932814414,3.0,10.0,deepseek/ALL/train_2008/M1/run_03,3.4939800033364627,0.0,2009.0,64486.0,2008.0,0.2864103514883256,0.0
M0,,,,,,,,,,,,,,,,,,,,,,,,,,,,,,,,,,,,,,,,,,,,,,MISSING,,not_started,,,,,,,ALL,,glm,,,new,10.0,,,,,3.0,,glm/ALL/train_2009/M0/run_03,,,2010.0,,2009.0,,0.0
M0,0.14745165684794825,0.15278527477306758,0.14565288418116995,-0.2728973450863865,0.664360551771296,0.0,0.18167586421472715,-0.26365730940745413,0.3344611389877947,0.31775971847160633,1.1707590544771016,0.0,0.14745165684794825,0.14058312932901385,-0.2735841059810581,0.647144472615079,0.004506313812253547,0.08446968040420089,-0.2760901829077005,0.23192133725214914,0.22075625588106274,0.8854026505427586,0.08088709239155514,0.1421217612277874,0.1355158849552427,-0.2742884109976387,0.6298447209789683,0.00899248811365502,-0.004566838254120409,-0.28831811754687997,0.137554922973667,0.13117327431833492,0.6005376597784231,0.1555364901105131,0.15011240828308536,0.1431123771862599,-0.27323965821601603,0.6557447164934618,0.002255609663582859,0.13189700537269022,-0.2699015074229244,0.2820094136557756,0.26818226961057023,1.027755288569784,0.04125582550459562,EVALUATED,0.08446968040420089,valid,18.0,0.0,10.0,0.3344611389877947,0.31775971847160633,0.0,ALL,-0.2760901829077005,deepseek,0.23192133725214914,0.22075625588106274,new,10.0,0.09036766168432854,0.7166032042515135,,0.07029134877631704,3.0,10.0,deepseek/ALL/train_2009/M0/run_03,0.8854026505427586,0.0,2010.0,41649.0,2009.0,0.31514249074966316,0.0
M1,,,,,,,,,,,,,,,,,,,,,,,,,,,,,,,,,,,,,,,,,,,,,,MISSING,,not_started,,,,,,,ALL,,glm,,,new,10.0,,,,,3.0,,glm/ALL/train_2009/M1/run_03,,,2010.0,,2009.0,,0.0
M1,0.14745165684794825,0.15278527477306758,0.14565288418116995,-0.2728973450863865,0.664360551771296,0.0,0.013902988247088688,-0.2935538558162536,0.16668826302015627,0.15886326799760875,0.6956151553591903,0.0,0.14745165684794825,0.14058312932901385,-0.2735841059810581,0.647144472615079,0.004506313812253547,-0.049948534933135,-0.3027962079523401,0.09750312191481325,0.09305501364164837,0.47497425272108257,0.05888025829454245,0.1421217612277874,0.1355158849552427,-0.2742884109976387,0.6298447209789683,0.00899248811365502,-0.10956909213077215,-0.311810071787478,0.03255266909701526,0.031109847344248598,0.25505010555097973,0.11431511687148667,0.15011240828308536,0.1431123771862599,-0.27323965821601603,0.6557447164934618,0.002255609663582859,-0.018451089622978145,-0.2981717151413137,0.13166131866010722,0.1255679153229965,0.5855913866794962,0.02988781376474526,EVALUATED,-0.049948534933135,valid,18.0,0.0,10.0,0.16668826302015627,0.15886326799760875,0.0,ALL,-0.3027962079523401,deepseek,0.09750312191481325,0.09305501364164837,new,10.0,0.06927233414283336,0.47833410102323365,,-0.04167001463131015,3.0,10.0,deepseek/ALL/train_2009/M1/run_03,0.47497425272108257,0.0,2010.0,68103.0,2009.0,0.24379361807697958,0.0
M2,,,,,,,,,,,,,,,,,,,,,,,,,,,,,,,,,,,,,,,,,,,,,,MISSING,,not_started,,,,,,,ALL,,glm,,,new,10.0,,,,,3.0,,glm/ALL/train_2009/M2/run_03,,,2010.0,,2009.0,,0.0
M2,0.14745165684794825,0.15278527477306758,0.14565288418116995,-0.2728973450863865,0.664360551771296,0.0,0.10183440151548684,-0.2722738073897252,0.2546196762885544,0.24225846049815525,0.9537642727896948,0.0,0.14745165684794825,0.14058312932901385,-0.2735841059810581,0.647144472615079,0.004506313812253547,0.03427027466030319,-0.28146884923073734,0.18172193150825144,0.1731402767882524,0.7388762649700051,0.060163814581569906,0.1421217612277874,0.1355158849552427,-0.2742884109976387,0.6298447209789683,0.00899248811365502,-0.028931715982755124,-0.29044633464080627,0.11319004524503229,0.10799174942793699,0.524457146084402,0.1168290171230167,0.15011240828308536,0.1431123771862599,-0.27323965821601603,0.6557447164934618,0.002255609663582859,0.06746661199792925,-0.27687808153964355,0.2175790202810146,0.20716083717203504,0.8462065737484217,0.030531451808511967,EVALUATED,0.03427027466030319,valid,16.0,0.0,10.0,0.2546196762885544,0.24225846049815525,0.0,ALL,-0.28146884923073734,deepseek,0.18172193150825144,0.1731402767882524,new,10.0,0.07207211442171423,0.5057811146730113,,0.02854430038640965,3.0,10.0,deepseek/ALL/train_2009/M2/run_03,0.7388762649700051,0.0,2010.0,92467.0,2009.0,0.23776429656092038,0.0
M3,,,,,,,,,,,,,,,,,,,,,,,,,,,,,,,,,,,,,,,,,,,,,,MISSING,,not_started,,,,,,,ALL,,glm,,,new,19.0,,,,,3.0,,glm/ALL/train_2009/M3/run_03,,,2010.0,,2009.0,,0.0
M3,,,,,,,,,,,,,,,,,,,,,,,,,,,,,,,,,,,,,,,,,,,,,,MISSING,,failed,,0.0,5.0,,,0.0,ALL,,deepseek,,,new,19.0,,,摘要格式不合规,,3.0,10.0,deepseek/ALL/train_2009/M3/run_03,,5.0,2010.0,57597.0,2009.0,,0.0
M2,,,,,,,,,,,,,,,,,,,,,,,,,,,,,,,,,,,,,,,,,,,,,,MISSING,,not_started,,,,,,,ALL,,glm,,,new,10.0,,,,,3.0,,glm/ALL/train_2010/M2/run_03,,,2011.0,,2010.0,,0.0
M2,-0.30202784832922014,-0.2989532398805307,-0.290003802557978,-0.3429059224817844,-1.3910269971218703,0.0,0.02889088677656937,-0.3143774326785266,-0.2700623531039613,-0.261809563452192,-1.2028358335097964,0.0,-0.30202784832922014,-0.29300668719509615,-0.34451759185893227,-1.4100348683983874,0.004015695642089144,-0.019950551868347377,-0.3513785080272751,-0.3219784001975675,-0.3125034133884024,-1.5162466412073163,0.06582439186795362,-0.30509253150499893,-0.2960003482694773,-0.34612734710711723,-1.429042169525631,0.008016191680294823,-0.06536826396147177,-0.38663497355558296,-0.3704607954664707,-0.3599696938736052,-1.829287079592078,0.12721528374404784,-0.30049244479637205,-0.29150704230582125,-0.3437127846224036,-1.4005353598799195,0.0020097208836405,0.004033863533780435,-0.333102835099096,-0.2964585812625916,-0.28756768451716497,-1.3594327913741484,0.03348275250401581,EVALUATED,-0.019950551868347377,valid,7.0,0.0,10.0,-0.2700623531039613,-0.261809563452192,0.0,ALL,-0.3513785080272751,deepseek,-0.3219784001975675,-0.3125034133884024,new,10.0,0.05233295856185767,0.5061507752566314,,-0.027576959838496173,3.0,10.0,deepseek/ALL/train_2010/M2/run_03,-1.5162466412073163,0.0,2011.0,89867.0,2010.0,0.2957797212023706,0.0
M3,,,,,,,,,,,,,,,,,,,,,,,,,,,,,,,,,,,,,,,,,,,,,,MISSING,,not_started,,,,,,,ALL,,glm,,,new,19.0,,,,,3.0,,glm/ALL/train_2010/M3/run_03,,,2011.0,,2010.0,,0.0
M3,,,,,,,,,,,,,,,,,,,,,,,,,,,,,,,,,,,,,,,,,,,,,,MISSING,,failed,,0.0,2.0,,,0.0,ALL,,deepseek,,,new,19.0,,,摘要格式不合规,,3.0,4.0,deepseek/ALL/train_2010/M3/run_03,,2.0,2011.0,21306.0,2010.0,,0.0
M0,,,,,,,,,,,,,,,,,,,,,,,,,,,,,,,,,,,,,,,,,,,,,,MISSING,,not_started,,,,,,,ALL,,glm,,,new,10.0,,,,,3.0,,glm/ALL/train_2010/M0/run_03,,,2011.0,,2010.0,,0.0
M0,-0.30202784832922014,-0.2989532398805307,-0.290003802557978,-0.3429059224817844,-1.3910269971218703,0.0,0.08125032019054679,-0.2851464428201844,-0.2177029196899839,-0.21081310911636253,-0.8754574785584227,0.0,-0.30202784832922014,-0.29300668719509615,-0.34451759185893227,-1.4100348683983874,0.004015695642089144,0.02744045127041206,-0.324306242535503,-0.2745873970588081,-0.26622282192224345,-1.1848430643816152,0.06845597197228066,-0.30509253150499893,-0.2960003482694773,-0.34612734710711723,-1.429042169525631,0.008016191680294823,-0.021657655746523896,-0.36081640150706273,-0.32675018725152283,-0.3171696688782535,-1.4898419612331908,0.13223197949392634,-0.30049244479637205,-0.29150704230582125,-0.3437127846224036,-1.4005353598799195,0.0020097208836405,0.0537556479561202,-0.3050589673069679,-0.24673679684025185,-0.23907559822643676,-1.0305007022180994,0.03483504199847138,EVALUATED,0.02744045127041206,valid,6.0,0.0,10.0,-0.2177029196899839,-0.21081310911636253,0.0,ALL,-0.324306242535503,deepseek,-0.2745873970588081,-0.26622282192224345,new,10.0,0.061428462857645874,0.5757583686610859,,0.03788418474085864,3.0,10.0,deepseek/ALL/train_2010/M0/run_03,-1.1848430643816152,0.0,2011.0,41254.0,2010.0,0.2976109987335802,0.0
M1,,,,,,,,,,,,,,,,,,,,,,,,,,,,,,,,,,,,,,,,,,,,,,MISSING,,not_started,,,,,,,ALL,,glm,,,new,10.0,,,,,3.0,,glm/ALL/train_2010/M1/run_03,,,2011.0,,2010.0,,0.0
M1,-0.30202784832922014,-0.2989532398805307,-0.290003802557978,-0.3429059224817844,-1.3910269971218703,0.0,0.058159333760928855,-0.3001045235830945,-0.24079390611960183,-0.2332874824105723,-1.0409073995583384,0.0,-0.30202784832922014,-0.29300668719509615,-0.34451759185893227,-1.4100348683983874,0.004015695642089144,0.006494083667610395,-0.3386276508908376,-0.29553376466160974,-0.2866646484418912,-1.3583827653258587,0.06716605629501039,-0.30509253150499893,-0.2960003482694773,-0.34612734710711723,-1.429042169525631,0.008016191680294823,-0.04095201627931899,-0.37484340990907405,-0.3460445477843179,-0.3360494568706818,-1.6723445362585885,0.12978906196549558,-0.30049244479637205,-0.29150704230582125,-0.3437127846224036,-1.4005353598799195,0.0020097208836405,0.03176839891009853,-0.31967920198115596,-0.2687240458862735,-0.2605045049084682,-1.2001011973902467,0.03417012554075739,EVALUATED,0.006494083667610395,valid,9.0,0.0,10.0,-0.24079390611960183,-0.2332874824105723,0.0,ALL,-0.3386276508908376,deepseek,-0.29553376466160974,-0.2866646484418912,new,10.0,0.06296128522859076,0.5736634153713831,,0.00897043669061559,3.0,10.0,deepseek/ALL/train_2010/M1/run_03,-1.3583827653258587,0.0,2011.0,65734.0,2010.0,0.29600989766257274,0.0
M0,,,,,,,,,,,,,,,,,,,,,,,,,,,,,,,,,,,,,,,,,,,,,,MISSING,,not_started,,,,,,,ALL,,glm,,,new,10.0,,,,,3.0,,glm/ALL/train_2011/M0/run_03,,,2012.0,,2011.0,,0.0
M0,0.09042528798093619,0.09440950122671721,0.0904985655036945,-0.26347329934061303,0.4888430377743787,0.0,0.2083007579345426,-0.16938360175177336,0.3027102591612598,0.2891111940378823,1.1749223561352307,0.0,0.09042528798093619,0.08668585305252363,-0.2649638664084205,0.4739307793060938,0.003816436207759237,0.13906365778101182,-0.20022269998429687,0.229488945761948,0.21945036285103048,0.9460148270157557,0.0639071309250745,0.08646128230717331,0.08289192968242731,-0.26644741860193677,0.4590527466973117,0.0076210056355837975,0.0744349507020261,-0.2317030854155736,0.16089623300919942,0.15404364875834187,0.7181515704042296,0.12431018907890926,0.09241825320553043,0.08859309989715625,-0.26421730448796754,0.4813953289362484,0.001909688067128412,0.1730288691719899,-0.1839828647155889,0.26544712237752033,0.2536800094446372,1.0602014392652006,0.032403511407968266,EVALUATED,0.13906365778101182,valid,3.0,0.0,10.0,0.3027102591612598,0.2891111940378823,0.0,ALL,-0.20022269998429687,deepseek,0.229488945761948,0.21945036285103048,new,10.0,0.09549066428992424,0.8491961647094982,,0.12217377213991387,3.0,10.0,deepseek/ALL/train_2011/M0/run_03,0.9460148270157557,0.0,2012.0,40228.0,2011.0,0.22800970386517358,0.0
M1,,,,,,,,,,,,,,,,,,,,,,,,,,,,,,,,,,,,,,,,,,,,,,MISSING,,not_started,,,,,,,ALL,,glm,,,new,10.0,,,,,3.0,,glm/ALL/train_2011/M1/run_03,,,2012.0,,2011.0,,0.0
M1,0.09042528798093619,0.09440950122671721,0.0904985655036945,-0.26347329934061303,0.4888430377743787,0.0,0.19252715026720946,-0.1502799275553799,0.28693665149392666,0.2741180342102749,1.2372821934725537,0.0,0.09042528798093619,0.08668585305252363,-0.2649638664084205,0.4739307793060938,0.003816436207759237,0.15871992928542533,-0.16058800377647708,0.24914521726636152,0.23816659569762266,1.1046047489363497,0.033196306896257154,0.08646128230717331,0.08289192968242731,-0.26644741860193677,0.4590527466973117,0.0076210056355837975,0.12605935322114004,-0.17077128156100174,0.21252063552831335,0.20328399711143974,0.9718340461599646,0.0654504110656288,0.09241825320553043,0.08859309989715625,-0.26421730448796754,0.4813953289362484,0.001909688067128412,0.17547398090391564,-0.15545238659978733,0.26789223410944607,0.2560061695011633,1.1709533380582668,0.016717963104049226,EVALUATED,0.15871992928542533,valid,2.0,0.0,10.0,0.28693665149392666,0.2741180342102749,0.0,ALL,-0.16058800377647708,deepseek,0.24914521726636152,0.23816659569762266,new,10.0,0.07918164569755302,0.6337228113453112,,0.139396995202971,3.0,10.0,deepseek/ALL/train_2011/M1/run_03,1.1046047489363497,0.0,2012.0,63841.0,2011.0,0.11858140427582257,0.0
M2,,,,,,,,,,,,,,,,,,,,,,,,,,,,,,,,,,,,,,,,,,,,,,MISSING,,not_started,,,,,,,ALL,,glm,,,new,10.0,,,,,3.0,,glm/ALL/train_2011/M2/run_03,,,2012.0,,2011.0,,0.0
M2,0.09042528798093619,0.09440950122671721,0.0904985655036945,-0.26347329934061303,0.4888430377743787,0.0,0.1810646074236606,-0.15877828835607888,0.2754741086503778,0.26321806499323674,1.155227695637699,0.0,0.09042528798093619,0.08668585305252363,-0.2649638664084205,0.4739307793060938,0.003816436207759237,0.13823381607002916,-0.17216955503125186,0.22865910405096534,0.21865994743553707,0.9961474702900823,0.04135098326376663,0.08646128230717331,0.08289192968242731,-0.26644741860193677,0.4590527466973117,0.0076210056355837975,0.0970072104606381,-0.18767270323568974,0.1834684927678114,0.175583973052732,0.836260707069758,0.08122895930279359,0.09241825320553043,0.08859309989715625,-0.26421730448796754,0.4813953289362484,0.001909688067128412,0.15946626688858045,-0.1654758702869108,0.2518845200941109,0.24077396256232175,1.0758897003593864,0.020861541369232153,EVALUATED,0.13823381607002916,valid,3.0,0.0,10.0,0.2754741086503778,0.26321806499323674,0.0,ALL,-0.17216955503125186,deepseek,0.22865910405096534,0.21865994743553707,new,10.0,0.0793576950537594,0.7031150757774246,,0.12144640883314661,3.0,10.0,deepseek/ALL/train_2011/M2/run_03,0.9961474702900823,0.0,2012.0,86643.0,2011.0,0.1485878875898642,0.0
M3,,,,,,,,,,,,,,,,,,,,,,,,,,,,,,,,,,,,,,,,,,,,,,MISSING,,not_started,,,,,,,ALL,,glm,,,new,19.0,,,,,3.0,,glm/ALL/train_2011/M3/run_03,,,2012.0,,2011.0,,0.0
M3,,,,,,,,,,,,,,,,,,,,,,,,,,,,,,,,,,,,,,,,,,,,,,MISSING,,failed,,0.0,2.0,,,0.0,ALL,,deepseek,,,new,19.0,,,摘要格式不合规,,3.0,4.0,deepseek/ALL/train_2011/M3/run_03,,2.0,2012.0,21491.0,2011.0,,0.0
M2,,,,,,,,,,,,,,,,,,,,,,,,,,,,,,,,,,,,,,,,,,,,,,MISSING,,not_started,,,,,,,ALL,,glm,,,new,10.0,,,,,3.0,,glm/ALL/train_2012/M2/run_03,,,2013.0,,2012.0,,0.0
M2,0.28139512142439704,0.28558032672202316,0.26650006590174,-0.1597025386123957,1.2422455435971314,0.0,0.1893969365898731,-0.1637364835255486,0.47497726331189627,0.44124754377013686,1.9942921984259065,0.0,0.28139512142439704,0.262622022228133,-0.15988146796196834,1.2279319535680036,0.003356741472795944,0.14010684926090455,-0.16650977912045695,0.4215019706853016,0.39205166797082125,1.8176832995669308,0.04242493786709867,0.2771880078083848,0.258722918186127,-0.16006327880430316,1.2134691054014222,0.006701624552651614,0.09250826212731145,-0.16928416493705778,0.36969626993569626,0.34428661948166894,1.6389173053274988,0.08331367615431733,0.2834906322521893,0.26456383289482743,-0.1597921913315492,1.2351099486071313,0.0016797998532876637,0.1645969659562574,-0.16512664804953658,0.4480875982084467,0.41652326921131433,1.9064760452674372,0.02140830929643964,EVALUATED,0.14010684926090455,valid,4.0,0.0,10.0,0.47497726331189627,0.44124754377013686,0.0,ALL,-0.16650977912045695,deepseek,0.4215019706853016,0.39205166797082125,new,10.0,0.07927022709739667,0.7332248211389271,,0.10250862369269109,3.0,10.0,deepseek/ALL/train_2012/M2/run_03,1.8176832995669308,0.0,2013.0,85608.0,2012.0,0.1474914198838791,0.0
M3,,,,,,,,,,,,,,,,,,,,,,,,,,,,,,,,,,,,,,,,,,,,,,MISSING,,not_started,,,,,,,ALL,,glm,,,new,19.0,,,,,3.0,,glm/ALL/train_2012/M3/run_03,,,2013.0,,2012.0,,0.0
M3,,,,,,,,,,,,,,,,,,,,,,,,,,,,,,,,,,,,,,,,,,,,,,MISSING,,failed,,0.0,4.0,,,0.0,ALL,,deepseek,,,new,19.0,,,摘要格式不合规,,3.0,8.0,deepseek/ALL/train_2012/M3/run_03,,4.0,2013.0,45634.0,2012.0,,0.0
M0,,,,,,,,,,,,,,,,,,,,,,,,,,,,,,,,,,,,,,,,,,,,,,MISSING,,not_started,,,,,,,ALL,,glm,,,new,10.0,,,,,3.0,,glm/ALL/train_2012/M0/run_03,,,2013.0,,2012.0,,0.0
M0,0.28139512142439704,0.28558032672202316,0.26650006590174,-0.1597025386123957,1.2422455435971314,0.0,0.18137752760488834,-0.1586479947152183,0.4669578543269115,0.4338767573462061,1.8029712896957313,0.0,0.28139512142439704,0.262622022228133,-0.15988146796196834,1.2279319535680036,0.003356741472795944,0.11531764438024705,-0.16123844232519557,0.3967127658046441,0.36920909421167925,1.5900144374706047,0.05450162308584989,0.2771880078083848,0.258722918186127,-0.16006327880430316,1.2134691054014222,0.006701624552651614,0.052651253588153146,-0.1642355759950156,0.32983926139653796,0.3074652459250573,1.3748073865004422,0.10642833282984343,0.2834906322521893,0.26456383289482743,-0.1597921913315492,1.2351099486071313,0.0016797998532876637,0.14795316923763768,-0.15993331666390342,0.431443801489827,0.4012061099406492,1.6969370380834383,0.027586878403772948,EVALUATED,0.11531764438024705,valid,2.0,0.0,10.0,0.4669578543269115,0.4338767573462061,0.0,ALL,-0.16123844232519557,deepseek,0.3967127658046441,0.36920909421167925,new,10.0,0.08226021789697499,0.9397424740337048,,0.08441724451744737,3.0,10.0,deepseek/ALL/train_2012/M0/run_03,1.5900144374706047,0.0,2013.0,40469.0,2012.0,0.19332149750975738,0.0
M1,,,,,,,,,,,,,,,,,,,,,,,,,,,,,,,,,,,,,,,,,,,,,,MISSING,,not_started,,,,,,,ALL,,glm,,,new,10.0,,,,,3.0,,glm/ALL/train_2012/M1/run_03,,,2013.0,,2012.0,,0.0
M1,0.28139512142439704,0.28558032672202316,0.26650006590174,-0.1597025386123957,1.2422455435971314,0.0,0.1430745718776083,-0.15414307771968472,0.42865489859963146,0.39863847003293906,1.8218901186663334,0.0,0.28139512142439704,0.262622022228133,-0.15988146796196834,1.2279319535680036,0.003356741472795944,0.08571074746944407,-0.1579626923637193,0.3671058688938411,0.34189546918548874,1.6131013715837017,0.0491550103351048,0.2771880078083848,0.258722918186127,-0.16006327880430316,1.2134691054014222,0.006701624552651614,0.031401487766775205,-0.16170318102218761,0.30858949557516,0.2878071875594994,1.4038849702566492,0.09618704691447448,0.2834906322521893,0.26456383289482743,-0.1597921913315492,1.2351099486071313,0.0016797998532876637,0.11408351478686352,-0.1560577697361909,0.3975741470390528,0.37000323575257044,1.71786477451519,0.024851122183976455,EVALUATED,0.08571074746944407,valid,6.0,0.0,10.0,0.42865489859963146,0.39863847003293906,0.0,ALL,-0.1579626923637193,deepseek,0.3671058688938411,0.34189546918548874,new,10.0,0.06893950173523238,0.730738430639383,,0.06278478084633976,3.0,10.0,deepseek/ALL/train_2012/M1/run_03,1.6131013715837017,0.0,2013.0,65370.0,2012.0,0.1735959079304598,0.0
M0,,,,,,,,,,,,,,,,,,,,,,,,,,,,,,,,,,,,,,,,,,,,,,MISSING,,not_started,,,,,,,ALL,,glm,,,new,10.0,,,,,3.0,,glm/ALL/train_2013/M0/run_03,,,2014.0,,2013.0,,0.0
M0,0.494365293322768,0.4995718309434709,0.48040659471078384,-0.10130961075383582,2.2076041607974215,0.0,0.06747573540868723,-0.09274879235700895,0.5670475663521581,0.5448598783683853,2.2964839990529073,0.0,0.494365293322768,0.4754294989561998,-0.10169673515864619,2.188950981665603,0.0038024471629007207,-0.020445032318339607,-0.10376415777316017,0.4739202610044284,0.4558800947174124,1.9923729031851312,0.07125304862679746,0.4891112678083107,0.47040644991288416,-0.10208790816772484,2.170020861305201,0.007589595960498729,-0.10324583544798016,-0.1146627756903188,0.38586543236033055,0.3715826441117318,1.6861370058197274,0.1378926582737326,0.49699154453814853,0.47794008513637065,-0.10150229416534884,2.198368539939878,0.001903165954878741,0.02287772538714683,-0.09821801237997341,0.5198692699252954,0.49980434575167165,2.144971655643033,0.036217988822344865,EVALUATED,-0.020445032318339607,valid,11.0,0.0,10.0,0.5670475663521581,0.5448598783683853,0.0,ALL,-0.10376415777316017,deepseek,0.4739202610044284,0.4558800947174124,new,10.0,0.07181768341357135,0.5958377565999001,,-0.013249975178493911,3.0,10.0,deepseek/ALL/train_2013/M0/run_03,1.9923729031851312,0.0,2014.0,41418.0,2013.0,0.2454918247892297,0.0
M1,,,,,,,,,,,,,,,,,,,,,,,,,,,,,,,,,,,,,,,,,,,,,,MISSING,,not_started,,,,,,,ALL,,glm,,,new,10.0,,,,,3.0,,glm/ALL/train_2013/M1/run_03,,,2014.0,,2013.0,,0.0
M1,0.494365293322768,0.4995718309434709,0.48040659471078384,-0.10130961075383582,2.2076041607974215,0.0,0.03752420953272129,-0.09620942067000082,0.5370960404761922,0.5162610812862971,2.238272953325802,0.0,0.494365293322768,0.4754294989561998,-0.10169673515864619,2.188950981665603,0.0038024471629007207,-0.023401666426208,-0.10316582504426852,0.47096362689656,0.4530522710486855,2.016171312766185,0.051248872388648656,0.4891112678083107,0.47040644991288416,-0.10208790816772484,2.170020861305201,0.007589595960498729,-0.0814727455686004,-0.11104396235091607,0.4076385222397103,0.39244207874033066,1.7935917833404356,0.10007804106676946,0.49699154453814853,0.47794008513637065,-0.10150229416534884,2.198368539939878,0.001903165954878741,0.00663413597013518,-0.0992430443374257,0.5036256805082837,0.48428141917008616,2.1271620687215833,0.025933556741288995,EVALUATED,-0.023401666426208,valid,9.0,0.0,10.0,0.5370960404761922,0.5162610812862971,0.0,ALL,-0.10316582504426852,deepseek,0.47096362689656,0.4530522710486855,new,10.0,0.05760521840829719,0.44305817487457955,,-0.015166585677828137,3.0,10.0,deepseek/ALL/train_2013/M1/run_03,2.016171312766185,0.0,2014.0,65445.0,2013.0,0.17672311354615589,0.0
M2,,,,,,,,,,,,,,,,,,,,,,,,,,,,,,,,,,,,,,,,,,,,,,MISSING,,not_started,,,,,,,ALL,,glm,,,new,10.0,,,,,3.0,,glm/ALL/train_2013/M2/run_03,,,2014.0,,2013.0,,0.0
M2,0.494365293322768,0.4995718309434709,0.48040659471078384,-0.10130961075383582,2.2076041607974215,0.0,0.10184720361756727,-0.09919754809985348,0.6014190345610382,0.5776576383777181,2.5159526426471306,0.0,0.494365293322768,0.4754294989561998,-0.10169673515864619,2.188950981665603,0.0038024471629007207,0.04653396140163446,-0.10083189524798908,0.5408992547244025,0.5198935009539847,2.3143005188901125,0.04578112151607724,0.4891112678083107,0.47040644991288416,-0.10208790816772484,2.170020861305201,0.007589595960498729,-0.00630564825172053,-0.10246612070428474,0.4828056195565902,0.46437726632848464,2.1129269298636,0.08962893846989342,0.49699154453814853,0.47794008513637065,-0.10150229416534884,2.198368539939878,0.001903165954878741,0.07376814098494977,-0.1000149459117935,0.5707596855230983,0.5484031283504669,2.414762247352548,0.023135475488396253,EVALUATED,0.04653396140163446,valid,8.0,0.0,10.0,0.6014190345610382,0.5776576383777181,0.0,ALL,-0.10083189524798908,deepseek,0.5408992547244025,0.5198935009539847,new,10.0,0.06315651547708129,0.5609863853013397,,0.030136310836431868,3.0,10.0,deepseek/ALL/train_2013/M2/run_03,2.3143005188901125,0.0,2014.0,89032.0,2013.0,0.15368622596620915,0.0
M3,,,,,,,,,,,,,,,,,,,,,,,,,,,,,,,,,,,,,,,,,,,,,,MISSING,,not_started,,,,,,,ALL,,glm,,,new,19.0,,,,,3.0,,glm/ALL/train_2013/M3/run_03,,,2014.0,,2013.0,,0.0
M3,,,,,,,,,,,,,,,,,,,,,,,,,,,,,,,,,,,,,,,,,,,,,,MISSING,,failed,,0.0,2.0,,,0.0,ALL,,deepseek,,,new,19.0,,,摘要格式不合规,,3.0,4.0,deepseek/ALL/train_2013/M3/run_03,,2.0,2014.0,21077.0,2013.0,,0.0
M2,,,,,,,,,,,,,,,,,,,,,,,,,,,,,,,,,,,,,,,,,,,,,,MISSING,,not_started,,,,,,,ALL,,glm,,,new,10.0,,,,,3.0,,glm/ALL/train_2014/M2/run_03,,,2015.0,,2014.0,,0.0
M2,0.8156330597181609,0.8250169640333049,0.7862241005942479,-0.4855662889038692,1.5910951747821322,0.0,0.6030595873016367,-0.4484488735065495,1.4280765513349416,1.3523557663085928,2.163970105880576,0.0,0.8156330597181609,0.7773668631388586,-0.48637430832188433,1.579605962188487,0.007141741652660086,0.5255465540366562,-0.45290027501971375,1.341179613754817,1.2711228988086227,2.0865064126421724,0.059402366551560476,0.806305961400555,0.7685616232324468,-0.4871740404893342,1.5680514825973562,0.01424719401360145,0.45070934050388245,-0.4572810720395303,1.2570153019044374,1.1923418345966623,2.008726742410943,0.11644461375362074,0.8203781972116122,0.7818458860123578,-0.48598529749515507,1.5853788419413817,0.0035759877583457964,0.5635800634305532,-0.4507094374026617,1.3839582606421654,1.311126384528848,2.1250215633943896,0.030003066334587828,EVALUATED,0.5255465540366562,valid,2.0,0.0,10.0,1.4280765513349416,1.3523557663085928,0.0,ALL,-0.45290027501971375,deepseek,1.341179613754817,1.2711228988086227,new,10.0,0.10099294625640526,0.8808701238673535,,0.27780198107091003,3.0,10.0,deepseek/ALL/train_2014/M2/run_03,2.0865064126421724,0.0,2015.0,87944.0,2014.0,0.1439436078495366,0.0
M3,,,,,,,,,,,,,,,,,,,,,,,,,,,,,,,,,,,,,,,,,,,,,,MISSING,,not_started,,,,,,,ALL,,glm,,,new,19.0,,,,,3.0,,glm/ALL/train_2014/M3/run_03,,,2015.0,,2014.0,,0.0
M3,0.8156330597181609,0.8250169640333049,0.7862241005942479,-0.4855662889038692,1.5910951747821322,0.0,0.1143486974914667,-0.5043318140681927,0.9393656615247716,0.8940268918723993,1.629330342770907,0.0,0.8156330597181609,0.7773668631388586,-0.48637430832188433,1.579605962188487,0.007141741652660086,0.012297923082803086,-0.510869006512791,0.827930982800964,0.7889742401975939,1.5071821099047515,0.08867881420290077,0.806305961400555,0.7685616232324468,-0.4871740404893342,1.5680514825973562,0.01424719401360145,-0.08462067455081623,-0.5173759124917617,0.7216852868497388,0.6886002444453319,1.3825282396182725,0.17197715040143396,0.8203781972116122,0.7818458860123578,-0.48598529749515507,1.5853788419413817,0.0035759877583457964,0.06286393179049576,-0.5075772953703006,0.883242129002108,0.8411453855277673,1.5687878019621082,0.04504722163562709,EVALUATED,0.012297923082803086,valid,4.0,0.0,10.0,0.9393656615247716,0.8940268918723993,0.0,ALL,-0.510869006512791,deepseek,0.827930982800964,0.7889742401975939,new,19.0,0.037072156861760054,0.3314443663537794,,0.006530659088713087,3.0,19.0,deepseek/ALL/train_2014/M3/run_03,1.5071821099047515,9.0,2015.0,116181.0,2014.0,0.23906528083411677,0.0
M0,,,,,,,,,,,,,,,,,,,,,,,,,,,,,,,,,,,,,,,,,,,,,,MISSING,,not_started,,,,,,,ALL,,glm,,,new,10.0,,,,,3.0,,glm/ALL/train_2014/M0/run_03,,,2015.0,,2014.0,,0.0
M0,0.8156330597181609,0.8250169640333049,0.7862241005942479,-0.4855662889038692,1.5910951747821322,0.0,0.33390840165346924,-0.49716928950122485,1.1589253656867742,1.1003930414117038,1.9255194766426855,0.0,0.8156330597181609,0.7773668631388586,-0.48637430832188433,1.579605962188487,0.007141741652660086,0.20196695066108084,-0.5052232982616555,1.0176000103792417,0.9676511541030592,1.7750040249555037,0.10279106166653798,0.806305961400555,0.7685616232324468,-0.4871740404893342,1.5680514825973562,0.01424719401360145,0.07685900425140835,-0.5124123590998669,0.8831649656519633,0.8410726412145175,1.6250584280475473,0.19820432959159556,0.8203781972116122,0.7818458860123578,-0.48598529749515507,1.5853788419413817,0.0035759877583457964,0.26704062494071135,-0.5010757567241177,1.0874188221523235,1.03326959683772,1.8508863604646462,0.05230501298459267,EVALUATED,0.20196695066108084,valid,4.0,0.0,10.0,1.1589253656867742,1.1003930414117038,0.0,ALL,-0.5052232982616555,deepseek,1.0176000103792417,0.9676511541030592,new,10.0,0.09562342437548096,0.8094105743713801,,0.1070596593818316,3.0,10.0,deepseek/ALL/train_2014/M0/run_03,1.7750040249555037,0.0,2015.0,40817.0,2014.0,0.2636736454079434,0.0
M1,,,,,,,,,,,,,,,,,,,,,,,,,,,,,,,,,,,,,,,,,,,,,,MISSING,,not_started,,,,,,,ALL,,glm,,,new,10.0,,,,,3.0,,glm/ALL/train_2014/M1/run_03,,,2015.0,,2014.0,,0.0
M1,0.8156330597181609,0.8250169640333049,0.7862241005942479,-0.4855662889038692,1.5910951747821322,0.0,0.5402329517646227,-0.466052782144762,1.3652499157979276,1.2936348799118225,2.0685620792612296,0.0,0.8156330597181609,0.7773668631388586,-0.48637430832188433,1.579605962188487,0.007141741652660086,0.4018977365666181,-0.47316455189153905,1.217530796284779,1.1553468643837816,1.9335065505592552,0.10183182420080336,0.806305961400555,0.7685616232324468,-0.4871740404893342,1.5680514825973562,0.01424719401360145,0.2763392301564094,-0.48044867735505303,1.0826451915569644,1.0287856788398648,1.801265084769462,0.19693735664577103,0.8203781972116122,0.7818458860123578,-0.48598529749515507,1.5853788419413817,0.0035759877583457964,0.4698422474030828,-0.46971856918811594,1.290220444614695,1.2234354567592187,2.001002733395886,0.05181016281524859,EVALUATED,0.4018977365666181,valid,3.0,0.0,10.0,1.3652499157979276,1.2936348799118225,0.0,ALL,-0.47316455189153905,deepseek,1.217530796284779,1.1553468643837816,new,10.0,0.09602087773264256,0.8316055790631971,,0.21266290549459455,3.0,10.0,deepseek/ALL/train_2014/M1/run_03,1.9335065505592552,0.0,2015.0,63596.0,2014.0,0.24925972105917005,0.0
M0,,,,,,,,,,,,,,,,,,,,,,,,,,,,,,,,,,,,,,,,,,,,,,MISSING,,not_started,,,,,,,ALL,,glm,,,new,10.0,,,,,3.0,,glm/ALL/train_2015/M0/run_03,,,2016.0,,2015.0,,0.0
M0,0.052314188079194635,0.05603558561379085,0.05398126318770813,-0.2653991793630962,0.33295977195678533,0.0,0.2914522412957834,-0.23537294648447082,0.34748782690957425,0.33321122937114933,1.073205040628465,0.0,0.052314188079194635,0.05039952780456103,-0.2656559316334033,0.3217453321160684,0.0032736501145092575,0.2244360368228413,-0.2379134631247556,0.27675022490203594,0.2656582229149784,0.9099541188803456,0.05916888464001035,0.04859545798401421,0.04681990783794654,-0.2659280388989852,0.3104935123940469,0.006535717435244459,0.1605918866900926,-0.24047650906493967,0.20918734467410682,0.20101212927374545,0.7448413418916345,0.11501394781926454,0.05416654931350928,0.052182427312303936,-0.2655281281788118,0.32733318160529024,0.0016382263727107121,0.25747280815553086,-0.23664450057079833,0.31163935746904015,0.29899291161658104,0.9916319551922284,0.030008149675550187,EVALUATED,0.2244360368228413,valid,4.0,0.0,10.0,0.34748782690957425,0.33321122937114933,0.0,ALL,-0.2379134631247556,deepseek,0.27675022490203594,0.2656582229149784,new,10.0,0.11859291389423743,0.9722031143661714,,0.20493030452929606,3.0,10.0,deepseek/ALL/train_2015/M0/run_03,0.9099541188803456,0.0,2016.0,40852.0,2015.0,0.21567361907563157,0.0
M1,,,,,,,,,,,,,,,,,,,,,,,,,,,,,,,,,,,,,,,,,,,,,,MISSING,,not_started,,,,,,,ALL,,glm,,,new,10.0,,,,,3.0,,glm/ALL/train_2015/M1/run_03,,,2016.0,,2015.0,,0.0
M1,0.052314188079194635,0.05603558561379085,0.05398126318770813,-0.2653991793630962,0.33295977195678533,0.0,0.10693726311215235,-0.25287321470887303,0.1629728487259432,0.15671882900126044,0.6224617598695757,0.0,0.052314188079194635,0.05039952780456103,-0.2656559316334033,0.3217453321160684,0.0032736501145092575,0.06293734694501163,-0.2549789031193481,0.11525153502420626,0.11091528669957751,0.4966219730683005,0.04186055620177249,0.04859545798401421,0.04681990783794654,-0.2659280388989852,0.3104935123940469,0.006535717435244459,0.021192628572572758,-0.2570733354854612,0.06978808655658697,0.06721374172201444,0.3715618397906533,0.08195691319746597,0.05416654931350928,0.052182427312303936,-0.2655281281788118,0.32733318160529024,0.0016382263727107121,0.0847131941429875,-0.25392686630206185,0.13887974345649678,0.13360251761195796,0.559599231057342,0.02115880839092973,EVALUATED,0.06293734694501163,valid,8.0,0.0,10.0,0.1629728487259432,0.15671882900126044,0.0,ALL,-0.2549789031193481,deepseek,0.11525153502420626,0.11091528669957751,new,10.0,0.07241062613761483,0.5277246872265456,,0.05761213451942471,3.0,10.0,deepseek/ALL/train_2015/M1/run_03,0.4966219730683005,0.0,2016.0,66930.0,2015.0,0.1656712195219118,0.0
M2,,,,,,,,,,,,,,,,,,,,,,,,,,,,,,,,,,,,,,,,,,,,,,MISSING,,not_started,,,,,,,ALL,,glm,,,new,10.0,,,,,3.0,,glm/ALL/train_2015/M2/run_03,,,2016.0,,2015.0,,0.0
M2,0.052314188079194635,0.05603558561379085,0.05398126318770813,-0.2653991793630962,0.33295977195678533,0.0,0.11713726780071432,-0.24399574668154977,0.17317285341450517,0.16650012755164445,0.6553153964398574,0.0,0.052314188079194635,0.05039952780456103,-0.2656559316334033,0.3217453321160684,0.0032736501145092575,0.07659781163318224,-0.24607286866775513,0.12891199971237688,0.12403380288734689,0.5374151078873124,0.03913505913442716,0.04859545798401421,0.04681990783794654,-0.2659280388989852,0.3104935123940469,0.006535717435244459,0.03777343232780006,-0.24814331397937006,0.08636889031181427,0.08315950767287839,0.4195697556230259,0.07673031850924997,0.05416654931350928,0.052182427312303936,-0.2655281281788118,0.32733318160529024,0.0016382263727107121,0.09669084445629217,-0.24503515805485498,0.15085739376980145,0.14509672477779922,0.5964519679309731,0.019762331578986988,EVALUATED,0.07659781163318224,valid,7.0,0.0,10.0,0.17317285341450517,0.16650012755164445,0.0,ALL,-0.24607286866775513,deepseek,0.12891199971237688,0.12403380288734689,new,10.0,0.07696871914090347,0.6094837761173013,,0.0701012073345928,3.0,10.0,deepseek/ALL/train_2015/M2/run_03,0.5374151078873124,0.0,2016.0,92850.0,2015.0,0.15197024648795765,0.0
M3,,,,,,,,,,,,,,,,,,,,,,,,,,,,,,,,,,,,,,,,,,,,,,MISSING,,not_started,,,,,,,ALL,,glm,,,new,19.0,,,,,3.0,,glm/ALL/train_2015/M3/run_03,,,2016.0,,2015.0,,0.0
M3,,,,,,,,,,,,,,,,,,,,,,,,,,,,,,,,,,,,,,,,,,,,,,MISSING,,failed,,0.0,1.0,,,0.0,ALL,,deepseek,,,new,19.0,,,摘要格式不合规,,3.0,2.0,deepseek/ALL/train_2015/M3/run_03,,1.0,2016.0,9532.0,2015.0,,0.0
M1,0.1399222343553146,0.14415162582034569,0.13866214498630547,-0.2809240376694757,0.5830207488702139,0.0,0.12804321679855324,-0.2623808716446354,0.2721948426188989,0.261303417373421,0.9066064509078894,0.0,0.1399222343553146,0.1346031022745715,-0.28116325445315693,0.5715249606934846,0.0034766975931687883,0.07959991169282499,-0.26405359193352673,0.21952214604813958,0.21090894704281382,0.7768950299439786,0.045164375614136804,0.13570822053418974,0.13055828287261773,-0.28140255194399943,0.5600211610563735,0.006941122938168017,0.033509573441703244,-0.2656995420397492,0.16921779397589298,0.16270778370238803,0.6472874355676808,0.08832693525289322,0.1420354222294944,0.1366312436125543,-0.2810436374080565,0.5772750134664567,0.0017398869815654111,0.1035172522654928,-0.2632193191169738,0.2455526744949872,0.23582310164779985,0.8417401962848923,0.022837835615571834,EVALUATED,0.07959991169282499,valid,11.0,0.0,10.0,0.2721948426188989,0.261303417373421,0.0,C26,-0.26405359193352673,deepseek,0.21952214604813958,0.21090894704281382,new,10.0,0.08633364118591949,0.6395061478543519,,0.06725333697331681,3.0,10.0,deepseek/C26/train_2015/M1/run_03,0.7768950299439786,0.0,2016.0,66702.0,2015.0,0.17593632617159286,0.0
M1,,,,,,,,,,,,,,,,,,,,,,,,,,,,,,,,,,,,,,,,,,,,,,MISSING,,not_started,,,,,,,C26,,glm,,,new,10.0,,,,,3.0,,glm/C26/train_2015/M1/run_03,,,2016.0,,2015.0,,0.0
M2,0.1399222343553146,0.14415162582034569,0.13866214498630547,-0.2809240376694757,0.5830207488702139,0.0,0.2498896504607908,-0.2572642618374843,0.3940412762811365,0.3775993583731956,1.2203352810593504,0.0,0.1399222343553146,0.1346031022745715,-0.28116325445315693,0.5715249606934846,0.0034766975931687883,0.20849877640322312,-0.25872479196718023,0.3484210107585377,0.33410154026903727,1.114690940149371,0.036571831714251435,0.13570822053418974,0.13055828287261773,-0.28140255194399943,0.5600211610563735,0.006941122938168017,0.16859281734612375,-0.26018312034616864,0.3043010378803135,0.29198420038784256,1.0087646327122128,0.07189720935041566,0.1420354222294944,0.1366312436125543,-0.2810436374080565,0.5772750134664567,0.0017398869815654111,0.22900518953972449,-0.2579948037399127,0.3710406117692189,0.35567524258138206,1.1675524844838383,0.01844452860872043,EVALUATED,0.20849877640322312,valid,7.0,0.0,10.0,0.3940412762811365,0.3775993583731956,0.0,C26,-0.25872479196718023,deepseek,0.3484210107585377,0.33410154026903727,new,10.0,0.12070969079158904,0.8696853064134606,,0.17583103518272214,3.0,10.0,deepseek/C26/train_2015/M2/run_03,1.114690940149371,0.0,2016.0,89717.0,2015.0,0.1334570518976413,0.0
M2,,,,,,,,,,,,,,,,,,,,,,,,,,,,,,,,,,,,,,,,,,,,,,MISSING,,not_started,,,,,,,C26,,glm,,,new,10.0,,,,,3.0,,glm/C26/train_2015/M2/run_03,,,2016.0,,2015.0,,0.0
M3,,,,,,,,,,,,,,,,,,,,,,,,,,,,,,,,,,,,,,,,,,,,,,MISSING,,failed,,0.0,5.0,,,0.0,C26,,deepseek,,,new,19.0,,,摘要格式不合规,,3.0,10.0,deepseek/C26/train_2015/M3/run_03,,5.0,2016.0,59160.0,2015.0,,0.0
M3,,,,,,,,,,,,,,,,,,,,,,,,,,,,,,,,,,,,,,,,,,,,,,MISSING,,not_started,,,,,,,C26,,glm,,,new,19.0,,,,,3.0,,glm/C26/train_2015/M3/run_03,,,2016.0,,2015.0,,0.0
M0,0.1399222343553146,0.14415162582034569,0.13866214498630547,-0.2809240376694757,0.5830207488702139,0.0,0.19987285517210474,-0.2535798088718415,0.3440244809924504,0.32990680614464285,1.0684308594970549,0.0,0.1399222343553146,0.1346031022745715,-0.28116325445315693,0.5715249606934846,0.0034766975931687883,0.13662268091867613,-0.2564155454218009,0.2765449152739907,0.2654619651728203,0.9118190271944641,0.05509416096494744,0.13570822053418974,0.13055828287261773,-0.28140255194399943,0.5600211610563735,0.006941122938168017,0.07738346285148512,-0.2592412149749115,0.21309168338567486,0.20475135778144526,0.7563721226244311,0.10719479822979532,0.1420354222294944,0.1366312436125543,-0.2810436374080565,0.5772750134664567,0.0017398869815654111,0.16780723362614625,-0.25499893807354557,0.30984265585564064,0.29727704051414094,0.990170915314493,0.027936774799935348,EVALUATED,0.13662268091867613,valid,9.0,0.0,10.0,0.3440244809924504,0.32990680614464285,0.0,C26,-0.2564155454218009,deepseek,0.2765449152739907,0.2654619651728203,new,10.0,0.11177381319404665,0.8011135101912544,,0.11533448360568754,3.0,10.0,deepseek/C26/train_2015/M0/run_03,0.9118190271944641,0.0,2016.0,41716.0,2015.0,0.20284500752156778,0.0
M0,,,,,,,,,,,,,,,,,,,,,,,,,,,,,,,,,,,,,,,,,,,,,,MISSING,,not_started,,,,,,,C26,,glm,,,new,10.0,,,,,3.0,,glm/C26/train_2015/M0/run_03,,,2016.0,,2015.0,,0.0
M2,,,,,,,,,,,,,,,,,,,,,,,,,,,,,,,,,,,,,,,,,,,,,,MISSING,,not_started,,,,,,,C35,,glm,,,new,10.0,,,,,3.0,,glm/C35/train_2015/M2/run_03,,,2016.0,,2015.0,,0.0
M2,-0.00015245231165805784,0.003020530350287931,0.0029124973270568955,-0.2764764696170763,0.17835952077230097,0.0,0.21105647650361048,-0.24247080939910537,0.2140770068538984,0.20569494502575947,0.7376910590696761,0.0,-0.00015245231165805784,-0.00014700798647071522,-0.2764800870563098,0.16877131761282482,0.0031502627424883243,0.15352124823090074,-0.2451767440832705,0.15336879591924268,0.14750621819195175,0.5889544740514331,0.051216955551407976,-0.0027736473357082847,-0.002674721100127897,-0.27645741182861006,0.1607696908125557,0.006302643624883595,0.09853763325813492,-0.24789826809270965,0.09576398592242663,0.09219090934777441,0.4403124101092332,0.09970616000075369,0.0013884570183240186,0.0013388360878130445,-0.2764917005786791,0.17344024216000611,0.0015751447639528386,0.1819239147666878,-0.2438251201904429,0.1833123717850118,0.17622041283731837,0.6632922133939843,0.02595823447239856,EVALUATED,0.15352124823090074,valid,5.0,0.0,10.0,0.2140770068538984,0.20569494502575947,0.0,C35,-0.2451767440832705,deepseek,0.15336879591924268,0.14750621819195175,new,10.0,0.12181475080544227,0.9567373586757929,,0.14767493557335332,3.0,10.0,deepseek/C35/train_2015/M2/run_03,0.5889544740514331,0.0,2016.0,88591.0,2015.0,0.20404698462940707,0.0
M3,,,,,,,,,,,,,,,,,,,,,,,,,,,,,,,,,,,,,,,,,,,,,,MISSING,,not_started,,,,,,,C35,,glm,,,new,19.0,,,,,3.0,,glm/C35/train_2015/M3/run_03,,,2016.0,,2015.0,,0.0
M3,-0.00015245231165805784,0.003020530350287931,0.0029124973270568955,-0.2764764696170763,0.17835952077230097,0.0,0.1050205253485994,-0.27615114884818037,0.10804105569888733,0.10398855714115829,0.4758142305864481,0.0,-0.00015245231165805784,-0.00014700798647071522,-0.2764800870563098,0.16877131761282482,0.0031502627424883243,0.06045387991212925,-0.2779367186923959,0.06030142760047119,0.058086455906028345,0.34497864208817713,0.041879737909894264,-0.0027736473357082847,-0.002674721100127897,-0.27645741182861006,0.1607696908125557,0.006302643624883595,0.017691976438104273,-0.27971542984989906,0.014918329102395989,0.014381718936245624,0.2150400834308658,0.08194629303133513,0.0013884570183240186,0.0013388360878130445,-0.2764917005786791,0.17344024216000611,0.0015751447639528386,0.08250424653586119,-0.2770449802996646,0.08389270355418521,0.08077871314571117,0.4103552132702239,0.02117545730893012,EVALUATED,0.06045387991212925,valid,5.0,0.0,10.0,0.10804105569888733,0.10398855714115829,0.0,C35,-0.2779367186923959,deepseek,0.06030142760047119,0.058086455906028345,new,19.0,0.10020307968011576,0.7729990264776601,,0.05824202593545991,3.0,19.0,deepseek/C35/train_2015/M3/run_03,0.34497864208817713,9.0,2016.0,118215.0,2015.0,0.17538544750401577,0.0
M0,,,,,,,,,,,,,,,,,,,,,,,,,,,,,,,,,,,,,,,,,,,,,,MISSING,,not_started,,,,,,,C35,,glm,,,new,10.0,,,,,3.0,,glm/C35/train_2015/M0/run_03,,,2016.0,,2015.0,,0.0
M0,-0.00015245231165805784,0.003020530350287931,0.0029124973270568955,-0.2764764696170763,0.17835952077230097,0.0,0.23005081985424192,-0.243083573597357,0.23307135020452985,0.22387940987321975,0.7730868475584208,0.0,-0.00015245231165805784,-0.00014700798647071522,-0.2764800870563098,0.16877131761282482,0.0031502627424883243,0.17102989362358034,-0.2457259453235865,0.17087744131192228,0.16429920698211165,0.6263139245619604,0.05352020825833218,-0.0027736473357082847,-0.002674721100127897,-0.27645741182861006,0.1607696908125557,0.006302643624883595,0.11437797956576246,-0.2483549668085968,0.11160433223005417,0.107411810690619,0.4789949351620846,0.1041319062506112,0.0013884570183240186,0.0013388360878130445,-0.2764917005786791,0.17344024216000611,0.0015751447639528386,0.20018514062779258,-0.2444064334956516,0.2015735976461166,0.19371911755515736,0.6997131590430551,0.02713023556985091,EVALUATED,0.17102989362358034,valid,6.0,0.0,10.0,0.23307135020452985,0.22387940987321975,0.0,C35,-0.2457259453235865,deepseek,0.17087744131192228,0.16429920698211165,new,10.0,0.12163988679710838,0.9228032683383166,,0.1644703934299545,3.0,10.0,deepseek/C35/train_2015/M0/run_03,0.6263139245619604,0.0,2016.0,40681.0,2015.0,0.20838267992461443,0.0
M1,,,,,,,,,,,,,,,,,,,,,,,,,,,,,,,,,,,,,,,,,,,,,,MISSING,,not_started,,,,,,,C35,,glm,,,new,10.0,,,,,3.0,,glm/C35/train_2015/M1/run_03,,,2016.0,,2015.0,,0.0
M1,-0.00015245231165805784,0.003020530350287931,0.0029124973270568955,-0.2764764696170763,0.17835952077230097,0.0,0.17466200361415707,-0.22673164857953865,0.177682533964445,0.17082371776008598,0.6570247279201116,0.0,-0.00015245231165805784,-0.00014700798647071522,-0.2764800870563098,0.16877131761282482,0.0031502627424883243,0.12933836926618802,-0.22831794163667973,0.12918591695452997,0.12429679486701573,0.5320234877830226,0.04392266433862945,-0.0027736473357082847,-0.002674721100127897,-0.27645741182861006,0.1607696908125557,0.006302643624883595,0.08545578648478958,-0.22990293121361038,0.08268213914908129,0.07961471366336426,0.40699181728666656,0.08593889690028401,0.0013884570183240186,0.0013388360878130445,-0.2764917005786791,0.17344024216000611,0.0015751447639528386,0.15181443906516345,-0.22752521533310965,0.15320289608348747,0.14734705609418786,0.594593539182726,0.02220520296127386,EVALUATED,0.12933836926618802,valid,9.0,0.0,10.0,0.177682533964445,0.17082371776008598,0.0,C35,-0.22831794163667973,deepseek,0.12918591695452997,0.12429679486701573,new,10.0,0.10196877441010219,0.7576121334468088,,0.12446209977616651,3.0,10.0,deepseek/C35/train_2015/M1/run_03,0.5320234877830226,0.0,2016.0,66405.0,2015.0,0.1712730453419375,0.0
M3,,,,,,,,,,,,,,,,,,,,,,,,,,,,,,,,,,,,,,,,,,,,,,MISSING,,failed,,0.0,2.0,,,0.0,C39,,deepseek,,,new,19.0,,,摘要格式不合规,,3.0,4.0,deepseek/C39/train_2015/M3/run_03,,2.0,2016.0,21910.0,2015.0,,0.0
M3,,,,,,,,,,,,,,,,,,,,,,,,,,,,,,,,,,,,,,,,,,,,,,MISSING,,not_started,,,,,,,C39,,glm,,,new,19.0,,,,,3.0,,glm/C39/train_2015/M3/run_03,,,2016.0,,2015.0,,0.0
M0,0.013971108100331753,0.017452329928515642,0.016823819007128815,-0.2831546446084072,0.22831270088172403,0.0,0.18465630283546175,-0.25320698775895323,0.2021086327639774,0.19423166767675148,0.6766998793689458,0.0,0.013971108100331753,0.013468794966954745,-0.2834207047731241,0.21859654273399282,0.0031412474778262033,0.12314638190455485,-0.2558060470156932,0.1371174900048866,0.13191102913970454,0.5307045053561678,0.05849794617295994,0.0105272827497922,0.010149406948613882,-0.2836742244132202,0.2089469993648035,0.006271957419232348,0.06492027770431319,-0.25835029899452044,0.07544756045410539,0.07265744557645704,0.38401362478366885,0.11370824300030453,0.015694760403274444,0.01513001447247242,-0.28328603166824307,0.2234128533035515,0.0015718227209058483,0.15349397448954294,-0.2545309648581109,0.16918873489281738,0.1626799184490504,0.6038049698479646,0.02966885959622587,EVALUATED,0.12314638190455485,valid,7.0,0.0,10.0,0.2021086327639774,0.19423166767675148,0.0,C39,-0.2558060470156932,deepseek,0.1371174900048866,0.13191102913970454,new,10.0,0.09534784564442565,0.6062709438100067,,0.11686816087574914,3.0,10.0,deepseek/C39/train_2015/M0/run_03,0.5307045053561678,0.0,2016.0,41680.0,2015.0,0.21808359972212893,0.0
M0,,,,,,,,,,,,,,,,,,,,,,,,,,,,,,,,,,,,,,,,,,,,,,MISSING,,not_started,,,,,,,C39,,glm,,,new,10.0,,,,,3.0,,glm/C39/train_2015/M0/run_03,,,2016.0,,2015.0,,0.0
M1,0.013971108100331753,0.017452329928515642,0.016823819007128815,-0.2831546446084072,0.22831270088172403,0.0,0.14045901051799103,-0.25871978634820525,0.15791134044650668,0.151863957763533,0.5817908168699275,0.0,0.013971108100331753,0.013468794966954745,-0.2834207047731241,0.21859654273399282,0.0031412474778262033,0.09337291011911786,-0.2608163492934792,0.10734401821944961,0.10331886459895379,0.46234762486796205,0.04541820929290086,0.0105272827497922,0.010149406948613882,-0.2836742244132202,0.2089469993648035,0.006271957419232348,0.04853426570554853,-0.2629080047684602,0.05906154845534073,0.05689333084109971,0.3430245052984342,0.08876756444159067,0.015694760403274444,0.01513001447247242,-0.28328603166824307,0.2234128533035515,0.0015718227209058483,0.11665551563674459,-0.2597686823159385,0.13235027604001903,0.12733477759558065,0.5220950439756272,0.022974639552591443,EVALUATED,0.09337291011911786,valid,13.0,0.0,10.0,0.15791134044650668,0.151863957763533,0.0,C39,-0.2608163492934792,deepseek,0.10734401821944961,0.10331886459895379,new,10.0,0.08522802965219785,0.5311908369328754,,0.08865598040927214,3.0,10.0,deepseek/C39/train_2015/M1/run_03,0.46234762486796205,0.0,2016.0,67764.0,2015.0,0.17657798907404773,0.0
M1,,,,,,,,,,,,,,,,,,,,,,,,,,,,,,,,,,,,,,,,,,,,,,MISSING,,not_started,,,,,,,C39,,glm,,,new,10.0,,,,,3.0,,glm/C39/train_2015/M1/run_03,,,2016.0,,2015.0,,0.0
M2,0.013971108100331753,0.017452329928515642,0.016823819007128815,-0.2831546446084072,0.22831270088172403,0.0,0.1312439511372956,-0.2695824418486724,0.14869628106581123,0.14302315630221707,0.5653247595605974,0.0,0.013971108100331753,0.013468794966954745,-0.2834207047731241,0.21859654273399282,0.0031412474778262033,0.07963648792336953,-0.2720440333607017,0.09360759602370128,0.09011824093698317,0.43023886509360343,0.04955263162847329,0.0105272827497922,0.010149406948613882,-0.2836742244132202,0.2089469993648035,0.006271957419232348,0.030826813025342625,-0.27449547850072475,0.041354095775134825,0.03984812764976797,0.29548381243676436,0.0965652075912225,0.015694760403274444,0.01513001447247242,-0.28328603166824307,0.2234128533035515,0.0015718227209058483,0.10509989067147618,-0.2708145088965489,0.12079465107475063,0.11623917990969268,0.49776492991154087,0.025102760898343856,EVALUATED,0.07963648792336953,valid,9.0,0.0,10.0,0.14869628106581123,0.14302315630221707,0.0,C39,-0.2720440333607017,deepseek,0.09360759602370128,0.09011824093698317,new,10.0,0.09101854554745156,0.5958721999818869,,0.07563079036146125,3.0,10.0,deepseek/C39/train_2015/M2/run_03,0.43023886509360343,0.0,2016.0,94495.0,2015.0,0.19518897702232912,0.0
M2,,,,,,,,,,,,,,,,,,,,,,,,,,,,,,,,,,,,,,,,,,,,,,MISSING,,not_started,,,,,,,C39,,glm,,,new,10.0,,,,,3.0,,glm/C39/train_2015/M2/run_03,,,2016.0,,2015.0,,0.0
M1,-0.15644647325265082,-0.15380505637003616,-0.1487428595675203,-0.17903929845137512,-0.9731707659453399,0.0,-0.003831020278714403,-0.20847465264708154,-0.15763607664875057,-0.1524594584325425,-0.7448234617650847,0.0,-0.15644647325265082,-0.15130532052894918,-0.18030791254374035,-0.9934595974597322,0.0028581218454842277,-0.03247118167913954,-0.22346818158989423,-0.18891765493179036,-0.18282959700002577,-0.9330938310609358,0.03342355284695545,-0.15908289590805302,-0.1538632223170292,-0.1815759815632353,-1.0136779605651176,0.005708613080751825,-0.060095314329215,-0.2488062198626706,-0.21917821023726802,-0.21224828814703112,-1.122178829298665,0.06566043535173567,-0.15513155585010707,-0.15002967222007102,-0.17967616517799,-0.9833746651058128,0.0014299897783285917,-0.018303378418278893,-0.21326421214588887,-0.17343493426838597,-0.16779286036829166,-0.8390154910365516,0.016862352888380484,EVALUATED,-0.03247118167913954,valid,5.0,0.0,10.0,-0.15763607664875057,-0.1524594584325425,0.0,ALL,-0.22346818158989423,deepseek,-0.18891765493179036,-0.18282959700002577,reused,10.0,0.038794240103838286,0.21924569626050222,,-0.03714442570881216,3.0,10.0,deepseek/ALL/train_2016/M1/run_03,-0.9330938310609358,0.0,2017.0,65297.0,2016.0,0.1523529986757527,0.0
M1,-0.15644647325265082,-0.15380505637003616,-0.1487428595675203,-0.17903929845137512,-0.9731707659453399,0.0,0.028163494415317958,-0.18738635740047638,-0.1256415619547182,-0.12143879255295564,-0.6311591309010196,0.0,-0.15644647325265082,-0.15130532052894918,-0.18030791254374035,-0.9934595974597322,0.0028581218454842277,-0.0054619654418445185,-0.19678908120663552,-0.16190843869449534,-0.15660492965781625,-0.860855513177505,0.03706337957919232,-0.15908289590805302,-0.1538632223170292,-0.1815759815632353,-1.0136779605651176,0.005708613080751825,-0.03708237595036579,-0.22430782593032095,-0.1961652718584188,-0.18987195586299632,-1.0863839193768818,0.07266072981320712,-0.15513155585010707,-0.15002967222007102,-0.17967616517799,-0.9833746651058128,0.0014299897783285917,0.011145389821334062,-0.190604335369996,-0.143986166028773,-0.13921996787607782,-0.7461819402522895,0.01872227252812479,EVALUATED,-0.0054619654418445185,valid,6.0,0.0,10.0,-0.1256415619547182,-0.12143879255295564,0.0,ALL,-0.19678908120663552,glm,-0.16190843869449534,-0.15660492965781625,reused,10.0,0.05563181024716466,0.3891364950731159,,-0.0062444236508824025,3.0,10.0,glm/ALL/train_2016/M1/run_03,-0.860855513177505,0.0,2017.0,62467.0,2016.0,0.16621174580708664,0.0
M2,-0.15644647325265082,-0.15380505637003616,-0.1487428595675203,-0.17903929845137512,-0.9731707659453399,0.0,0.014055781832613246,-0.19599262511840554,-0.13974927453742292,-0.13511200837202664,-0.7622358481171934,0.0,-0.15644647325265082,-0.15130532052894918,-0.18030791254374035,-0.9934595974597322,0.0028581218454842277,-0.016877043327881425,-0.20787785468028297,-0.17332351658053224,-0.1676846887765442,-0.9881305907679698,0.03510459113843614,-0.15908289590805302,-0.1538632223170292,-0.1815759815632353,-1.0136779605651176,0.005708613080751825,-0.046230891758136994,-0.22675181472627415,-0.20531378766619002,-0.19876461979583393,-1.2111193561680949,0.0688638761127482,-0.15513155585010707,-0.15002967222007102,-0.17967616517799,-0.9833746651058128,0.0014299897783285917,-0.001590706691501076,-0.20197684579530018,-0.15672226254160815,-0.15157288256850454,-0.8753645395226002,0.017723256442360905,EVALUATED,-0.016877043327881425,valid,6.0,0.0,10.0,-0.13974927453742292,-0.13511200837202664,0.0,ALL,-0.20787785468028297,deepseek,-0.17332351658053224,-0.1676846887765442,reused,10.0,0.04353222381169767,0.3045690666448502,,-0.01929948265706516,3.0,10.0,deepseek/ALL/train_2016/M2/run_03,-0.9881305907679698,0.0,2017.0,89281.0,2016.0,0.1598369672660468,0.0
M2,-0.15644647325265082,-0.15380505637003616,-0.1487428595675203,-0.17903929845137512,-0.9731707659453399,0.0,-0.005818974852004777,-0.20103285328169362,-0.15962403122204094,-0.15438827633610708,-0.8701456790253943,0.0,-0.15644647325265082,-0.15130532052894918,-0.18030791254374035,-0.9934595974597322,0.0028581218454842277,-0.04279702577078359,-0.22700827923174638,-0.1992434990234344,-0.19286369027616923,-1.1379706475277003,0.042017182816590073,-0.15908289590805302,-0.1538632223170292,-0.1815759815632353,-1.0136779605651176,0.005708613080751825,-0.07871522728344649,-0.2594345579076739,-0.2377981231914995,-0.23037033496070736,-1.4102834739177845,0.08207726712879318,-0.15513155585010707,-0.15002967222007102,-0.17967616517799,-0.9833746651058128,0.0014299897783285917,-0.024502321231791746,-0.21404391548552826,-0.17963387708189882,-0.17381202279464147,-1.0037506522992772,0.021254458812482398,EVALUATED,-0.04279702577078359,valid,8.0,0.0,10.0,-0.15962403122204094,-0.15438827633610708,0.0,ALL,-0.22700827923174638,glm,-0.1992434990234344,-0.19286369027616923,reused,10.0,0.03761654324574568,0.2777845606838605,,-0.048967397525245815,3.0,10.0,glm/ALL/train_2016/M2/run_03,-1.1379706475277003,0.0,2017.0,86870.0,2016.0,0.19217728396589212,0.0
M3,,,,,,,,,,,,,,,,,,,,,,,,,,,,,,,,,,,,,,,,,,,,,,MISSING,,failed,,0.0,2.0,,,0.0,ALL,,deepseek,,,reused,19.0,,,原始记录保留,,3.0,4.0,deepseek/ALL/train_2016/M3/run_03,,2.0,2017.0,20730.0,2016.0,,0.0
M3,-0.15644647325265082,-0.15380505637003616,-0.1487428595675203,-0.17903929845137512,-0.9731707659453399,0.0,0.03529682848254101,-0.191888929127088,-0.11850822788749515,-0.11452816135487665,-0.6129483895399634,0.0,-0.15644647325265082,-0.15130532052894918,-0.18030791254374035,-0.9934595974597322,0.0028581218454842277,0.0079996585387353,-0.1984364211538281,-0.14844681471391552,-0.14354566030915183,-0.806132186298816,0.030766024872961553,-0.15908289590805302,-0.1538632223170292,-0.1815759815632353,-1.0136779605651176,0.005708613080751825,-0.018613381601550905,-0.20643564245471668,-0.17769627750960393,-0.1719304431189561,-1.0009980041606534,0.06049362953197178,-0.15513155585010707,-0.15002967222007102,-0.17967616517799,-0.9833746651058128,0.0014299897783285917,0.02155021870964391,-0.19500513803484743,-0.13358133714046316,-0.12913305676134845,-0.7094074071063005,0.015514236304760436,EVALUATED,0.0079996585387353,valid,6.0,0.0,10.0,-0.11850822788749515,-0.11452816135487665,0.0,ALL,-0.1984364211538281,glm,-0.14844681471391552,-0.14354566030915183,reused,19.0,0.0562870977558969,0.3933446842928845,,0.009143052746169555,3.0,19.0,glm/ALL/train_2016/M3/run_03,-0.806132186298816,9.0,2017.0,110809.0,2016.0,0.13750082924282203,0.0
M0,-0.15644647325265082,-0.15380505637003616,-0.1487428595675203,-0.17903929845137512,-0.9731707659453399,0.0,0.040440722858638645,-0.18841457284860452,-0.11336433351139752,-0.10954609968737883,-0.5413359122371749,0.0,-0.15644647325265082,-0.15130532052894918,-0.18030791254374035,-0.9934595974597322,0.0028581218454842277,0.002676978590878565,-0.19632765428209298,-0.15376949466177225,-0.14870836280303823,-0.7884682256592168,0.04164144565330602,-0.15908289590805302,-0.1538632223170292,-0.1815759815632353,-1.0136779605651176,0.005708613080751825,-0.03327535909694024,-0.22124664449037268,-0.19235825500499326,-0.18617247519344482,-1.0356092464875621,0.08141836060457293,-0.15513155585010707,-0.15002967222007102,-0.17967616517799,-0.9833746651058128,0.0014299897783285917,0.021326003437551533,-0.19238468014059606,-0.13380555241255554,-0.12935037538093364,-0.6650102542077012,0.021053516520087957,EVALUATED,0.002676978590878565,valid,4.0,0.0,10.0,-0.11336433351139752,-0.10954609968737883,0.0,ALL,-0.19632765428209298,deepseek,-0.15376949466177225,-0.14870836280303823,new,10.0,0.06304685544430244,0.43347824014052977,,0.0030599434504874345,3.0,10.0,deepseek/ALL/train_2016/M0/run_03,-0.7884682256592168,0.0,2017.0,42839.0,2016.0,0.18634375952786555,0.0
M0,-0.15644647325265082,-0.15380505637003616,-0.1487428595675203,-0.17903929845137512,-0.9731707659453399,0.0,0.05531610584976243,-0.18379942808007188,-0.09848895052027373,-0.0951444995879438,-0.5413769798213663,0.0,-0.15644647325265082,-0.15130532052894918,-0.18030791254374035,-0.9934595974597322,0.0028581218454842277,0.02579747438824176,-0.18930428235442975,-0.13064899886440906,-0.12629109917650638,-0.7613067598150594,0.03297733596319032,-0.15908289590805302,-0.1538632223170292,-0.1815759815632353,-1.0136779605651176,0.005708613080751825,-0.0024132924551344415,-0.19519857575760957,-0.16149618836318747,-0.1562048904832627,-0.9794682635624735,0.0648120849619939,-0.15513155585010707,-0.15002967222007102,-0.17967616517799,-0.9833746651058128,0.0014299897783285917,0.04048126161504784,-0.18655759136873817,-0.11465029423505924,-0.11079150563013684,-0.6508814408236399,0.01663753456190605,EVALUATED,0.02579747438824176,valid,7.0,0.0,10.0,-0.09848895052027373,-0.0951444995879438,0.0,ALL,-0.18930428235442975,glm,-0.13064899886440906,-0.12629109917650638,reused,10.0,0.06694611470616883,0.6131421679398676,,0.029473757709937543,3.0,10.0,glm/ALL/train_2016/M0/run_03,-0.7613067598150594,0.0,2017.0,39077.0,2016.0,0.14498803690874498,0.0
M2,-0.14866823626810255,-0.146142216717693,-0.14131068679966785,-0.2004749034672758,-0.8125974957554288,0.0,-0.042033961107837636,-0.22572170704293915,-0.18817617782553064,-0.18210924615153812,-0.9913852863068501,0.0,-0.14866823626810255,-0.14376040383568245,-0.20102555030897562,-0.8300214836817056,0.002749727510865094,-0.060892281277471705,-0.23406960559423728,-0.20956051754557425,-0.20289382369500952,-1.1321245554993395,0.022763925174898,-0.1511869019915847,-0.14620324765449322,-0.20157681897899327,-0.8474288485192442,0.005493716939771621,-0.079170629387182,-0.2495080924771722,-0.2303575313787667,-0.2231268170423909,-1.2725111661137691,0.04492667675920172,-0.14740681826158586,-0.1425370566031653,-0.20075006523823413,-0.8213161327204975,0.0013756031319733654,-0.05153501652175296,-0.22990590720597348,-0.19894183478333882,-0.19257048414039346,-1.0617832025495852,0.011458217691303238,EVALUATED,-0.060892281277471705,valid,3.0,0.0,10.0,-0.18817617782553064,-0.18210924615153812,0.0,C26,-0.23406960559423728,glm,-0.20956051754557425,-0.20289382369500952,reused,10.0,0.02742982165397682,0.17124413858457974,,-0.06906176743545389,3.0,10.0,glm/C26/train_2016/M2/run_03,-1.1321245554993395,0.0,2017.0,83983.0,2016.0,0.10684736887424405,0.0
M2,-0.14866823626810255,-0.146142216717693,-0.14131068679966785,-0.2004749034672758,-0.8125974957554288,0.0,0.004571532048380567,-0.22245329362880184,-0.14157068466931244,-0.13687790278514222,-0.62891825097341,0.0,-0.14866823626810255,-0.14376040383568245,-0.20102555030897562,-0.8300214836817056,0.002749727510865094,-0.022672414837330956,-0.23217988115157262,-0.1713406511054335,-0.16575968007174458,-0.7992799700252317,0.03086413056200864,-0.1511869019915847,-0.14620324765449322,-0.20157681897899327,-0.8474288485192442,0.005493716939771621,-0.04889139178231461,-0.24175508331040374,-0.2000782937738993,-0.19367509950244266,-0.9693306785690498,0.060697292683476414,-0.14740681826158586,-0.1425370566031653,-0.20075006523823413,-0.8213161327204975,0.0013756031319733654,-0.009171218406129222,-0.22732939577911804,-0.15657803666771508,-0.15143295880057162,-0.7140710206672055,0.015563921097941434,EVALUATED,-0.022672414837330956,valid,2.0,0.0,10.0,-0.14157068466931244,-0.13687790278514222,0.0,C26,-0.23217988115157262,deepseek,-0.1713406511054335,-0.16575968007174458,reused,10.0,0.04270704594306725,0.3190460383661429,,-0.025692897565835482,3.0,10.0,deepseek/C26/train_2016/M2/run_03,-0.7992799700252317,0.0,2017.0,86075.0,2016.0,0.14032211791395716,0.0
M3,-0.14866823626810255,-0.146142216717693,-0.14131068679966785,-0.2004749034672758,-0.8125974957554288,0.0,0.004361054363243522,-0.23349118796474377,-0.14178116235444949,-0.13708197383001708,-0.6625778743884322,0.0,-0.14866823626810255,-0.14376040383568245,-0.20102555030897562,-0.8300214836817056,0.002749727510865094,-0.023798215826430935,-0.23978250556452785,-0.17246645209453348,-0.1668526118186322,-0.8456108275805894,0.032412673189361134,-0.1511869019915847,-0.14620324765449322,-0.20157681897899327,-0.8474288485192442,0.005493716939771621,-0.05094579404356747,-0.24608820227041184,-0.20213269603515216,-0.19567207962423772,-1.0288933998543104,0.06372181822342371,-0.14740681826158586,-0.1425370566031653,-0.20075006523823413,-0.8213161327204975,0.0013756031319733654,-0.009851052687161799,-0.23664242952106074,-0.15725787094874766,-0.15209252182269628,-0.7540711425607457,0.01634787529506675,EVALUATED,-0.023798215826430935,valid,5.0,0.0,10.0,-0.14178116235444949,-0.13708197383001708,0.0,C26,-0.23978250556452785,glm,-0.17246645209453348,-0.1668526118186322,reused,19.0,0.021403097018089637,0.1623439259969376,,-0.02696932971378052,3.0,19.0,glm/C26/train_2016/M3/run_03,-0.8456108275805894,9.0,2017.0,112873.0,2016.0,0.14599653769868803,0.0
M3,,,,,,,,,,,,,,,,,,,,,,,,,,,,,,,,,,,,,,,,,,,,,,MISSING,,failed,,0.0,7.0,,,0.0,C26,,deepseek,,,reused,19.0,,,原始记录保留,,3.0,14.0,deepseek/C26/train_2016/M3/run_03,,7.0,2017.0,82455.0,2016.0,,0.0
M0,-0.14866823626810255,-0.146142216717693,-0.14131068679966785,-0.2004749034672758,-0.8125974957554288,0.0,-0.00786204130486079,-0.20209501283782438,-0.1540042580225538,-0.1489360968126734,-0.7646561451430426,0.0,-0.14866823626810255,-0.14376040383568245,-0.20102555030897562,-0.8300214836817056,0.002749727510865094,-0.03190546129080729,-0.21155299804436156,-0.18057369755890984,-0.17472472831431962,-0.9297412709366801,0.028291188527053424,-0.1511869019915847,-0.14620324765449322,-0.20157681897899327,-0.8474288485192442,0.005493716939771621,-0.05522365682724928,-0.23062347994382215,-0.20641055881883397,-0.19983096274143142,-1.0950804118688844,0.05572409351190081,-0.14740681826158586,-0.1425370566031653,-0.20075006523823413,-0.8213161327204975,0.0013756031319733654,-0.019981029023801278,-0.20683830180089957,-0.16738784728538714,-0.16192270302918055,-0.8471919877615427,0.014253202097341267,EVALUATED,-0.03190546129080729,valid,3.0,0.0,10.0,-0.1540042580225538,-0.1489360968126734,0.0,C26,-0.21155299804436156,glm,-0.18057369755890984,-0.17472472831431962,reused,10.0,0.034275261076852866,0.26035005225494,,-0.036163154118715735,3.0,10.0,glm/C26/train_2016/M0/run_03,-0.9297412709366801,0.0,2017.0,39250.0,2016.0,0.12795493444844153,0.0
M0,-0.14866823626810255,-0.146142216717693,-0.14131068679966785,-0.2004749034672758,-0.8125974957554288,0.0,-0.017463291047491447,-0.2111541298037779,-0.16360550776518445,-0.15825180435182395,-0.7430044734493454,0.0,-0.14866823626810255,-0.14376040383568245,-0.20102555030897562,-0.8300214836817056,0.002749727510865094,-0.049777951478121474,-0.22647567920213707,-0.19844618774622402,-0.1920887426861655,-0.9455032645150389,0.03767684786505091,-0.1511869019915847,-0.14620324765449322,-0.20157681897899327,-0.8474288485192442,0.005493716939771621,-0.08068235974854399,-0.25606298587955845,-0.23186926174012867,-0.22459830400131153,-1.1472991989638774,0.07381887154341896,-0.14740681826158586,-0.1425370566031653,-0.20075006523823413,-0.8213161327204975,0.0013756031319733654,-0.03381458803430126,-0.2179311732277439,-0.18122140629588712,-0.17535377163022525,-0.844384257040161,0.019033698310276702,EVALUATED,-0.049777951478121474,valid,4.0,0.0,10.0,-0.16360550776518445,-0.15825180435182395,0.0,C26,-0.22647567920213707,deepseek,-0.19844618774622402,-0.1920887426861655,reused,10.0,0.04803208802384255,0.2966621221415352,,-0.056442541394930434,3.0,10.0,deepseek/C26/train_2016/M0/run_03,-0.9455032645150389,0.0,2017.0,40911.0,2016.0,0.17112027794650808,0.0
M1,-0.14866823626810255,-0.146142216717693,-0.14131068679966785,-0.2004749034672758,-0.8125974957554288,0.0,0.027849521514442976,-0.2006590211601681,-0.11829269520325003,-0.11431938877162051,-0.556310832009758,0.0,-0.14866823626810255,-0.14376040383568245,-0.20102555030897562,-0.8300214836817056,0.002749727510865094,-0.0035325025310780633,-0.20721637900930756,-0.1522007387991806,-0.14718663695752743,-0.7603489792820498,0.03489691505711759,-0.1511869019915847,-0.14620324765449322,-0.20157681897899327,-0.8474288485192442,0.005493716939771621,-0.03359542030396556,-0.21699575754222478,-0.18478232229555025,-0.1788123883487387,-0.963644501411137,0.06850535842506567,-0.14740681826158586,-0.1425370566031653,-0.20075006523823413,-0.8213161327204975,0.0013756031319733654,0.011963523072902715,-0.2039720958235196,-0.13544329518868314,-0.13093780368421903,-0.6585398223735779,0.01761433584602672,EVALUATED,-0.0035325025310780633,valid,5.0,0.0,10.0,-0.11829269520325003,-0.11431938877162051,0.0,C26,-0.20721637900930756,glm,-0.1522007387991806,-0.14718663695752743,reused,10.0,0.037114499677672906,0.24621914286174107,,-0.004001488762249927,3.0,10.0,glm/C26/train_2016/M1/run_03,-0.7603489792820498,0.0,2017.0,62176.0,2016.0,0.1567097971227887,0.0
M1,-0.14866823626810255,-0.146142216717693,-0.14131068679966785,-0.2004749034672758,-0.8125974957554288,0.0,-0.033858952059766634,-0.21605116075162412,-0.18000116877745964,-0.17416871323297245,-0.9562288002669135,0.0,-0.14866823626810255,-0.14376040383568245,-0.20102555030897562,-0.8300214836817056,0.002749727510865094,-0.05960525059939914,-0.22998387100858098,-0.2082734868675017,-0.20164232742270305,-1.1438581593444546,0.03049428009454024,-0.1511869019915847,-0.14620324765449322,-0.20157681897899327,-0.8474288485192442,0.005493716939771621,-0.08440286305696432,-0.25445767115165474,-0.235589765048549,-0.2282202056614946,-1.3311920932640364,0.05996789747136479,-0.14740681826158586,-0.1425370566031653,-0.20075006523823413,-0.8213161327204975,0.0013756031319733654,-0.046854753107785085,-0.22134701598281703,-0.19426157136937094,-0.1880219508570261,-1.050064323592422,0.015376609407580578,EVALUATED,-0.05960525059939914,valid,4.0,0.0,10.0,-0.18000116877745964,-0.17416871323297245,0.0,C26,-0.22998387100858098,deepseek,-0.2082734868675017,-0.20164232742270305,reused,10.0,0.021423215639787926,0.12630287171138638,,-0.067600148190195,3.0,10.0,deepseek/C26/train_2016/M1/run_03,-1.1438581593444546,0.0,2017.0,67708.0,2016.0,0.14077210828617462,0.0
M3,-0.21259662271080926,-0.21020693805032142,-0.2035224242352165,-0.2369566900144402,-1.2205343825369286,0.0,0.10328888478525444,-0.1588663184499669,-0.10691805326506698,-0.10330408321072182,-0.47804735288899586,0.0,-0.21259662271080926,-0.2058463917684601,-0.2381209573574148,-1.2377857763252467,0.002720237538590307,0.06812067498637142,-0.17197522579270164,-0.14447594772443784,-0.13969489188161066,-0.6974834270497438,0.038115442815960625,-0.2149804456661909,-0.20816490977530944,-0.23928401029280566,-1.2550096381569256,0.00543342982305101,0.03441046693929284,-0.20429639645460218,-0.18056997872689806,-0.17472111670146195,-0.9169800872264726,0.07467592214106845,-0.21140245960524406,-0.20468503710873598,-0.23753892146479239,-1.2291629743038632,0.001361007111918819,0.08554310505839435,-0.16128467814402436,-0.1258593545468497,-0.12164981725037205,-0.5875825755059336,0.019256371182386336,EVALUATED,0.06812067498637142,valid,5.0,0.0,10.0,-0.10691805326506698,-0.10330408321072182,0.0,C35,-0.17197522579270164,deepseek,-0.14447594772443784,-0.13969489188161066,reused,19.0,0.04347072388369442,0.27154955208574943,,0.08329811663786146,3.0,19.0,deepseek/C35/train_2016/M3/run_03,-0.6974834270497438,9.0,2017.0,113193.0,2016.0,0.16680037921064447,0.0
M3,-0.21259662271080926,-0.21020693805032142,-0.2035224242352165,-0.2369566900144402,-1.2205343825369286,0.0,0.0450534045048917,-0.18830356324853992,-0.16515353354542972,-0.1597541481007304,-0.8211116561782048,0.0,-0.21259662271080926,-0.2058463917684601,-0.2381209573574148,-1.2377857763252467,0.002720237538590307,0.016137862102528877,-0.21576340684971473,-0.19645876060828038,-0.1901571804265656,-1.017237612822811,0.03422712256790876,-0.2149804456661909,-0.20816490977530944,-0.23928401029280566,-1.2550096381569256,0.00543342982305101,-0.011650924400069429,-0.24283857081107163,-0.22663137006626033,-0.2195002892838933,-1.213103340467515,0.06718983172183259,-0.21140245960524406,-0.20468503710873598,-0.23753892146479239,-1.2291629743038632,0.001361007111918819,0.030440212055797056,-0.20189111992598963,-0.180962247549447,-0.1751020790887281,-0.9192520188527387,0.017274617955292428,EVALUATED,0.016137862102528877,valid,10.0,0.0,10.0,-0.16515353354542972,-0.1597541481007304,0.0,C35,-0.21576340684971473,glm,-0.19645876060828038,-0.1901571804265656,reused,19.0,0.030760749428945036,0.17814446747454926,,0.019755890018345434,3.0,19.0,glm/C35/train_2016/M3/run_03,-1.017237612822811,9.0,2017.0,113237.0,2016.0,0.1546328276508207,0.0
M0,-0.21259662271080926,-0.21020693805032142,-0.2035224242352165,-0.2369566900144402,-1.2205343825369286,0.0,0.04023107943288673,-0.20908906314474085,-0.1699758586174347,-0.16443480559967605,-0.8715304983350627,0.0,-0.21259662271080926,-0.2058463917684601,-0.2381209573574148,-1.2377857763252467,0.002720237538590307,0.0002517286843186639,-0.23171389746953186,-0.2123448940264906,-0.20560157385063094,-1.1458095805434512,0.04471940251825968,-0.2149804456661909,-0.20816490977530944,-0.23928401029280566,-1.2550096381569256,0.00543342982305101,-0.03768314031022679,-0.26817174942340694,-0.2526635859764177,-0.2448496563252459,-1.4197216459631306,0.08723622616993873,-0.21140245960524406,-0.20468503710873598,-0.23753892146479239,-1.2291629743038632,0.001361007111918819,0.01998266224367573,-0.21628643190247088,-0.19141979736156833,-0.18526062180442493,-1.0086226405764582,0.022641567039596116,EVALUATED,0.0002517286843186639,valid,7.0,0.0,10.0,-0.1699758586174347,-0.16443480559967605,0.0,C35,-0.23171389746953186,deepseek,-0.2123448940264906,-0.20560157385063094,reused,10.0,0.06724748120520051,0.5059577783172445,,0.00030827526978605135,3.0,10.0,deepseek/C35/train_2016/M0/run_03,-1.1458095805434512,0.0,2017.0,41007.0,2016.0,0.2080926008191042,0.0
M0,-0.21259662271080926,-0.21020693805032142,-0.2035224242352165,-0.2369566900144402,-1.2205343825369286,0.0,0.0453243198587473,-0.20570868773206907,-0.16488261819157413,-0.15949122024525653,-0.6747423146559425,0.0,-0.21259662271080926,-0.2058463917684601,-0.2381209573574148,-1.2377857763252467,0.002720237538590307,0.012835074007180314,-0.23072518609120973,-0.19976154870362894,-0.19336722401199136,-0.8627451632882179,0.03747199320472518,-0.2149804456661909,-0.20816490977530944,-0.23928401029280566,-1.2550096381569256,0.00543342982305101,-0.018100044357429845,-0.25523406748949673,-0.23308049002362075,-0.22577736309906338,-1.0498336912315462,0.07345332570757696,-0.21140245960524406,-0.20468503710873598,-0.23753892146479239,-1.2291629743038632,0.001361007111918819,0.028876744855847125,-0.21832309508350622,-0.18252571474939694,-0.17662054696796903,-0.7688454599121418,0.018926913958562813,EVALUATED,0.012835074007180314,valid,6.0,0.0,10.0,-0.16488261819157413,-0.15949122024525653,0.0,C35,-0.23072518609120973,glm,-0.19976154870362894,-0.19336722401199136,reused,10.0,0.04068263746475766,0.21432172250500817,,0.01571379595473732,3.0,10.0,glm/C35/train_2016/M0/run_03,-0.8627451632882179,0.0,2017.0,39275.0,2016.0,0.17049373979438584,0.0
M1,-0.21259662271080926,-0.21020693805032142,-0.2035224242352165,-0.2369566900144402,-1.2205343825369286,0.0,0.021781404349063505,-0.22317854574848672,-0.18842553370125792,-0.18235149472529655,-0.9398224045501734,0.0,-0.21259662271080926,-0.2058463917684601,-0.2381209573574148,-1.2377857763252467,0.002720237538590307,-0.005129296300850461,-0.24720154431507158,-0.21772591901165972,-0.2108354823697639,-1.12205431940444,0.031245046561598867,-0.2149804456661909,-0.20816490977530944,-0.23928401029280566,-1.2550096381569256,0.00543342982305101,-0.031008900043445142,-0.270498412711904,-0.24598934570963604,-0.23834752409305637,-1.3032678654576781,0.06143556564134808,-0.21140245960524406,-0.20468503710873598,-0.23753892146479239,-1.2291629743038632,0.001361007111918819,0.0081998627833888,-0.23527606920515287,-0.20320259682185526,-0.19671214854713925,-1.0310116375450828,0.015756841518539823,EVALUATED,-0.005129296300850461,valid,5.0,0.0,10.0,-0.18842553370125792,-0.18235149472529655,0.0,C35,-0.24720154431507158,deepseek,-0.21772591901165972,-0.2108354823697639,reused,10.0,0.03181469038760707,0.1988907131844627,,-0.0062822740457149084,3.0,10.0,deepseek/C35/train_2016/M1/run_03,-1.12205431940444,0.0,2017.0,65738.0,2016.0,0.14615687096902324,0.0
M1,-0.21259662271080926,-0.21020693805032142,-0.2035224242352165,-0.2369566900144402,-1.2205343825369286,0.0,0.06398217277966034,-0.18741463950970982,-0.14622476527066108,-0.1413907377447714,-0.649929087465562,0.0,-0.21259662271080926,-0.2058463917684601,-0.2381209573574148,-1.2377857763252467,0.002720237538590307,0.03421732075297235,-0.21150229363253803,-0.1783793019578369,-0.17259370186838563,-0.8337424102671978,0.03429497073822515,-0.2149804456661909,-0.20816490977530944,-0.23928401029280566,-1.2550096381569256,0.00543342982305101,0.005708945939501775,-0.23574259533594988,-0.20927149972668913,-0.2026127792110376,-1.016667044627976,0.06733495952349643,-0.21140245960524406,-0.20468503710873598,-0.23753892146479239,-1.2291629743038632,0.001361007111918819,0.048948303209305766,-0.19954763872884584,-0.1624541563959383,-0.15713449361082632,-0.7418652228160482,0.017307574580155145,EVALUATED,0.03421732075297235,valid,6.0,0.0,10.0,-0.14622476527066108,-0.1413907377447714,0.0,C35,-0.21150229363253803,glm,-0.1783793019578369,-0.17259370186838563,reused,10.0,0.04066026355527217,0.2097397175715887,,0.04187186150815725,3.0,10.0,glm/C35/train_2016/M1/run_03,-0.8337424102671978,0.0,2017.0,62918.0,2016.0,0.15317661814103628,0.0
M2,-0.21259662271080926,-0.21020693805032142,-0.2035224242352165,-0.2369566900144402,-1.2205343825369286,0.0,0.01183123490609117,-0.2231637257773671,-0.19837570314423025,-0.1920202364230562,-1.0135444635435253,0.0,-0.21259662271080926,-0.2058463917684601,-0.2381209573574148,-1.2377857763252467,0.002720237538590307,-0.02491270713717597,-0.25835325699036604,-0.23750932984798523,-0.23008914373889122,-1.266091609682496,0.042942461012120695,-0.2149804456661909,-0.20816490977530944,-0.23928401029280566,-1.2550096381569256,0.00543342982305101,-0.059982401859077106,-0.29214584439749447,-0.274962847525268,-0.2665890414508847,-1.518845027992884,0.0838719710282793,-0.21140245960524406,-0.20468503710873598,-0.23753892146479239,-1.2291629743038632,0.001361007111918819,-0.006727920967840473,-0.2409237614526103,-0.21813038057308454,-0.21122893785711971,-1.1395869961699832,0.02172967166682479,EVALUATED,-0.02491270713717597,valid,7.0,0.0,10.0,-0.19837570314423025,-0.1920202364230562,0.0,C35,-0.25835325699036604,deepseek,-0.23750932984798523,-0.23008914373889122,reused,10.0,0.03037560942561202,0.18586541001163462,,-0.030526527511996138,3.0,10.0,deepseek/C35/train_2016/M2/run_03,-1.266091609682496,0.0,2017.0,86141.0,2016.0,0.1997354634651376,0.0
M2,-0.21259662271080926,-0.21020693805032142,-0.2035224242352165,-0.2369566900144402,-1.2205343825369286,0.0,0.0317858525070156,-0.20875291172433585,-0.17842108554330582,-0.1726342769388297,-1.080091156127488,0.0,-0.21259662271080926,-0.2058463917684601,-0.2381209573574148,-1.2377857763252467,0.002720237538590307,0.0038230751628641757,-0.2336328610853483,-0.20877354754794508,-0.2021285729889759,-1.3067242147622997,0.03173264524668006,-0.2149804456661909,-0.20816490977530944,-0.23928401029280566,-1.2550096381569256,0.00543342982305101,-0.022812920441246942,-0.2575763707217902,-0.23779336610743784,-0.2303657030700842,-1.5316914083151156,0.06229048879128498,-0.21140245960524406,-0.20468503710873598,-0.23753892146479239,-1.2291629743038632,0.001361007111918819,0.017707339695681612,-0.2212534748124233,-0.19369511990956245,-0.1874715067914623,-1.193053899360627,0.016016866315123002,EVALUATED,0.0038230751628641757,valid,6.0,0.0,10.0,-0.17842108554330582,-0.1726342769388297,0.0,C35,-0.2336328610853483,glm,-0.20877354754794508,-0.2021285729889759,reused,10.0,0.036944521312312455,0.2529573235999458,,0.004681485723855294,3.0,10.0,glm/C35/train_2016/M2/run_03,-1.3067242147622997,0.0,2017.0,84469.0,2016.0,0.14882966804056294,0.0
M0,-0.11925420892058292,-0.1164802728599118,-0.11256388442814591,-0.19853848652417294,-0.5529374039973611,0.0,-0.01934880251975435,-0.22995034413385296,-0.13582907537966615,-0.13131174761872977,-0.6517719913250244,0.0,-0.11925420892058292,-0.11525075905309612,-0.19887469433286642,-0.5697573850003812,0.0030145357116353917,-0.060309617783598,-0.23795679128817637,-0.17956382670418092,-0.17374399495098403,-0.9207172952781199,0.044681613220720146,-0.1220164856514524,-0.1179266406240086,-0.19921071717563066,-0.5865534405731264,0.006021683163286945,-0.09874014004173148,-0.25050874792919064,-0.22075662569318388,-0.21378389547795673,-1.1864961538624672,0.08714142561229848,-0.11786823755314801,-0.11390824940357513,-0.19870661535435952,-0.5613477225941256,0.0015081692640206018,-0.040115965016128685,-0.23395888396922937,-0.1579842025692767,-0.15279721672633118,-0.7862742040090162,0.022628494582744615,EVALUATED,-0.060309617783598,valid,2.0,0.0,10.0,-0.13582907537966615,-0.13131174761872977,0.0,C39,-0.23795679128817637,glm,-0.17956382670418092,-0.17374399495098403,reused,10.0,0.02945204129257064,0.16840686024500637,,-0.06611278449392677,3.0,10.0,glm/C39/train_2016/M0/run_03,-0.9207172952781199,0.0,2017.0,37801.0,2016.0,0.20256735188955238,0.0
M0,-0.11925420892058292,-0.1164802728599118,-0.11256388442814591,-0.19853848652417294,-0.5529374039973611,0.0,0.028382306375469457,-0.23399695861752112,-0.08809796648444235,-0.08508951190347958,-0.3377871270741366,0.0,-0.11925420892058292,-0.11525075905309612,-0.19887469433286642,-0.5697573850003812,0.0030145357116353917,-0.019138921437431233,-0.2431067282160002,-0.13839313035801415,-0.13379728556302062,-0.6100831005165679,0.05020736734126171,-0.1220164856514524,-0.1179266406240086,-0.19921071717563066,-0.5865534405731264,0.006021683163286945,-0.06364017908805408,-0.2521715282021615,-0.18565666473950648,-0.17966169478477023,-0.8796566051250255,0.09772035266006432,-0.11786823755314801,-0.11390824940357513,-0.19870661535435952,-0.5613477225941256,0.0015081692640206018,0.004230338992730842,-0.23855362274861902,-0.11363789856041717,-0.10981103202987486,-0.4742244065225787,0.02545058508468364,EVALUATED,-0.019138921437431233,valid,5.0,0.0,10.0,-0.08809796648444235,-0.08508951190347958,0.0,C39,-0.2431067282160002,deepseek,-0.13839313035801415,-0.13379728556302062,reused,10.0,0.037461101718919976,0.24036818030327514,,-0.02096246670986124,3.0,10.0,deepseek/C39/train_2016/M0/run_03,-0.6100831005165679,0.0,2017.0,41137.0,2016.0,0.2231192884305156,0.0
M1,-0.11925420892058292,-0.1164802728599118,-0.11256388442814591,-0.19853848652417294,-0.5529374039973611,0.0,0.023901972914738612,-0.20320618532714074,-0.09257829994517319,-0.08942446756269651,-0.4307166571273852,0.0,-0.11925420892058292,-0.11525075905309612,-0.19887469433286642,-0.5697573850003812,0.0030145357116353917,-0.02442544970175664,-0.21300757338097487,-0.14367965862233956,-0.1389227634107757,-0.7444266038850003,0.05110039484455484,-0.1220164856514524,-0.1179266406240086,-0.19921071717563066,-0.5865534405731264,0.006021683163286945,-0.06975608436974245,-0.22680688897916657,-0.19177257002119485,-0.1856033893065242,-1.056486839087835,0.09931856313696863,-0.11786823755314801,-0.11390824940357513,-0.19870661535435952,-0.5613477225941256,0.0015081692640206018,-0.0006285931050038496,-0.20811515347866738,-0.11849683065815186,-0.11451712154966454,-0.587598875969074,0.025920090378284646,EVALUATED,-0.02442544970175664,valid,3.0,0.0,10.0,-0.09257829994517319,-0.08942446756269651,0.0,C39,-0.21300757338097487,glm,-0.14367965862233956,-0.1389227634107757,reused,10.0,0.05508658937884322,0.4045628202603634,,-0.02675560855225445,3.0,10.0,glm/C39/train_2016/M1/run_03,-0.7444266038850003,0.0,2017.0,61767.0,2016.0,0.2264122786833309,0.0
M1,-0.11925420892058292,-0.1164802728599118,-0.11256388442814591,-0.19853848652417294,-0.5529374039973611,0.0,-0.04093570854277606,-0.228805501957708,-0.15741598140268787,-0.15224592047142727,-0.7880904559800472,0.0,-0.11925420892058292,-0.11525075905309612,-0.19887469433286642,-0.5697573850003812,0.0030145357116353917,-0.06949827643535522,-0.2347806876719094,-0.18875248535593814,-0.1826691314209884,-0.9845168408554531,0.03300610677265065,-0.1220164856514524,-0.1179266406240086,-0.19921071717563066,-0.5865534405731264,0.006021683163286945,-0.09681090587018826,-0.24562163690814554,-0.21882739152164066,-0.2119069990341862,-1.179688681979027,0.06480564850584762,-0.11786823755314801,-0.11390824940357513,-0.19870661535435952,-0.5613477225941256,0.0015081692640206018,-0.055372634419966205,-0.2316324875963165,-0.17324087197311422,-0.16760445231292442,-0.8864012537973911,0.016657332453774463,EVALUATED,-0.06949827643535522,valid,8.0,0.0,10.0,-0.15741598140268787,-0.15224592047142727,0.0,C39,-0.2347806876719094,deepseek,-0.18875248535593814,-0.1826691314209884,reused,10.0,0.00912807097154174,0.055797275104797234,,-0.07620054276140176,3.0,10.0,deepseek/C39/train_2016/M1/run_03,-0.9845168408554531,0.0,2017.0,65626.0,2016.0,0.14988308645931558,0.0
M2,-0.11925420892058292,-0.1164802728599118,-0.11256388442814591,-0.19853848652417294,-0.5529374039973611,0.0,-0.010483177635542518,-0.2390052986018305,-0.12696345049545432,-0.12271963236708294,-0.5642527473279662,0.0,-0.11925420892058292,-0.11525075905309612,-0.19887469433286642,-0.5697573850003812,0.0030145357116353917,-0.06297360223561388,-0.2491994467139943,-0.1822278111561968,-0.17633120956865123,-0.8850166050102114,0.0558549899937239,-0.1220164856514524,-0.1179266406240086,-0.19921071717563066,-0.5865534405731264,0.006021683163286945,-0.11187878879422308,-0.2642489523958489,-0.23389527444567548,-0.22657054495509432,-1.2026789814798464,0.10834295596212311,-0.11786823755314801,-0.11390824940357513,-0.19870661535435952,-0.5613477225941256,0.0015081692640206018,-0.03718267161486799,-0.24412526070221463,-0.155050909168016,-0.14995143630391472,-0.7248743728808598,0.02836046144015962,EVALUATED,-0.06297360223561388,valid,1.0,0.0,10.0,-0.12696345049545432,-0.12271963236708294,0.0,C39,-0.2491994467139943,glm,-0.1822278111561968,-0.17633120956865123,reused,10.0,0.0028164420318744442,0.02601105127319018,,-0.06903701940471141,3.0,10.0,glm/C39/train_2016/M2/run_03,-0.8850166050102114,0.0,2017.0,85419.0,2016.0,0.25918885460486096,0.0
M2,-0.11925420892058292,-0.1164802728599118,-0.11256388442814591,-0.19853848652417294,-0.5529374039973611,0.0,-0.05060862260503218,-0.21663172767483407,-0.167088895464944,-0.16163253772499897,-0.8575712121971918,0.0,-0.11925420892058292,-0.11525075905309612,-0.19887469433286642,-0.5697573850003812,0.0030145357116353917,-0.08471625949357287,-0.23424754609456266,-0.20397046841415578,-0.1974586404458062,-1.096519509949648,0.039359977220936856,-0.1220164856514524,-0.1179266406240086,-0.19921071717563066,-0.5865534405731264,0.006021683163286945,-0.11716235258961716,-0.25779104920995755,-0.23917883824106956,-0.23171475703228084,-1.3346347084591954,0.07698588852251424,-0.11786823755314801,-0.11390824940357513,-0.19870661535435952,-0.5613477225941256,0.0015081692640206018,-0.06790997447446556,-0.22255933718027365,-0.18577821202761358,-0.17977976425340936,-0.9773034598796155,0.019902942412229042,EVALUATED,-0.08471625949357287,valid,4.0,0.0,10.0,-0.167088895464944,-0.16163253772499897,0.0,C39,-0.23424754609456266,deepseek,-0.20397046841415578,-0.1974586404458062,reused,10.0,0.011212884854295585,0.06406591890261218,,-0.0929165887779988,3.0,10.0,deepseek/C39/train_2016/M2/run_03,-1.096519509949648,0.0,2017.0,90082.0,2016.0,0.1812430184573496,0.0
M3,-0.11925420892058292,-0.1164802728599118,-0.11256388442814591,-0.19853848652417294,-0.5529374039973611,0.0,0.03327609771067286,-0.2213547321411412,-0.08320417514923895,-0.08035538322625557,-0.360127285481433,0.0,-0.11925420892058292,-0.11525075905309612,-0.19887469433286642,-0.5697573850003812,0.0030145357116353917,-0.005822937077134549,-0.22817580559687367,-0.12507714599771746,-0.12089192453088782,-0.6062780386622758,0.042139655104607966,-0.1220164856514524,-0.1179266406240086,-0.19921071717563066,-0.5865534405731264,0.006021683163286945,-0.0429665955444648,-0.2349350320150636,-0.1649830811959172,-0.15958872090596832,-0.8515463242107072,0.08237371113198876,-0.11786823755314801,-0.11390824940357513,-0.19870661535435952,-0.5613477225941256,0.0015081692640206018,0.013482092421332803,-0.22477346536725562,-0.10438614513181521,-0.10085284457605026,-0.4832314308791404,0.02131342318502848,EVALUATED,-0.005822937077134549,valid,5.0,0.0,10.0,-0.08320417514923895,-0.08035538322625557,0.0,C39,-0.22817580559687367,glm,-0.12507714599771746,-0.12089192453088782,reused,19.0,0.021842051072130626,0.1256850494128687,,-0.006376004879929842,3.0,19.0,glm/C39/train_2016/M3/run_03,-0.6062780386622758,9.0,2017.0,111538.0,2016.0,0.18471981707327337,0.0
M3,-0.11925420892058292,-0.1164802728599118,-0.11256388442814591,-0.19853848652417294,-0.5529374039973611,0.0,0.0030262373705595147,-0.24283174684042108,-0.11345403548935229,-0.10963297067918176,-0.5398472194217458,0.0,-0.11925420892058292,-0.11525075905309612,-0.19887469433286642,-0.5697573850003812,0.0030145357116353917,-0.03223712970267634,-0.24937117949963472,-0.15149133862325925,-0.14649853704869498,-0.770958988212272,0.038900290673644936,-0.1220164856514524,-0.1179266406240086,-0.19921071717563066,-0.5865534405731264,0.006021683163286945,-0.06594831001515711,-0.25584515559172394,-0.1879647956666095,-0.1819038910244457,-1.0012988251159807,0.07616918181981838,-0.11786823755314801,-0.11390824940357513,-0.19870661535435952,-0.5613477225941256,0.0015081692640206018,-0.01482087706198576,-0.2461095008519495,-0.13268911461513377,-0.12826829806144358,-0.6555566199508125,0.019658320326646724,EVALUATED,-0.03223712970267634,valid,7.0,0.0,10.0,-0.11345403548935229,-0.10963297067918176,0.0,C39,-0.24937117949963472,deepseek,-0.15149133862325925,-0.14649853704869498,reused,19.0,0.025960283206583144,0.15775537617035112,,-0.03531823091722108,3.0,19.0,deepseek/C39/train_2016/M3/run_03,-0.770958988212272,9.0,2017.0,118058.0,2016.0,0.17304469036110529,0.0
M2,,,,,,,,,,,,,,,,,,,,,,,,,,,,,,,,,,,,,,,,,,,,,,MISSING,,not_started,,,,,,,ALL,,glm,,,new,10.0,,,,,3.0,,glm/ALL/train_2017/M2/run_03,,,2018.0,,2017.0,,0.0
M2,-0.3186288430407155,-0.3165914905625752,-0.30618979345768926,-0.3700662721399147,-1.3978547939822465,0.0,0.09296154477313168,-0.31849614842210516,-0.2236299457894435,-0.21579225746190178,-0.9032171172294031,0.0,-0.3186288430407155,-0.30817619486281844,-0.37099770287738476,-1.4099383760282715,0.0026141257635385992,0.061338790301630586,-0.3402899357247573,-0.2572900527390849,-0.24847148909972228,-1.0802194452681215,0.0371711346390953,-0.32081222909067764,-0.3103052394394642,-0.37209647717752115,-1.4230209395303766,0.005223197383434212,0.03128562055016504,-0.36130026543081584,-0.2895266085405126,-0.27982377989545215,-1.2561022595091413,0.07283833679064966,-0.31760668559014726,-0.307179570591127,-0.3705272761308529,-1.403880539939355,0.0013078483690853536,0.07696942212720526,-0.3294910404857021,-0.240637263462942,-0.23229678784690078,-0.9918514493338885,0.018779862454632666,EVALUATED,0.061338790301630586,valid,4.0,0.0,10.0,-0.2236299457894435,-0.21579225746190178,0.0,ALL,-0.3402899357247573,deepseek,-0.2572900527390849,-0.24847148909972228,new,10.0,0.07010945126033395,0.9088786545774377,,0.08630045008534704,3.0,10.0,deepseek/ALL/train_2017/M2/run_03,-1.0802194452681215,0.0,2018.0,87810.0,2017.0,0.17731828734820562,0.0
M3,,,,,,,,,,,,,,,,,,,,,,,,,,,,,,,,,,,,,,,,,,,,,,MISSING,,not_started,,,,,,,ALL,,glm,,,new,19.0,,,,,3.0,,glm/ALL/train_2017/M3/run_03,,,2018.0,,2017.0,,0.0
M3,-0.3186288430407155,-0.3165914905625752,-0.30618979345768926,-0.3700662721399147,-1.3978547939822465,0.0,0.0551216928239473,-0.3420710534251227,-0.2614697977386279,-0.25253348441703083,-1.1012079893432454,0.0,-0.3186288430407155,-0.30817619486281844,-0.37099770287738476,-1.4099383760282715,0.0026141257635385992,0.02951964480700464,-0.35998479709140374,-0.28910919823371084,-0.27941746392591105,-1.25306305175521,0.031031528887563224,-0.32081222909067764,-0.3103052394394642,-0.37209647717752115,-1.4230209395303766,0.005223197383434212,0.004929657705936896,-0.37748623425699745,-0.31588257138474074,-0.3054986584093685,-1.4049506388646715,0.06097609925948751,-0.31760668559014726,-0.307179570591127,-0.3705272761308529,-1.403880539939355,0.0013078483690853536,0.042185046482134836,-0.35109065713915333,-0.27542163910801243,-0.2660989176414622,-1.1772632939056737,0.01565320370755481,EVALUATED,0.02951964480700464,valid,3.0,0.0,10.0,-0.2614697977386279,-0.25253348441703083,0.0,ALL,-0.35998479709140374,deepseek,-0.28910919823371084,-0.27941746392591105,new,19.0,0.06552748184123233,0.8035419423877843,,0.04156944401646423,3.0,19.0,deepseek/ALL/train_2017/M3/run_03,-1.25306305175521,9.0,2018.0,114313.0,2017.0,0.15096300339546848,0.0
M0,,,,,,,,,,,,,,,,,,,,,,,,,,,,,,,,,,,,,,,,,,,,,,MISSING,,not_started,,,,,,,ALL,,glm,,,new,10.0,,,,,3.0,,glm/ALL/train_2017/M0/run_03,,,2018.0,,2017.0,,0.0
M0,-0.3186288430407155,-0.3165914905625752,-0.30618979345768926,-0.3700662721399147,-1.3978547939822465,0.0,0.02155596910647739,-0.3579943892881412,-0.2950355214560978,-0.2851871612976844,-1.5653772995914428,0.0,-0.3186288430407155,-0.30817619486281844,-0.37099770287738476,-1.4099383760282715,0.0026141257635385992,-0.0044371693884750485,-0.37641652693982486,-0.32306601242919053,-0.31250321411544146,-1.754756951982095,0.03138572471434631,-0.32081222909067764,-0.3103052394394642,-0.37209647717752115,-1.4230209395303766,0.005223197383434212,-0.02859519434497737,-0.39373776428896645,-0.349407423435655,-0.3382141569707965,-1.9376661725829154,0.061637218137719864,-0.31760668559014726,-0.307179570591127,-0.3705272761308529,-1.403880539939355,0.0013078483690853536,0.008307487457749896,-0.3673242126149848,-0.30929919813239737,-0.2990817907409531,-1.6610021027975037,0.01584240311714573,EVALUATED,-0.0044371693884750485,valid,2.0,0.0,10.0,-0.2950355214560978,-0.2851871612976844,0.0,ALL,-0.37641652693982486,deepseek,-0.32306601242919053,-0.31250321411544146,new,10.0,0.06570541535084694,0.512621427787405,,-0.00625451049890513,3.0,10.0,deepseek/ALL/train_2017/M0/run_03,-1.754756951982095,0.0,2018.0,40456.0,2017.0,0.15733300072141926,0.0
M1,,,,,,,,,,,,,,,,,,,,,,,,,,,,,,,,,,,,,,,,,,,,,,MISSING,,not_started,,,,,,,ALL,,glm,,,new,10.0,,,,,3.0,,glm/ALL/train_2017/M1/run_03,,,2018.0,,2017.0,,0.0
M1,-0.3186288430407155,-0.3165914905625752,-0.30618979345768926,-0.3700662721399147,-1.3978547939822465,0.0,0.015269428547210251,-0.37131327365716293,-0.30132206201536493,-0.2913096604047607,-1.4854482483025857,0.0,-0.3186288430407155,-0.30817619486281844,-0.37099770287738476,-1.4099383760282715,0.0026141257635385992,-0.011804223849385731,-0.39019830396017874,-0.3304330668901012,-0.31968987548232886,-1.670390061515835,0.03299928587665185,-0.32081222909067764,-0.3103052394394642,-0.37209647717752115,-1.4230209395303766,0.005223197383434212,-0.03739239026588537,-0.40841188507310966,-0.358204619356563,-0.34680992148464873,-1.8529746902968958,0.06473910484579981,-0.31760668559014726,-0.307179570591127,-0.3705272761308529,-1.403880539939355,0.0013078483690853536,0.0016135096775420354,-0.3808038998473069,-0.31599317591260523,-0.3056064864116085,-1.5779420962293462,0.016660899317801202,EVALUATED,-0.011804223849385731,valid,3.0,0.0,10.0,-0.30132206201536493,-0.2913096604047607,0.0,ALL,-0.39019830396017874,deepseek,-0.3304330668901012,-0.31968987548232886,new,10.0,0.05464233801779505,0.5888381912416303,,-0.016642504253272072,3.0,10.0,deepseek/ALL/train_2017/M1/run_03,-1.670390061515835,0.0,2018.0,64512.0,2017.0,0.16659195310951583,0.0
M3,-0.3133603382468062,-0.31124697003262947,-0.30098004606547546,-0.35094423037781475,-1.2941531626097875,0.0,0.04727063786041208,-0.34400281556139567,-0.2639763321722174,-0.2549698432970583,-1.0654096327962228,0.0,-0.3133603382468062,-0.3030399288817003,-0.3520037002272137,-1.3065241329510826,0.0026877530190255955,0.007585331371108617,-0.3587244774777698,-0.3057750068756976,-0.295647731476987,-1.2878815141347808,0.05010111124011446,-0.3152092129006787,-0.304842218287634,-0.3529541958931519,-1.3176976983474817,0.005376434190625915,-0.029988997126535355,-0.3736290299777082,-0.34519821002721407,-0.3341029578650485,-1.5073104397044843,0.09751545714238775,-0.31231416750149676,-0.3020202033647099,-0.3514780022904207,-1.3003730519908023,0.00134435039676718,0.027114202379275754,-0.3514156744607557,-0.285199965122221,-0.27561259295611307,-1.1770821851046576,0.02539523804762394,EVALUATED,0.007585331371108617,valid,1.0,0.0,10.0,-0.2639763321722174,-0.2549698432970583,0.0,C26,-0.3587244774777698,deepseek,-0.3057750068756976,-0.295647731476987,new,19.0,0.028002689309720368,0.25384060478653514,,0.01060634276057204,3.0,19.0,deepseek/C26/train_2017/M3/run_03,-1.2878815141347808,9.0,2018.0,112345.0,2017.0,0.23615880389219418,0.0
M3,,,,,,,,,,,,,,,,,,,,,,,,,,,,,,,,,,,,,,,,,,,,,,MISSING,,not_started,,,,,,,C26,,glm,,,new,19.0,,,,,3.0,,glm/C26/train_2017/M3/run_03,,,2018.0,,2017.0,,0.0
M0,,,,,,,,,,,,,,,,,,,,,,,,,,,,,,,,,,,,,,,,,,,,,,NO_ELIGIBLE_PORTFOLIO,,empty,0.0,0.0,10.0,,,0.0,C26,,deepseek,,,new,10.0,,,原始记录保留,,3.0,10.0,deepseek/C26/train_2017/M0/run_03,,0.0,2018.0,39808.0,2017.0,,0.0
M0,,,,,,,,,,,,,,,,,,,,,,,,,,,,,,,,,,,,,,,,,,,,,,MISSING,,not_started,,,,,,,C26,,glm,,,new,10.0,,,,,3.0,,glm/C26/train_2017/M0/run_03,,,2018.0,,2017.0,,0.0
M1,,,,,,,,,,,,,,,,,,,,,,,,,,,,,,,,,,,,,,,,,,,,,,NO_ELIGIBLE_PORTFOLIO,,empty,0.0,0.0,10.0,,,0.0,C26,,deepseek,,,new,10.0,,,原始记录保留,,3.0,10.0,deepseek/C26/train_2017/M1/run_03,,0.0,2018.0,63398.0,2017.0,,0.0
M1,,,,,,,,,,,,,,,,,,,,,,,,,,,,,,,,,,,,,,,,,,,,,,MISSING,,not_started,,,,,,,C26,,glm,,,new,10.0,,,,,3.0,,glm/C26/train_2017/M1/run_03,,,2018.0,,2017.0,,0.0
M2,-0.3133603382468062,-0.31124697003262947,-0.30098004606547546,-0.35094423037781475,-1.2941531626097875,0.0,0.021035464137300175,-0.3381505003804892,-0.2902115058953293,-0.28049049390837455,-1.2394726396016487,0.0,-0.3133603382468062,-0.3030399288817003,-0.3520037002272137,-1.3065241329510826,0.0026877530190255955,-0.015717147970061962,-0.3552314775623183,-0.32907748621686816,-0.31836725362187235,-1.4577499382103125,0.04658355346412692,-0.3152092129006787,-0.304842218287634,-0.3529541958931519,-1.3176976983474817,0.005376434190625915,-0.04999929167684669,-0.38125237144371793,-0.3652085045775254,-0.3536567779233033,-1.6691967539246846,0.09080063886109736,-0.31231416750149676,-0.3020202033647099,-0.3514780022904207,-1.3003730519908023,0.00134435039676718,0.002302389757538048,-0.34551342242797256,-0.3100117777439587,-0.29977623036423817,-1.34949178352666,0.023596199632579244,EVALUATED,-0.015717147970061962,valid,1.0,0.0,10.0,-0.2902115058953293,-0.28049049390837455,0.0,C26,-0.3552314775623183,deepseek,-0.32907748621686816,-0.31836725362187235,new,10.0,0.026580556524161886,0.24402418647088198,,-0.02199168270225116,3.0,10.0,deepseek/C26/train_2017/M2/run_03,-1.4577499382103125,0.0,2018.0,87642.0,2017.0,0.22585666980456398,0.0
M2,,,,,,,,,,,,,,,,,,,,,,,,,,,,,,,,,,,,,,,,,,,,,,MISSING,,not_started,,,,,,,C26,,glm,,,new,10.0,,,,,3.0,,glm/C26/train_2017/M2/run_03,,,2018.0,,2017.0,,0.0
M0,,,,,,,,,,,,,,,,,,,,,,,,,,,,,,,,,,,,,,,,,,,,,,MISSING,,not_started,,,,,,,C35,,glm,,,new,10.0,,,,,3.0,,glm/C35/train_2017/M0/run_03,,,2018.0,,2017.0,,0.0
M0,-0.30491283521941737,-0.3026177446804428,-0.29257180451921994,-0.3569608408390639,-1.1945868363734085,0.0,-0.02490344809715528,-0.3896341318027047,-0.32752119277759806,-0.316848929751001,-1.6875828535614654,0.0,-0.30491283521941737,-0.2948077155077822,-0.3581141680854253,-1.2071151834368143,0.002637858900255177,-0.0422073690077569,-0.402691026087428,-0.34712020422717427,-0.3359800666559243,-1.818567752109766,0.022111632763328868,-0.3072499391961069,-0.29708485769011195,-0.35931038975765817,-1.2200058945852885,0.005265042836843931,-0.05890072600992169,-0.41547535278819536,-0.36615066520602857,-0.3545780431350205,-1.9485980301628325,0.04362030375638884,-0.3037525634743591,-0.29367732513820366,-0.3575254909299648,-1.2007619056099261,0.0013202829086959422,-0.03363592902995216,-0.3961906584884378,-0.33738849250431124,-0.3264778671303473,-1.7531683686973685,0.011133155971617861,EVALUATED,-0.0422073690077569,valid,1.0,0.0,10.0,-0.32752119277759806,-0.316848929751001,0.0,C35,-0.402691026087428,deepseek,-0.34712020422717427,-0.3359800666559243,new,10.0,0.045807477377841556,0.27940816251864753,,-0.058384574042509185,3.0,10.0,deepseek/C35/train_2017/M0/run_03,-1.818567752109766,0.0,2018.0,40196.0,2017.0,0.11678864169081088,0.0
M1,,,,,,,,,,,,,,,,,,,,,,,,,,,,,,,,,,,,,,,,,,,,,,MISSING,,not_started,,,,,,,C35,,glm,,,new,10.0,,,,,3.0,,glm/C35/train_2017/M1/run_03,,,2018.0,,2017.0,,0.0
M1,-0.30491283521941737,-0.3026177446804428,-0.29257180451921994,-0.3569608408390639,-1.1945868363734085,0.0,0.025591724131122096,-0.344409179134505,-0.2770260205493207,-0.2676595252402806,-1.1699061614096478,0.0,-0.30491283521941737,-0.2948077155077822,-0.3581141680854253,-1.2071151834368143,0.002637858900255177,-0.0036249458904797915,-0.3651063295692569,-0.30853778110989716,-0.2983397883684804,-1.3439332492954312,0.035499083653794984,-0.3072499391961069,-0.29708485769011195,-0.35931038975765817,-1.2200058945852885,0.005265042836843931,-0.03144067804192585,-0.3851682181928796,-0.33869061723803273,-0.3277489599228923,-1.5164723649380627,0.06953037023517376,-0.3037525634743591,-0.29367732513820366,-0.3575254909299648,-1.2007619056099261,0.0013202829086959422,0.010806837681237136,-0.3548293860733145,-0.29294572579312195,-0.28315237764516477,-1.2570571428184885,0.01793740313681576,EVALUATED,-0.0036249458904797915,valid,2.0,0.0,10.0,-0.2770260205493207,-0.2676595252402806,0.0,C35,-0.3651063295692569,deepseek,-0.30853778110989716,-0.2983397883684804,new,10.0,0.067852762810673,0.6318702862217777,,-0.005008666343026658,3.0,10.0,deepseek/C35/train_2017/M1/run_03,-1.3439332492954312,0.0,2018.0,63314.0,2017.0,0.1763733752166048,0.0
M2,,,,,,,,,,,,,,,,,,,,,,,,,,,,,,,,,,,,,,,,,,,,,,MISSING,,not_started,,,,,,,C35,,glm,,,new,10.0,,,,,3.0,,glm/C35/train_2017/M2/run_03,,,2018.0,,2017.0,,0.0
M2,-0.30491283521941737,-0.3026177446804428,-0.29257180451921994,-0.3569608408390639,-1.1945868363734085,0.0,0.10600009434331714,-0.2952362004874497,-0.19661765033712564,-0.1896078767071413,-0.7939194401318451,0.0,-0.30491283521941737,-0.2948077155077822,-0.3581141680854253,-1.2071151834368143,0.002637858900255177,0.07717589979882133,-0.31547339426419985,-0.22773693542059603,-0.21977650622754985,-0.9562881373916229,0.0326206125129737,-0.3072499391961069,-0.29708485769011195,-0.35931038975765817,-1.2200058945852885,0.005265042836843931,0.05005308196500169,-0.33475905056818656,-0.2571968572311052,-0.2483809294061169,-1.1148646836979497,0.06403827680473476,-0.3037525634743591,-0.29367732513820366,-0.3575254909299648,-1.2007619056099261,0.0013202829086959422,0.09140394757692549,-0.30545194653492747,-0.2123486158974336,-0.2048523695887301,-0.8753536211747085,0.01646669254410411,EVALUATED,0.07717589979882133,valid,1.0,0.0,10.0,-0.19661765033712564,-0.1896078767071413,0.0,C35,-0.31547339426419985,deepseek,-0.22773693542059603,-0.21977650622754985,new,10.0,0.06588075600220138,0.4708933323857623,,0.10639822773197172,3.0,10.0,deepseek/C35/train_2017/M2/run_03,-0.9562881373916229,0.0,2018.0,87233.0,2017.0,0.15444402558075182,0.0
M3,,,,,,,,,,,,,,,,,,,,,,,,,,,,,,,,,,,,,,,,,,,,,,MISSING,,not_started,,,,,,,C35,,glm,,,new,19.0,,,,,3.0,,glm/C35/train_2017/M3/run_03,,,2018.0,,2017.0,,0.0
M3,,,,,,,,,,,,,,,,,,,,,,,,,,,,,,,,,,,,,,,,,,,,,,MISSING,,failed,,0.0,3.0,,,0.0,C35,,deepseek,,,new,19.0,,,摘要格式不合规,,3.0,6.0,deepseek/C35/train_2017/M3/run_03,,3.0,2018.0,32400.0,2017.0,,0.0
M1,-0.32251281266652976,-0.3204101223893254,-0.30991312024235884,-0.3838207468983146,-1.1183037985037891,0.0,0.005285379045792182,-0.4007730011130941,-0.31512474334353324,-0.30475987286565676,-1.1730762611619487,0.0,-0.32251281266652976,-0.31196368594839097,-0.38477554811894776,-1.1285952626809828,0.0026539205507268245,-0.023626532755785745,-0.42036142408593147,-0.3461393454223155,-0.3350220870388533,-1.3298933179308121,0.03677168745374884,-0.32461204531834276,-0.3140111316846095,-0.38573043320336076,-1.1388872113561854,0.005301769380229599,-0.05136333441431218,-0.4395035739048283,-0.37597537973265494,-0.3641881170507614,-1.486364165567704,0.07201247046389889,-0.32146212317168377,-0.31093901096622434,-0.3842982790572975,-1.1234506400794517,0.0013277340571124137,-0.009378458719453642,-0.41067383301626426,-0.3308405818911374,-0.32008750316076595,-1.2518134006640083,0.01857852681646122,EVALUATED,-0.023626532755785745,valid,1.0,0.0,10.0,-0.31512474334353324,-0.30475987286565676,0.0,C39,-0.42036142408593147,deepseek,-0.3461393454223155,-0.3350220870388533,new,10.0,0.03880514638671404,0.3501606381678421,,-0.033513348960724665,3.0,10.0,deepseek/C39/train_2017/M1/run_03,-1.3298933179308121,0.0,2018.0,63893.0,2017.0,0.18695516188249137,0.0
M1,,,,,,,,,,,,,,,,,,,,,,,,,,,,,,,,,,,,,,,,,,,,,,MISSING,,not_started,,,,,,,C39,,glm,,,new,10.0,,,,,3.0,,glm/C39/train_2017/M1/run_03,,,2018.0,,2017.0,,0.0
M2,-0.32251281266652976,-0.3204101223893254,-0.30991312024235884,-0.3838207468983146,-1.1183037985037891,0.0,0.0019141193250592492,-0.39901240203507204,-0.3184960030642662,-0.30804666983584206,-1.1929181509442002,0.0,-0.32251281266652976,-0.31196368594839097,-0.38477554811894776,-1.1285952626809828,0.0026539205507268245,-0.02919345672807716,-0.4206791334669271,-0.3517062693946069,-0.34045991804087283,-1.3625175612849378,0.03860388185550209,-0.32461204531834276,-0.3140111316846095,-0.38573043320336076,-1.1388872113561854,0.005301769380229599,-0.05872202346222266,-0.4415927085450432,-0.3833340687805654,-0.37138996937835633,-1.530630502310306,0.07549817916736404,-0.32146212317168377,-0.31093901096622434,-0.3842982790572975,-1.1234506400794517,0.0013277340571124137,-0.013826348902479801,-0.4099285334995286,-0.33528847207416357,-0.3244281026544993,-1.2777987531324253,0.019522991609496308,EVALUATED,-0.02919345672807716,valid,1.0,0.0,10.0,-0.3184960030642662,-0.30804666983584206,0.0,C39,-0.4206791334669271,deepseek,-0.3517062693946069,-0.34045991804087283,new,10.0,0.04326973706169707,0.4100056433444592,,-0.04141675593353111,3.0,10.0,deepseek/C39/train_2017/M2/run_03,-1.3625175612849378,0.0,2018.0,87810.0,2017.0,0.19580262377142504,0.0
M2,,,,,,,,,,,,,,,,,,,,,,,,,,,,,,,,,,,,,,,,,,,,,,MISSING,,not_started,,,,,,,C39,,glm,,,new,10.0,,,,,3.0,,glm/C39/train_2017/M2/run_03,,,2018.0,,2017.0,,0.0
M3,-0.32251281266652976,-0.3204101223893254,-0.30991312024235884,-0.3838207468983146,-1.1183037985037891,0.0,0.053371860806662896,-0.36695213203972743,-0.26703826158266253,-0.25794649464638697,-0.9099260600484482,0.0,-0.32251281266652976,-0.31196368594839097,-0.38477554811894776,-1.1285952626809828,0.0026539205507268245,0.026816638392992975,-0.3847458308617312,-0.2956961742735368,-0.2858304727817127,-1.0434580246064573,0.03228580858605049,-0.32461204531834276,-0.3140111316846095,-0.38573043320336076,-1.1388872113561854,0.005301769380229599,0.0013869364261884787,-0.40206912796179395,-0.3232251088921543,-0.31265838196002993,-1.1759981439132972,0.06342584971969027,-0.32146212317168377,-0.31093901096622434,-0.3842982790572975,-1.1234506400794517,0.0013277340571124137,0.03993558772375039,-0.3759252050844092,-0.2815265354479334,-0.2720379828823134,-0.9768859660953791,0.016288037519215225,EVALUATED,0.026816638392992975,valid,2.0,0.0,10.0,-0.26703826158266253,-0.25794649464638697,0.0,C39,-0.3847458308617312,deepseek,-0.2956961742735368,-0.2858304727817127,new,19.0,0.060648412223786134,0.6098077017663169,,0.03798231667859042,3.0,19.0,deepseek/C39/train_2017/M3/run_03,-1.0434580246064573,9.0,2018.0,113554.0,2017.0,0.15807910193913693,0.0
M3,,,,,,,,,,,,,,,,,,,,,,,,,,,,,,,,,,,,,,,,,,,,,,MISSING,,not_started,,,,,,,C39,,glm,,,new,19.0,,,,,3.0,,glm/C39/train_2017/M3/run_03,,,2018.0,,2017.0,,0.0
M0,-0.32251281266652976,-0.3204101223893254,-0.30991312024235884,-0.3838207468983146,-1.1183037985037891,0.0,0.02457389407915811,-0.3670435242681741,-0.2958362283101673,-0.2859668536456772,-1.079507736823775,0.0,-0.32251281266652976,-0.31196368594839097,-0.38477554811894776,-1.1285952626809828,0.0026539205507268245,-0.004392727573514721,-0.3872955145604561,-0.3269055402400445,-0.31624833606333014,-1.233244770847495,0.03637407536420878,-0.32461204531834276,-0.3140111316846095,-0.38573043320336076,-1.1388872113561854,0.005301769380229599,-0.03215528307823745,-0.40708940679322947,-0.3567673283965802,-0.3454052226283686,-1.38653995758123,0.0712522243219233,-0.32146212317168377,-0.31093901096622434,-0.3842982790572975,-1.1234506400794517,0.0013277340571124137,0.009884177612118017,-0.3772636741220221,-0.31157794555956575,-0.3013026286370043,-1.15667998710955,0.01837413659536638,EVALUATED,-0.004392727573514721,valid,2.0,0.0,10.0,-0.2958362283101673,-0.2859668536456772,0.0,C39,-0.3872955145604561,deepseek,-0.3269055402400445,-0.31624833606333014,new,10.0,0.04330210873959034,0.3775391681845546,,-0.006227360427690676,3.0,10.0,deepseek/C39/train_2017/M0/run_03,-1.233244770847495,0.0,2018.0,40150.0,2017.0,0.1802379700314152,0.0
M0,,,,,,,,,,,,,,,,,,,,,,,,,,,,,,,,,,,,,,,,,,,,,,MISSING,,not_started,,,,,,,C39,,glm,,,new,10.0,,,,,3.0,,glm/C39/train_2017/M0/run_03,,,2018.0,,2017.0,,0.0
M3,,,,,,,,,,,,,,,,,,,,,,,,,,,,,,,,,,,,,,,,,,,,,,MISSING,,failed,,0.0,2.0,,,0.0,ALL,,deepseek,,,new,19.0,,,摘要格式不合规,,3.0,4.0,deepseek/ALL/train_2018/M3/run_03,,2.0,2019.0,21801.0,2018.0,,0.0
M3,,,,,,,,,,,,,,,,,,,,,,,,,,,,,,,,,,,,,,,,,,,,,,MISSING,,not_started,,,,,,,ALL,,glm,,,new,19.0,,,,,3.0,,glm/ALL/train_2018/M3/run_03,,,2019.0,,2018.0,,0.0
M0,0.29735603999487403,0.30104355002696637,0.2888725751474346,-0.20319846470452463,1.222809800314881,0.0,0.17844249228118714,-0.15614748827381808,0.4794860423081535,0.4589334575283821,1.9241735045274706,0.0,0.29735603999487403,0.2853498472913656,-0.20364175162321407,1.2107496224723073,0.003180102690662113,0.12731539408284664,-0.16513208751001185,0.4246714340777207,0.40677585287516194,1.748332599148901,0.046330554212413055,0.29368374058947366,0.28184129494569876,-0.20408827038257682,1.198689479105375,0.006351737961037136,0.07839433658198214,-0.17465627639464998,0.3720780771714558,0.3566644305701001,1.5725887640643375,0.09093532747432738,0.2991977276351174,0.2871092808638309,-0.20342037206835284,1.2167803171286566,0.0015911874827924403,0.15255466573744147,-0.1606508163104945,0.4517523933725589,0.4325529188468813,1.8360693663745424,0.023386110132924222,EVALUATED,0.12731539408284664,valid,3.0,0.0,10.0,0.4794860423081535,0.4589334575283821,0.0,ALL,-0.16513208751001185,deepseek,0.4246714340777207,0.40677585287516194,new,10.0,0.0826086590919654,0.8867529617454634,,0.09446922628860843,3.0,10.0,deepseek/ALL/train_2018/M0/run_03,1.748332599148901,0.0,2019.0,40374.0,2018.0,0.1496488144975671,0.0
M0,,,,,,,,,,,,,,,,,,,,,,,,,,,,,,,,,,,,,,,,,,,,,,MISSING,,not_started,,,,,,,ALL,,glm,,,new,10.0,,,,,3.0,,glm/ALL/train_2018/M0/run_03,,,2019.0,,2018.0,,0.0
M1,0.29735603999487403,0.30104355002696637,0.2888725751474346,-0.20319846470452463,1.222809800314881,0.0,0.1796942468420588,-0.15539474521775676,0.4807377968690252,0.46012372062103934,1.8986409923986243,0.0,0.29735603999487403,0.2853498472913656,-0.20364175162321407,1.2107496224723073,0.003180102690662113,0.12305013810615861,-0.16648068039229802,0.42040617810103265,0.4027143733964862,1.7077303581296257,0.0518022730331688,0.29368374058947366,0.28184129494569876,-0.20408827038257682,1.198689479105375,0.006351737961037136,0.06855190701498404,-0.1777934136731546,0.3622356476044577,0.34727893027032186,1.5154084455723464,0.10147673852594594,0.2991977276351174,0.2871092808638309,-0.20342037206835284,1.2167803171286566,0.0015911874827924403,0.15103510092914263,-0.1607957189345861,0.45023282856426006,0.4311069757456887,1.8031432002548742,0.0261722632351955,EVALUATED,0.12305013810615861,valid,4.0,0.0,10.0,0.4807377968690252,0.46012372062103934,0.0,ALL,-0.16648068039229802,deepseek,0.42040617810103265,0.4027143733964862,new,10.0,0.08449630994938427,0.9434112436404768,,0.09130940214638406,3.0,10.0,deepseek/ALL/train_2018/M1/run_03,1.7077303581296257,0.0,2019.0,64348.0,2018.0,0.1661664614879058,0.0
M1,,,,,,,,,,,,,,,,,,,,,,,,,,,,,,,,,,,,,,,,,,,,,,MISSING,,not_started,,,,,,,ALL,,glm,,,new,10.0,,,,,3.0,,glm/ALL/train_2018/M1/run_03,,,2019.0,,2018.0,,0.0
M2,0.29735603999487403,0.30104355002696637,0.2888725751474346,-0.20319846470452463,1.222809800314881,0.0,0.21762548282332794,-0.14532057011305388,0.5186690328502943,0.4961747150611915,1.9483173144280599,0.0,0.29735603999487403,0.2853498472913656,-0.20364175162321407,1.2107496224723073,0.003180102690662113,0.15938603439960985,-0.15620638008056342,0.4567420743944839,0.4373004739597506,1.7643096267086096,0.05216729278561831,0.29368374058947366,0.28184129494569876,-0.20408827038257682,1.198689479105375,0.006351737961037136,0.10275163780853425,-0.16754693779618113,0.3964353783980079,0.3798806583246088,1.5769845499170283,0.10217065865979094,0.2991977276351174,0.2871092808638309,-0.20342037206835284,1.2167803171286566,0.0015911874827924403,0.18836687113501194,-0.1506391559313136,0.48756459877012936,0.46661452959906846,1.8568963575830468,0.02635607700315467,EVALUATED,0.15938603439960985,valid,4.0,0.0,10.0,0.5186690328502943,0.4961747150611915,0.0,ALL,-0.15620638008056342,deepseek,0.4567420743944839,0.4373004739597506,new,10.0,0.08154524168352907,1.0307821647752329,,0.11821732969322896,3.0,10.0,deepseek/ALL/train_2018/M2/run_03,1.7643096267086096,0.0,2019.0,88070.0,2018.0,0.16543953335086584,0.0
M2,,,,,,,,,,,,,,,,,,,,,,,,,,,,,,,,,,,,,,,,,,,,,,MISSING,,not_started,,,,,,,ALL,,glm,,,new,10.0,,,,,3.0,,glm/ALL/train_2018/M2/run_03,,,2019.0,,2018.0,,0.0
M0,,,,,,,,,,,,,,,,,,,,,,,,,,,,,,,,,,,,,,,,,,,,,,MISSING,,not_started,,,,,,,C26,,glm,,,new,10.0,,,,,3.0,,glm/C26/train_2018/M0/run_03,,,2019.0,,2018.0,,0.0
M0,0.28798441502843586,0.2914876888681268,0.27974299481347153,-0.2378442157468993,1.1637133558109587,0.0,0.06650475689766222,-0.21493061163614535,0.35799244576578904,0.3432319705434008,1.3460254946688195,0.0,0.28798441502843586,0.27639539630841536,-0.23836390701424193,1.1524394076905564,0.0030320027405865368,-0.007015490679475267,-0.22193078798091626,0.2809689243489606,0.2696906750774435,1.1115338287197993,0.06693171701824249,0.2844894460763212,0.27305540959459806,-0.23888160863056618,1.1411582599766397,0.006054637860598449,-0.07632356255545014,-0.22887758225735588,0.20816588352087106,0.20003379348469474,0.876892540112255,0.13014378506548907,0.2897344579071539,0.2780677129480753,-0.2381044438765344,1.158076165883647,0.0015172081767308783,0.02917877418202308,-0.21843886492611497,0.318913232089177,0.3059386905586985,1.2287607976875285,0.03394197141519304,EVALUATED,-0.007015490679475267,valid,1.0,0.0,10.0,0.35799244576578904,0.3432319705434008,0.0,C26,-0.22193078798091626,deepseek,0.2809689243489606,0.2696906750774435,new,10.0,0.05151499421733841,0.516777361230578,,-0.0052528560118308976,3.0,10.0,deepseek/C26/train_2018/M0/run_03,1.1115338287197993,0.0,2019.0,39748.0,2018.0,0.23210824664584861,0.0
M1,,,,,,,,,,,,,,,,,,,,,,,,,,,,,,,,,,,,,,,,,,,,,,MISSING,,not_started,,,,,,,C26,,glm,,,new,10.0,,,,,3.0,,glm/C26/train_2018/M1/run_03,,,2019.0,,2018.0,,0.0
M1,,,,,,,,,,,,,,,,,,,,,,,,,,,,,,,,,,,,,,,,,,,,,,NO_ELIGIBLE_PORTFOLIO,,empty,0.0,0.0,10.0,,,0.0,C26,,deepseek,,,new,10.0,,,原始记录保留,,3.0,10.0,deepseek/C26/train_2018/M1/run_03,,0.0,2019.0,63693.0,2018.0,,0.0
M2,,,,,,,,,,,,,,,,,,,,,,,,,,,,,,,,,,,,,,,,,,,,,,MISSING,,not_started,,,,,,,C26,,glm,,,new,10.0,,,,,3.0,,glm/C26/train_2018/M2/run_03,,,2019.0,,2018.0,,0.0
M2,0.28798441502843586,0.2914876888681268,0.27974299481347153,-0.2378442157468993,1.1637133558109587,0.0,0.04307308751245653,-0.1987887439362388,0.33456077638058335,0.3208758096135682,1.2740045348923077,0.0,0.28798441502843586,0.27639539630841536,-0.23836390701424193,1.1524394076905564,0.0030320027405865368,-0.0209841172868257,-0.21277805523646087,0.26700029774161016,0.25633691226449407,1.0667587115588324,0.06063900782334211,0.2844894460763212,0.27305540959459806,-0.23888160863056618,1.1411582599766397,0.006054637860598449,-0.08158679788555956,-0.23638272575459285,0.20290264819076165,0.19499229937329265,0.8595145016736029,0.11827616051792834,0.2897344579071539,0.2780677129480753,-0.2381044438765344,1.158076165883647,0.0015172081767308783,0.010552900428774548,-0.20567115630478805,0.30028735833592846,0.2881502041667239,1.1702435760295202,0.030707925379882556,EVALUATED,-0.0209841172868257,valid,1.0,0.0,10.0,0.33456077638058335,0.3208758096135682,0.0,C26,-0.21277805523646087,deepseek,0.26700029774161016,0.25633691226449407,new,10.0,0.06159884630768996,0.6399637938521702,,-0.015714945464339936,3.0,10.0,deepseek/C26/train_2018/M2/run_03,1.0667587115588324,0.0,2019.0,87090.0,2018.0,0.20536247155605586,0.0
M3,,,,,,,,,,,,,,,,,,,,,,,,,,,,,,,,,,,,,,,,,,,,,,MISSING,,not_started,,,,,,,C26,,glm,,,new,19.0,,,,,3.0,,glm/C26/train_2018/M3/run_03,,,2019.0,,2018.0,,0.0
M3,0.28798441502843586,0.2914876888681268,0.27974299481347153,-0.2378442157468993,1.1637133558109587,0.0,0.06635076454567956,-0.20402669810100438,0.3578384534138064,0.343085091636973,1.3514416437080559,0.0,0.28798441502843586,0.27639539630841536,-0.23836390701424193,1.1524394076905564,0.0030320027405865368,-0.010670780205558561,-0.2117717090789355,0.2773136348228773,0.2661967868941746,1.1047226378897068,0.07028782160773726,0.2844894460763212,0.27305540959459806,-0.23888160863056618,1.1411582599766397,0.006054637860598449,-0.08294087756340573,-0.21944571974144633,0.20154856851291547,0.1936951400785385,0.8582893456746018,0.13649413739523608,0.2897344579071539,0.2780677129480753,-0.2381044438765344,1.158076165883647,0.0015172081767308783,0.027226890868821796,-0.20790812614240461,0.3169613487759757,0.30407498358478646,1.2280925123452853,0.0356679835311938,EVALUATED,-0.010670780205558561,valid,1.0,0.0,10.0,0.3578384534138064,0.343085091636973,0.0,C26,-0.2117717090789355,deepseek,0.2773136348228773,0.2661967868941746,new,19.0,0.04998793202659397,0.49142934066808236,,-0.007990164680738543,3.0,19.0,deepseek/C26/train_2018/M3/run_03,1.1047226378897068,9.0,2019.0,112402.0,2018.0,0.24265336053126416,0.0
M1,0.3166228022772313,0.32028844872932294,0.3072517226220266,-0.1809358382296875,1.2546484618032945,0.0,0.17579229316385447,-0.18204992641815632,0.4960807418931774,0.47471004531907224,1.8297092677914428,0.0,0.3166228022772313,0.30375172089076585,-0.1814225279317364,1.2432113124459816,0.003064482991419877,0.11648285717378681,-0.194732802462649,0.4331056594510181,0.4148058483831871,1.6459452180511163,0.053890102606270536,0.3129512057090904,0.3002456890373777,-0.18190867620350537,1.2317055936545038,0.0061184915290581005,0.059995371045086676,-0.20718259759495083,0.3729465767541771,0.3574924948528424,1.4623061104671544,0.1055349776154856,0.3184538063977962,0.3055000282949334,-0.18117954330230845,1.2489301560469714,0.0015334154473889787,0.1457687246874464,-0.18843041338161637,0.4642225310852426,0.4444168517471274,1.7377957570914628,0.02723276026083832,EVALUATED,0.11648285717378681,valid,7.0,0.0,10.0,0.4960807418931774,0.47471004531907224,0.0,C35,-0.194732802462649,deepseek,0.4331056594510181,0.4148058483831871,new,10.0,0.10119881192915693,0.9289139872604288,,0.08518042639019141,3.0,10.0,deepseek/C35/train_2018/M1/run_03,1.6459452180511163,0.0,2019.0,65433.0,2018.0,0.17157218514552355,0.0
M1,,,,,,,,,,,,,,,,,,,,,,,,,,,,,,,,,,,,,,,,,,,,,,MISSING,,not_started,,,,,,,C35,,glm,,,new,10.0,,,,,3.0,,glm/C35/train_2018/M1/run_03,,,2019.0,,2018.0,,0.0
M2,0.3166228022772313,0.32028844872932294,0.3072517226220266,-0.1809358382296875,1.2546484618032945,0.0,0.20909188291623648,-0.19053143741573808,0.5293803316455594,0.5063492008976653,1.8427680422703785,0.0,0.3166228022772313,0.30375172089076585,-0.1814225279317364,1.2432113124459816,0.003064482991419877,0.13428275911413978,-0.20197172386310625,0.45090556139137106,0.43174712187362463,1.6277464330794587,0.06679483147637455,0.3129512057090904,0.3002456890373777,-0.18190867620350537,1.2317055936545038,0.0061184915290581005,0.06328324116563944,-0.21423436882991098,0.37623444687472984,0.3606271201048905,1.4118090971880004,0.13014682570621502,0.3184538063977962,0.3055000282949334,-0.18117954330230845,1.2489301560469714,0.0015334154473889787,0.17116377794321602,-0.19627933603236003,0.4896175843410122,0.4685662656337901,1.7353081113888738,0.033839584237137725,EVALUATED,0.13428275911413978,valid,5.0,0.0,10.0,0.5293803316455594,0.5063492008976653,0.0,C35,-0.20197172386310625,deepseek,0.45090556139137106,0.43174712187362463,new,10.0,0.09722033645331771,0.9687440084453929,,0.0981746746193426,3.0,10.0,deepseek/C35/train_2018/M2/run_03,1.6277464330794587,0.0,2019.0,88731.0,2018.0,0.20622069713888577,0.0
M2,,,,,,,,,,,,,,,,,,,,,,,,,,,,,,,,,,,,,,,,,,,,,,MISSING,,not_started,,,,,,,C35,,glm,,,new,10.0,,,,,3.0,,glm/C35/train_2018/M2/run_03,,,2019.0,,2018.0,,0.0
M3,0.3166228022772313,0.32028844872932294,0.3072517226220266,-0.1809358382296875,1.2546484618032945,0.0,0.08918785047073796,-0.1576529327479349,0.4094762992000609,0.392304687901909,1.5896945037995074,0.0,0.3166228022772313,0.30375172089076585,-0.1814225279317364,1.2432113124459816,0.003064482991419877,0.03745294527190257,-0.1628023164848703,0.35407574754913385,0.3394960132909344,1.4168060469111918,0.04741185534026912,0.3129512057090904,0.3002456890373777,-0.18190867620350537,1.2317055936545038,0.0061184915290581005,-0.0118208965274893,-0.17341614560104823,0.3011303091816011,0.2889554530355949,1.2445204439945912,0.0929409032028205,0.3184538063977962,0.3055000282949334,-0.18117954330230845,1.2489301560469714,0.0015334154473889787,0.06297993833999449,-0.16025354980514783,0.3814337447377907,0.3655835374585852,1.5030963183044057,0.02394749199890581,EVALUATED,0.03745294527190257,valid,7.0,0.0,10.0,0.4094762992000609,0.392304687901909,0.0,C35,-0.1628023164848703,deepseek,0.35407574754913385,0.3394960132909344,new,19.0,0.08954260742874787,0.7561095042662449,,0.0274164872248428,3.0,19.0,deepseek/C35/train_2018/M3/run_03,1.4168060469111918,9.0,2019.0,115758.0,2018.0,0.1569157335115689,0.0
M3,,,,,,,,,,,,,,,,,,,,,,,,,,,,,,,,,,,,,,,,,,,,,,MISSING,,not_started,,,,,,,C35,,glm,,,new,19.0,,,,,3.0,,glm/C35/train_2018/M3/run_03,,,2019.0,,2018.0,,0.0
M0,0.3166228022772313,0.32028844872932294,0.3072517226220266,-0.1809358382296875,1.2546484618032945,0.0,0.17370264934258106,-0.15996708792461034,0.493991098071904,0.4727237654403851,1.820316544741457,0.0,0.3166228022772313,0.30375172089076585,-0.1814225279317364,1.2432113124459816,0.003064482991419877,0.12408351394742323,-0.16870587020609396,0.4407063162246545,0.4220407800173833,1.6653300337386254,0.045651179661356976,0.3129512057090904,0.3002456890373777,-0.18190867620350537,1.2317055936545038,0.0061184915290581005,0.07663336306112734,-0.17723234916537967,0.38958456877021774,0.37335226328624693,1.510849500944462,0.08969509407695941,0.3184538063977962,0.3055000282949334,-0.18117954330230845,1.2489301560469714,0.0015334154473889787,0.14859661527055557,-0.16436141358655865,0.46705042166835176,0.4471067684245298,1.7427050598558316,0.023032556936235484,EVALUATED,0.12408351394742323,valid,6.0,0.0,10.0,0.493991098071904,0.4727237654403851,0.0,C35,-0.16870587020609396,deepseek,0.4407063162246545,0.4220407800173833,new,10.0,0.10975335006476306,1.0399622349355055,,0.090729743425227,3.0,10.0,deepseek/C35/train_2018/M0/run_03,1.6653300337386254,0.0,2019.0,41772.0,2018.0,0.14441885599742157,0.0
M0,,,,,,,,,,,,,,,,,,,,,,,,,,,,,,,,,,,,,,,,,,,,,,MISSING,,not_started,,,,,,,C35,,glm,,,new,10.0,,,,,3.0,,glm/C35/train_2018/M0/run_03,,,2019.0,,2018.0,,0.0
M2,,,,,,,,,,,,,,,,,,,,,,,,,,,,,,,,,,,,,,,,,,,,,,MISSING,,not_started,,,,,,,C39,,glm,,,new,10.0,,,,,3.0,,glm/C39/train_2018/M2/run_03,,,2019.0,,2018.0,,0.0
M2,0.571664981513561,0.5765057687532602,0.5510828943728843,-0.18921713985495847,1.6630288507507456,0.0,0.035574543481128984,-0.18151147297723047,0.6120803122343892,0.5848202333621284,1.8265721846886356,0.0,0.571664981513561,0.5464900153112744,-0.18934671935126313,1.652605417066369,0.003629155073570144,-0.015411690751796048,-0.18543546146013123,0.556253290761765,0.5318642209721822,1.7011198465380195,0.044679987308232125,0.5668412460592123,0.5419128121896313,-0.18947626785531413,1.6421740542264314,0.007246776212453938,-0.06436745520904052,-0.18931478831502224,0.5024737908501717,0.48078624834685746,1.5757872959391648,0.0877509263447051,0.5740827153760575,0.5487839943529358,-0.1892819334933039,1.6578168562625573,0.0018160227334115971,0.009796668816210996,-0.18348736761516116,0.5838793841922685,0.5580779221737224,1.7637640134752242,0.022545027333456345,EVALUATED,-0.015411690751796048,valid,1.0,0.0,10.0,0.6120803122343892,0.5848202333621284,0.0,C39,-0.18543546146013123,deepseek,0.556253290761765,0.5318642209721822,new,10.0,0.03165934978468668,0.27809578607238195,,-0.0094574127180177,3.0,10.0,deepseek/C39/train_2018/M2/run_03,1.7011198465380195,0.0,2019.0,87319.0,2018.0,0.13853403892913538,0.0
M3,,,,,,,,,,,,,,,,,,,,,,,,,,,,,,,,,,,,,,,,,,,,,,MISSING,,not_started,,,,,,,C39,,glm,,,new,19.0,,,,,3.0,,glm/C39/train_2018/M3/run_03,,,2019.0,,2018.0,,0.0
M3,0.571664981513561,0.5765057687532602,0.5510828943728843,-0.18921713985495847,1.6630288507507456,0.0,0.1840442443452588,-0.19098075595987385,0.760550013098519,0.7253420652855178,2.0443252050285916,0.0,0.571664981513561,0.5464900153112744,-0.18934671935126313,1.652605417066369,0.003629155073570144,0.1285188226155256,-0.19183359201140304,0.7001838041290867,0.6682605472151799,1.9262261882445082,0.04742596272167134,0.5668412460592123,0.5419128121896313,-0.18947626785531413,1.6421740542264314,0.007246776212453938,0.07570171362277733,-0.19341403426165393,0.6425429596819896,0.6136885251043838,1.8095046499405867,0.0931900061918029,0.5740827153760575,0.5487839943529358,-0.1892819334933039,1.6578168562625573,0.0018160227334115971,0.1560150867086718,-0.19141483106531654,0.7300978020847293,0.6965557328038645,1.9852776435355124,0.023927218575282017,EVALUATED,0.1285188226155256,valid,1.0,0.0,10.0,0.760550013098519,0.7253420652855178,0.0,C39,-0.19183359201140304,deepseek,0.7001838041290867,0.6682605472151799,new,19.0,0.058274588921949186,0.45545470063178795,,0.07873994057400746,3.0,19.0,deepseek/C39/train_2018/M3/run_03,1.9262261882445082,9.0,2019.0,113393.0,2018.0,0.13609775647622077,0.0
M0,,,,,,,,,,,,,,,,,,,,,,,,,,,,,,,,,,,,,,,,,,,,,,MISSING,,not_started,,,,,,,C39,,glm,,,new,10.0,,,,,3.0,,glm/C39/train_2018/M0/run_03,,,2019.0,,2018.0,,0.0
M0,0.571664981513561,0.5765057687532602,0.5510828943728843,-0.18921713985495847,1.6630288507507456,0.0,0.2006956153604491,-0.1652385197412014,0.7772013841137093,0.7410749897302531,2.182435403484295,0.0,0.571664981513561,0.5464900153112744,-0.18934671935126313,1.652605417066369,0.003629155073570144,0.1270029977425431,-0.16701167685550333,0.6986679792561041,0.6668262812832539,2.0202728529263516,0.062423823201609004,0.5668412460592123,0.5419128121896313,-0.18947626785531413,1.6421740542264314,0.007246776212453938,0.056615424042238294,-0.16875022883400292,0.6234566701014506,0.5956034346490933,1.8577072796075438,0.12195537709108267,0.5740827153760575,0.5487839943529358,-0.1892819334933039,1.6578168562625573,0.0018160227334115971,0.16342943798647558,-0.16612548559471685,0.7375121533625331,0.7035661389627641,2.101429036975252,0.0315818172827013,EVALUATED,0.1270029977425431,valid,4.0,0.0,10.0,0.7772013841137093,0.7410749897302531,0.0,C39,-0.16701167685550333,deepseek,0.6986679792561041,0.6668262812832539,new,10.0,0.05872631623927809,0.48128623459083575,,0.07781250753679037,3.0,10.0,deepseek/C39/train_2018/M0/run_03,2.0202728529263516,0.0,2019.0,40371.0,2018.0,0.180770125261275,0.0
M1,,,,,,,,,,,,,,,,,,,,,,,,,,,,,,,,,,,,,,,,,,,,,,MISSING,,not_started,,,,,,,C39,,glm,,,new,10.0,,,,,3.0,,glm/C39/train_2018/M1/run_03,,,2019.0,,2018.0,,0.0
M1,0.571664981513561,0.5765057687532602,0.5510828943728843,-0.18921713985495847,1.6630288507507456,0.0,0.21615652981464195,-0.17607313814637437,0.7926622985679022,0.7556784062783399,2.2216979906491434,0.0,0.571664981513561,0.5464900153112744,-0.18934671935126313,1.652605417066369,0.003629155073570144,0.15022893359165712,-0.17739636939540382,0.7218939151052182,0.6887975553098165,2.0764747940083113,0.05532933542128537,0.5668412460592123,0.5419128121896313,-0.18947626785531413,1.6421740542264314,0.007246776212453938,0.0875571973050564,-0.17881911858900268,0.6543984433642687,0.624918328251759,1.9321106633149143,0.10841517103136604,0.5740827153760575,0.5487839943529358,-0.1892819334933039,1.6578168562625573,0.0018160227334115971,0.18263292967125833,-0.1766662763343515,0.7567156450473158,0.7217184400368228,2.148735150962053,0.02795099032185728,EVALUATED,0.15022893359165712,valid,5.0,0.0,10.0,0.7926622985679022,0.7556784062783399,0.0,C39,-0.17739636939540382,deepseek,0.7218939151052182,0.6887975553098165,new,10.0,0.0756702032521932,0.5246790460374895,,0.0920196953033019,3.0,10.0,deepseek/C39/train_2018/M1/run_03,2.0764747940083113,0.0,2019.0,64592.0,2018.0,0.158472398821875,0.0
M0,,,,,,,,,,,,,,,,,,,,,,,,,,,,,,,,,,,,,,,,,,,,,,MISSING,,not_started,,,,,,,ALL,,glm,,,new,10.0,,,,,3.0,,glm/ALL/train_2019/M0/run_03,,,2020.0,,2019.0,,0.0
M0,0.1651734703694836,0.16896568930393796,0.16174608611500574,-0.1340623586462646,0.758300059780993,0.0,-0.0032759794875734105,-0.15411570648838757,0.16568970981636455,0.15861936156017453,0.751759542080245,0.0,0.1651734703694836,0.15812661040894715,-0.13411626225213646,0.7450839571629432,0.003404397636155883,-0.05166326564885648,-0.15534792381047802,0.11351020472062712,0.10876946448424363,0.563389745186189,0.047191011740826926,0.1613824161562627,0.1545077790894529,-0.1341792013014793,0.7318173220716839,0.006797278768480026,-0.09697620270539242,-0.15656561631362964,0.06440621345087028,0.06177308105534096,0.3783266776735822,0.09224754916624876,0.16707086287366035,0.1599376311920142,-0.13408723574770165,0.7517034583068499,0.0017035884435602435,-0.02786822339805406,-0.15473097576548334,0.1392026394756063,0.13332615559465455,0.6571860900783724,0.02387162067755795,EVALUATED,-0.05166326564885648,valid,13.0,0.0,10.0,0.16568970981636455,0.15861936156017453,0.0,ALL,-0.15534792381047802,deepseek,0.11351020472062712,0.10876946448424363,new,10.0,0.052023095644270635,0.4910223319468758,,-0.04261809156364604,3.0,10.0,deepseek/ALL/train_2019/M0/run_03,0.563389745186189,0.0,2020.0,41852.0,2019.0,0.181296201823714,0.0
M1,,,,,,,,,,,,,,,,,,,,,,,,,,,,,,,,,,,,,,,,,,,,,,MISSING,,not_started,,,,,,,ALL,,glm,,,new,10.0,,,,,3.0,,glm/ALL/train_2019/M1/run_03,,,2020.0,,2019.0,,0.0
M1,0.1651734703694836,0.16896568930393796,0.16174608611500574,-0.1340623586462646,0.758300059780993,0.0,-0.03626018020604205,-0.15967159773609096,0.1327055090978959,0.12711832902527553,0.6336123288386534,0.0,0.1651734703694836,0.15812661040894715,-0.13411626225213646,0.7450839571629432,0.003404397636155883,-0.09041319012623994,-0.16109548925831985,0.07476028024324366,0.07168976673892624,0.41810244051556567,0.05468683092815914,0.1613824161562627,0.1545077790894529,-0.1341792013014793,0.7318173220716839,0.006797278768480026,-0.1419074296777325,-0.16822284738284565,0.019474986478530187,0.018694991174275977,0.20213467394576315,0.10652631468906833,0.16707086287366035,0.1599376311920142,-0.13408723574770165,0.7517034583068499,0.0017035884435602435,-0.0637460622160082,-0.16038972014481756,0.10332480065765215,0.09902811314421456,0.5256909398447047,0.02770584381132153,EVALUATED,-0.09041319012623994,valid,10.0,0.0,10.0,0.1327055090978959,0.12711832902527553,0.0,ALL,-0.16109548925831985,deepseek,0.07476028024324366,0.07168976673892624,new,10.0,0.04925098660716951,0.4404908267858127,,-0.07463505534986292,3.0,10.0,deepseek/ALL/train_2019/M1/run_03,0.41810244051556567,0.0,2020.0,67607.0,2019.0,0.21086708820366462,0.0
M2,,,,,,,,,,,,,,,,,,,,,,,,,,,,,,,,,,,,,,,,,,,,,,MISSING,,not_started,,,,,,,ALL,,glm,,,new,10.0,,,,,3.0,,glm/ALL/train_2019/M2/run_03,,,2020.0,,2019.0,,0.0
M2,0.1651734703694836,0.16896568930393796,0.16174608611500574,-0.1340623586462646,0.758300059780993,0.0,0.013553436082739179,-0.16282712006527478,0.18251912538667714,0.17467833846259206,0.8039055078580598,0.0,0.1651734703694836,0.15812661040894715,-0.13411626225213646,0.7450839571629432,0.003404397636155883,-0.04046358853900678,-0.164181921572768,0.12470988183047682,0.11947678998673328,0.6001898114661114,0.05234358009423799,0.1613824161562627,0.1545077790894529,-0.1341792013014793,0.7318173220716839,0.006797278768480026,-0.09147549138328892,-0.1654407364764976,0.06990692477297378,0.06704190314782132,0.39760663526650303,0.10208082622920026,0.16707086287366035,0.1599376311920142,-0.13408723574770165,0.7517034583068499,0.0017035884435602435,-0.013762784535476857,-0.16350475250016772,0.1533080783381835,0.1467986839240767,0.7022227496843487,0.02650785936911679,EVALUATED,-0.04046358853900678,valid,16.0,0.0,10.0,0.18251912538667714,0.17467833846259206,0.0,ALL,-0.164181921572768,deepseek,0.12470988183047682,0.11947678998673328,new,10.0,0.05490026240428639,0.5134339004597703,,-0.03337270733168474,3.0,10.0,deepseek/ALL/train_2019/M2/run_03,0.6001898114661114,0.0,2020.0,92536.0,2019.0,0.19836097559050836,0.0
M3,,,,,,,,,,,,,,,,,,,,,,,,,,,,,,,,,,,,,,,,,,,,,,MISSING,,not_started,,,,,,,ALL,,glm,,,new,19.0,,,,,3.0,,glm/ALL/train_2019/M3/run_03,,,2020.0,,2019.0,,0.0
M3,0.1651734703694836,0.16896568930393796,0.16174608611500574,-0.1340623586462646,0.758300059780993,0.0,0.00712531754657908,-0.1516406089911464,0.17609100685051704,0.16854557215543053,0.8305675026230235,0.0,0.1651734703694836,0.15812661040894715,-0.13411626225213646,0.7450839571629432,0.003404397636155883,-0.03372117550018028,-0.1526944674447348,0.13145229486930332,0.12592075552059678,0.6590637683906662,0.04054301574529364,0.1613824161562627,0.1545077790894529,-0.1341792013014793,0.7318173220716839,0.006797278768480026,-0.07268406404437067,-0.1537649622210424,0.08869835211189203,0.08503308165649259,0.48863036230453294,0.07948414729878925,0.16707086287366035,0.1599376311920142,-0.13408723574770165,0.7517034583068499,0.0017035884435602435,-0.013504115602804179,-0.15216792163020765,0.15356674727085617,0.14704568509701543,0.744836347800866,0.02047615824335408,EVALUATED,-0.03372117550018028,valid,9.0,0.0,10.0,0.17609100685051704,0.16854557215543053,0.0,ALL,-0.1526944674447348,deepseek,0.13145229486930332,0.12592075552059678,new,19.0,0.05748845103621154,0.47946971649545217,,-0.02780857861212438,3.0,19.0,deepseek/ALL/train_2019/M3/run_03,0.6590637683906662,9.0,2020.0,118923.0,2019.0,0.1532300159928131,0.0
M1,0.2450664189911813,0.2491100636748551,0.23813313377249679,-0.13966311023138167,0.9941592714588346,0.0,-0.08668613563582284,-0.1580045222313312,0.16242392803903227,0.15550202301528837,0.7556622072164982,0.0,0.2450664189911813,0.23428382830795402,-0.13972059099685175,0.9815784818264451,0.003359564448601803,-0.1333254550735059,-0.15896166584954807,0.1117409639176754,0.10707761187276743,0.566841751882507,0.04597493784965014,0.24104577007926675,0.23045592153126027,-0.13977799724716433,0.9690164612284203,0.006707129705550368,-0.17781460505356872,-0.15992556995225704,0.06323116502569803,0.06064742835982395,0.37805625691872413,0.08988403434862989,0.24708570329063373,0.23620612688814702,-0.13969185944352636,0.9878677038811172,0.0016813223943506594,-0.11028334106867743,-0.15848042426821585,0.1368023622219563,0.13103292180300352,0.6612588754143703,0.023250591671503992,EVALUATED,-0.1333254550735059,valid,12.0,0.0,10.0,0.16242392803903227,0.15550202301528837,0.0,C26,-0.15896166584954807,deepseek,0.1117409639176754,0.10707761187276743,new,10.0,0.049141413541977215,0.35251699328108543,,-0.10306074949517086,3.0,10.0,deepseek/C26/train_2019/M1/run_03,0.566841751882507,0.0,2020.0,67015.0,2019.0,0.17685813347572352,0.0
M1,,,,,,,,,,,,,,,,,,,,,,,,,,,,,,,,,,,,,,,,,,,,,,MISSING,,not_started,,,,,,,C26,,glm,,,new,10.0,,,,,3.0,,glm/C26/train_2019/M1/run_03,,,2020.0,,2019.0,,0.0
M2,0.2450664189911813,0.2491100636748551,0.23813313377249679,-0.13966311023138167,0.9941592714588346,0.0,0.07959332476477021,-0.1691229894746148,0.3287033884396253,0.31380256171666643,1.2083796562972302,0.0,0.2450664189911813,0.23428382830795402,-0.13972059099685175,0.9815784818264451,0.003359564448601803,0.018120233826190546,-0.17051711589847218,0.26318665281737186,0.25152935028344525,1.015970780517431,0.05688389223432004,0.24104577007926675,0.23045592153126027,-0.13977799724716433,0.9690164612284203,0.006707129705550368,-0.040219546978673026,-0.17190064265783234,0.20082622310059373,0.19213705840959028,0.8235484550502744,0.11083898558556918,0.24708570329063373,0.23620612688814702,-0.13969185944352636,0.9878677038811172,0.0016813223943506594,0.04840546407264279,-0.16980713414428406,0.2954911673632765,0.28225018839004967,1.1120603112275536,0.02881586257062316,EVALUATED,0.018120233826190546,valid,11.0,0.0,10.0,0.3287033884396253,0.31380256171666643,0.0,C26,-0.17051711589847218,deepseek,0.26318665281737186,0.25152935028344525,new,10.0,0.05306825449527643,0.41988623201090053,,0.013972087764556163,3.0,10.0,deepseek/C26/train_2019/M2/run_03,1.015970780517431,0.0,2020.0,92340.0,2019.0,0.20159123204541682,0.0
M2,,,,,,,,,,,,,,,,,,,,,,,,,,,,,,,,,,,,,,,,,,,,,,MISSING,,not_started,,,,,,,C26,,glm,,,new,10.0,,,,,3.0,,glm/C26/train_2019/M2/run_03,,,2020.0,,2019.0,,0.0
M3,0.2450664189911813,0.2491100636748551,0.23813313377249679,-0.13966311023138167,0.9941592714588346,0.0,-0.13549993850024666,-0.16027171292232223,0.11361012517460845,0.10886501114334157,0.5628775487751273,0.0,0.2450664189911813,0.23428382830795402,-0.13972059099685175,0.9815784818264451,0.003359564448601803,-0.18555004410368903,-0.16147311522866203,0.059516374887492285,0.057088472542914825,0.3592599254965972,0.04966558443284357,0.24104577007926675,0.23045592153126027,-0.13977799724716433,0.9690164612284203,0.006707129705550368,-0.23292489739449262,-0.16267283894569984,0.008120872684774127,0.0077973627754204244,0.15662804163278352,0.09687390352628275,0.24708570329063373,0.23620612688814702,-0.13969185944352636,0.9878677038811172,0.0016813223943506594,-0.16087661902784522,-0.1608726203543157,0.0862090842627885,0.08265053405278588,0.4609410740261848,0.025148674316542646,EVALUATED,-0.18555004410368903,valid,14.0,0.0,10.0,0.11361012517460845,0.10886501114334157,0.0,C26,-0.16147311522866203,deepseek,0.059516374887492285,0.057088472542914825,new,19.0,0.040528577066392166,0.31076910516855666,,-0.14356127148481845,3.0,19.0,deepseek/C26/train_2019/M3/run_03,0.3592599254965972,9.0,2020.0,121684.0,2019.0,0.2000570244109285,0.0
M3,,,,,,,,,,,,,,,,,,,,,,,,,,,,,,,,,,,,,,,,,,,,,,MISSING,,not_started,,,,,,,C26,,glm,,,new,19.0,,,,,3.0,,glm/C26/train_2019/M3/run_03,,,2020.0,,2019.0,,0.0
M0,0.2450664189911813,0.2491100636748551,0.23813313377249679,-0.13966311023138167,0.9941592714588346,0.0,0.02198264848800302,-0.15995598765990204,0.27109271216285813,0.2590506793032752,1.0730188016978448,0.0,0.2450664189911813,0.23428382830795402,-0.13972059099685175,0.9815784818264451,0.003359564448601803,-0.04076489340556644,-0.16114697717953175,0.20430152558561487,0.19545011265971257,0.8593479467930244,0.05837807659822936,0.24104577007926675,0.23045592153126027,-0.13977799724716433,0.9690164612284203,0.006707129705550368,-0.09999684203459158,-0.16238359255352575,0.14104892804467517,0.13508997606084794,0.6461713191057972,0.11356220615817589,0.24708570329063373,0.23620612688814702,-0.13969185944352636,0.9878677038811172,0.0016813223943506594,-0.009870852764766846,-0.16055155544532385,0.23721485052586688,0.22680819101632466,0.9660640578445633,0.02959944774531531,EVALUATED,-0.04076489340556644,valid,12.0,0.0,10.0,0.27109271216285813,0.2590506793032752,0.0,C26,-0.16114697717953175,deepseek,0.20430152558561487,0.19545011265971257,new,10.0,0.048618454290089,0.3788420873885342,,-0.03146254917839886,3.0,10.0,deepseek/C26/train_2019/M0/run_03,0.8593479467930244,0.0,2020.0,41435.0,2019.0,0.2130899667792807,0.0
M0,,,,,,,,,,,,,,,,,,,,,,,,,,,,,,,,,,,,,,,,,,,,,,MISSING,,not_started,,,,,,,C26,,glm,,,new,10.0,,,,,3.0,,glm/C26/train_2019/M0/run_03,,,2020.0,,2019.0,,0.0
M2,,,,,,,,,,,,,,,,,,,,,,,,,,,,,,,,,,,,,,,,,,,,,,MISSING,,not_started,,,,,,,C35,,glm,,,new,10.0,,,,,3.0,,glm/C35/train_2019/M2/run_03,,,2020.0,,2019.0,,0.0
M2,0.3449013736836908,0.34947574411691407,0.3335208234539717,-0.13063670109077152,1.2838749101585025,0.0,0.01317353668414012,-0.1381086357525959,0.3626492808010542,0.3460196167545939,1.2991304087084103,0.0,0.3449013736836908,0.3291796202218884,-0.1307881240808897,1.2707580783042223,0.0037808209962820116,-0.054802191703732905,-0.14125114384751358,0.2900991819799579,0.2771246704047323,1.0915839498960127,0.06251760327533874,0.340305345618811,0.32481727315380327,-0.13094026631075872,1.2575256299389135,0.007546269333003841,-0.1188055905815586,-0.1491648552972068,0.2214997550372524,0.21183986217531414,0.8846054663807608,0.12157076704899487,0.3471910063921473,0.3313526176925494,-0.13071233086907752,1.2773301838930244,0.0018922732844535689,-0.021326267626323503,-0.13887493493048542,0.3258647387658238,0.3111070134804923,1.1953141374064773,0.031705591261118965,EVALUATED,-0.054802191703732905,valid,9.0,0.0,10.0,0.3626492808010542,0.3460196167545939,0.0,C35,-0.14125114384751358,deepseek,0.2900991819799579,0.2771246704047323,new,10.0,0.054368062018451284,0.40956473006053384,,-0.03916321693863034,3.0,10.0,deepseek/C35/train_2019/M2/run_03,1.0915839498960127,0.0,2020.0,92957.0,2019.0,0.21801241280668157,0.0
M3,,,,,,,,,,,,,,,,,,,,,,,,,,,,,,,,,,,,,,,,,,,,,,MISSING,,not_started,,,,,,,C35,,glm,,,new,19.0,,,,,3.0,,glm/C35/train_2019/M3/run_03,,,2020.0,,2019.0,,0.0
M3,0.3449013736836908,0.34947574411691407,0.3335208234539717,-0.13063670109077152,1.2838749101585025,0.0,0.06971969376484966,-0.140094955482991,0.4191954378817637,0.39961563569964786,1.5130842113131975,0.0,0.3449013736836908,0.3291796202218884,-0.1307881240808897,1.2707580783042223,0.0037808209962820116,0.001079319270326451,-0.1415274180067464,0.34598069295401723,0.33020397660834977,1.3018092430437838,0.061627791846835575,0.340305345618811,0.32481727315380327,-0.13094026631075872,1.2575256299389135,0.007546269333003841,-0.06374367659500213,-0.14295473326138086,0.27656166902380885,0.2642524150335417,1.090609866619168,0.11988216956777387,0.3471910063921473,0.3313526176925494,-0.13071233086907752,1.2773301838930244,0.0018922732844535689,0.03492359127445965,-0.14081183138660702,0.38211459766660694,0.36447916618065546,1.4075079458131916,0.03124715877332334,EVALUATED,0.001079319270326451,valid,12.0,0.0,10.0,0.4191954378817637,0.39961563569964786,0.0,C35,-0.1415274180067464,deepseek,0.34598069295401723,0.33020397660834977,new,19.0,0.05969373884133761,0.41214992769041675,,0.0007706681406161042,3.0,19.0,deepseek/C35/train_2019/M3/run_03,1.3018092430437838,9.0,2020.0,120762.0,2019.0,0.21157962536537187,0.0
M0,,,,,,,,,,,,,,,,,,,,,,,,,,,,,,,,,,,,,,,,,,,,,,MISSING,,not_started,,,,,,,C35,,glm,,,new,10.0,,,,,3.0,,glm/C35/train_2019/M0/run_03,,,2020.0,,2019.0,,0.0
M0,0.3449013736836908,0.34947574411691407,0.3335208234539717,-0.13063670109077152,1.2838749101585025,0.0,-0.13156908062209283,-0.1611258771822277,0.21790666349482124,0.20841644102623436,0.8735853004574031,0.0,0.3449013736836908,0.3291796202218884,-0.1307881240808897,1.2707580783042223,0.0037808209962820116,-0.1899362984796873,-0.1624013652049039,0.1549650752040035,0.14838090071733268,0.6738810782454545,0.05657571769430006,0.340305345618811,0.32481727315380327,-0.13094026631075872,1.2575256299389135,0.007546269333003841,-0.24508303595529113,-0.1636720645378159,0.09522230966351986,0.09127631882391007,0.47447182261544824,0.11011156345064516,0.3471910063921473,0.3313526176925494,-0.13071233086907752,1.2773301838930244,0.0018922732844535689,-0.1611698354717015,-0.1617642234721054,0.1860211709204458,0.17801891869319886,0.7737078413890612,0.02867919618330031,EVALUATED,-0.1899362984796873,valid,9.0,0.0,10.0,0.21790666349482124,0.20841644102623436,0.0,C35,-0.1624013652049039,deepseek,0.1549650752040035,0.14838090071733268,new,10.0,0.04368702409440966,0.29548783932646633,,-0.13602278936113532,3.0,10.0,deepseek/C35/train_2019/M0/run_03,0.6738810782454545,0.0,2020.0,41287.0,2019.0,0.21175432076228642,0.0
M1,,,,,,,,,,,,,,,,,,,,,,,,,,,,,,,,,,,,,,,,,,,,,,MISSING,,not_started,,,,,,,C35,,glm,,,new,10.0,,,,,3.0,,glm/C35/train_2019/M1/run_03,,,2020.0,,2019.0,,0.0
M1,0.3449013736836908,0.34947574411691407,0.3335208234539717,-0.13063670109077152,1.2838749101585025,0.0,0.07567372359033908,-0.12382670936818041,0.42514946770725315,0.40525404124983755,1.535197201409958,0.0,0.3449013736836908,0.3291796202218884,-0.1307881240808897,1.2707580783042223,0.0037808209962820116,0.004734062443056741,-0.12999253790303777,0.3496354361267475,0.3336723649991922,1.3159662730214066,0.06369949107042276,0.340305345618811,0.32481727315380327,-0.13094026631075872,1.2575256299389135,0.007546269333003841,-0.062326488912311406,-0.14144949294400033,0.2779788567064996,0.26560021246288423,1.0968044458958583,0.12379730710451937,0.3471910063921473,0.3313526176925494,-0.13071233086907752,1.2773301838930244,0.0018922732844535689,0.03967758351832806,-0.12519560840695954,0.38686858991047535,0.3689859481069979,1.4255102146990437,0.032310963805955786,EVALUATED,0.004734062443056741,valid,13.0,0.0,10.0,0.42514946770725315,0.40525404124983755,0.0,C35,-0.12999253790303777,deepseek,0.3496354361267475,0.3336723649991922,new,10.0,0.05784206357719475,0.3909410896997329,,0.0033800885214849696,3.0,10.0,deepseek/C35/train_2019/M1/run_03,1.3159662730214066,0.0,2020.0,69506.0,2019.0,0.21273491714774154,0.0
M3,,,,,,,,,,,,,,,,,,,,,,,,,,,,,,,,,,,,,,,,,,,,,,MISSING,,failed,,0.0,1.0,,,0.0,C39,,deepseek,,,new,19.0,,,摘要格式不合规,,3.0,2.0,deepseek/C39/train_2019/M3/run_03,,1.0,2020.0,9493.0,2019.0,,0.0
M3,,,,,,,,,,,,,,,,,,,,,,,,,,,,,,,,,,,,,,,,,,,,,,MISSING,,not_started,,,,,,,C39,,glm,,,new,19.0,,,,,3.0,,glm/C39/train_2019/M3/run_03,,,2020.0,,2019.0,,0.0
M0,0.14167688730000738,0.1453673277851948,0.13921504411023689,-0.24502666144287344,0.5794800418306295,0.0,-0.00533312812908493,-0.25452893517185937,0.14003419965610986,0.1341205865365036,0.5579913462314908,0.0,0.14167688730000738,0.13568986046434195,-0.24524253634565918,0.5696163459641145,0.0033809556562457996,-0.049069243149074016,-0.25739174280619537,0.09260764415093337,0.0887743378601753,0.43212836876820043,0.0435423364781529,0.13800804176754955,0.13218485650515355,-0.24545855807040096,0.5597761764935796,0.006750623791957606,-0.0907779573467935,-0.2602425700393438,0.04723008442075605,0.045314050919478266,0.306707195763538,0.08525539386647003,0.14351858314920185,0.13744914214699344,-0.2451346291565295,0.5745431193317055,0.0016918822617603357,-0.027461325707965,-0.25596184017635126,0.11605725744123685,0.11120491954162981,0.4950061567521896,0.02200497214928483,EVALUATED,-0.049069243149074016,valid,8.0,0.0,10.0,0.14003419965610986,0.1341205865365036,0.0,C39,-0.25739174280619537,deepseek,0.09260764415093337,0.0887743378601753,new,10.0,0.04371354679437509,0.3051064814699737,,-0.04131015362326529,3.0,10.0,deepseek/C39/train_2019/M0/run_03,0.43212836876820043,0.0,2020.0,41526.0,2019.0,0.1679270994397655,0.0
M0,,,,,,,,,,,,,,,,,,,,,,,,,,,,,,,,,,,,,,,,,,,,,,MISSING,,not_started,,,,,,,C39,,glm,,,new,10.0,,,,,3.0,,glm/C39/train_2019/M0/run_03,,,2020.0,,2019.0,,0.0
M1,0.14167688730000738,0.1453673277851948,0.13921504411023689,-0.24502666144287344,0.5794800418306295,0.0,0.08796515160853247,-0.24639901839024447,0.23333247939372725,0.22311101194885086,0.8041279463457353,0.0,0.14167688730000738,0.13568986046434195,-0.24524253634565918,0.5696163459641145,0.0033809556562457996,0.02183367748786824,-0.2504767395916875,0.16351056478787562,0.1565393061814535,0.6262650289100825,0.061559067180058005,0.13800804176754955,0.13218485650515355,-0.24545855807040096,0.5597761764935796,0.006750623791957606,-0.040470405404362975,-0.25450898205806194,0.09753763636318658,0.0934916637292118,0.4486455264890828,0.11964034035398918,0.14351858314920185,0.13744914214699344,-0.2451346291565295,0.5745431193317055,0.0016918822617603357,0.054346331492791,-0.24844673342306722,0.19786491464199285,0.18931370161045336,0.7150204293915147,0.03122593891670131,EVALUATED,0.02183367748786824,valid,4.0,0.0,10.0,0.23333247939372725,0.22311101194885086,0.0,C39,-0.2504767395916875,deepseek,0.16351056478787562,0.1565393061814535,new,10.0,0.04928423412433862,0.4047399981686224,,0.018358397343256172,3.0,10.0,deepseek/C39/train_2019/M1/run_03,0.6262650289100825,0.0,2020.0,66424.0,2019.0,0.2319099369503184,0.0
M1,,,,,,,,,,,,,,,,,,,,,,,,,,,,,,,,,,,,,,,,,,,,,,MISSING,,not_started,,,,,,,C39,,glm,,,new,10.0,,,,,3.0,,glm/C39/train_2019/M1/run_03,,,2020.0,,2019.0,,0.0
M2,0.14167688730000738,0.1453673277851948,0.13921504411023689,-0.24502666144287344,0.5794800418306295,0.0,-0.07446361048658989,-0.24683944506090105,0.0709037172986049,0.06799655946049277,0.3732666313434462,0.0,0.14167688730000738,0.13568986046434195,-0.24524253634565918,0.5696163459641145,0.0033809556562457996,-0.11917488826526279,-0.25006846120509707,0.02250199903474459,0.02159948918968868,0.23517915836451966,0.046041585388002855,0.13800804176754955,0.13218485650515355,-0.24545855807040096,0.5597761764935796,0.006750623791957606,-0.16193449753935496,-0.2532761649052617,-0.02392645577180541,-0.02298799270607199,0.09679985014567707,0.09000373931686548,0.14351858314920185,0.13744914214699344,-0.2451346291565295,0.5745431193317055,0.0016918822617603357,-0.0970206020715132,-0.2484561809849375,0.046497981077688655,0.04461227587758332,0.3043990703993117,0.023286423325450226,EVALUATED,-0.11917488826526279,valid,3.0,0.0,10.0,0.0709037172986049,0.06799655946049277,0.0,C39,-0.25006846120509707,deepseek,0.02250199903474459,0.02159948918968868,new,10.0,0.03147300335148099,0.23856770469556132,,-0.10045909120647245,3.0,10.0,deepseek/C39/train_2019/M2/run_03,0.23517915836451966,0.0,2020.0,88862.0,2019.0,0.1838613306145012,0.0
M2,,,,,,,,,,,,,,,,,,,,,,,,,,,,,,,,,,,,,,,,,,,,,,MISSING,,not_started,,,,,,,C39,,glm,,,new,10.0,,,,,3.0,,glm/C39/train_2019/M2/run_03,,,2020.0,,2019.0,,0.0
M1,0.2700723328862653,0.2745464284251724,0.26233574509462665,-0.11184540867656945,1.5981762623730418,0.0,0.02620586282070958,-0.08633851859089625,0.300752291245882,0.2872504959978217,1.9097925770220607,0.0,0.2700723328862653,0.2580800590323502,-0.11209435465984308,1.5761129574185302,0.003514551582963619,-0.03032962374289183,-0.08995924841143987,0.23974270914337348,0.22921522129969585,1.5723815554492546,0.049181079314584084,0.26560718861181276,0.2538322941058522,-0.11264236763377367,1.5539525469098714,0.007017036417810955,-0.08416013308054615,-0.09400941180500089,0.1814470555312666,0.17365561902271964,1.2328057830018875,0.0959833905781736,0.27230298813883147,0.2602018958382377,-0.11197217353713518,1.5871260576303392,0.001758724378832187,-0.0023912596752690973,-0.08814617984584794,0.2699117284635624,0.2579272836994497,1.741532894557027,0.02489577872019467,EVALUATED,-0.03032962374289183,valid,3.0,0.0,10.0,0.300752291245882,0.2872504959978217,0.0,ALL,-0.08995924841143987,deepseek,0.23974270914337348,0.22921522129969585,new,10.0,0.056340756851967745,0.5745138559870184,,-0.02294356191835334,3.0,10.0,deepseek/ALL/train_2020/M1/run_03,1.5723815554492546,0.0,2021.0,66591.0,2020.0,0.19198563544766756,0.0
M1,,,,,,,,,,,,,,,,,,,,,,,,,,,,,,,,,,,,,,,,,,,,,,MISSING,,not_started,,,,,,,ALL,,glm,,,new,10.0,,,,,3.0,,glm/ALL/train_2020/M1/run_03,,,2021.0,,2020.0,,0.0
M2,0.2700723328862653,0.2745464284251724,0.26233574509462665,-0.11184540867656945,1.5981762623730418,0.0,0.050527705943844925,-0.08893210860193979,0.32507413436901733,0.31035622412004105,1.9701233862448173,0.0,0.2700723328862653,0.2580800590323502,-0.11209435465984308,1.5761129574185302,0.003514551582963619,-0.004626378616070959,-0.09245809196370958,0.26544595427019435,0.2536788981216973,1.659880857736941,0.047549600654352146,0.26560718861181276,0.2538322941058522,-0.11264236763377367,1.5539525469098714,0.007017036417810955,-0.05765421084832356,-0.09607048747829527,0.2079529777634892,0.19893068418670135,1.3447571907759115,0.09287252868302713,0.27230298813883147,0.2602018958382377,-0.11197217353713518,1.5871260576303392,0.001758724378832187,0.022686392482210715,-0.09069604406873288,0.2949893806210422,0.2817732353062943,1.8157584631344639,0.02405588791042561,EVALUATED,-0.004626378616070959,valid,8.0,0.0,10.0,0.32507413436901733,0.31035622412004105,0.0,ALL,-0.09245809196370958,deepseek,0.26544595427019435,0.2536788981216973,new,10.0,0.05749217136244926,0.5944493529638278,,-0.003498315452228118,3.0,10.0,deepseek/ALL/train_2020/M2/run_03,1.659880857736941,0.0,2021.0,90454.0,2020.0,0.18312209559000472,0.0
M2,,,,,,,,,,,,,,,,,,,,,,,,,,,,,,,,,,,,,,,,,,,,,,MISSING,,not_started,,,,,,,ALL,,glm,,,new,10.0,,,,,3.0,,glm/ALL/train_2020/M2/run_03,,,2021.0,,2020.0,,0.0
M3,0.2700723328862653,0.2745464284251724,0.26233574509462665,-0.11184540867656945,1.5981762623730418,0.0,0.08950064424095694,-0.09511548834446093,0.36404707266612935,0.34734553209611363,2.0781249728607114,0.0,0.2700723328862653,0.2580800590323502,-0.11209435465984308,1.5761129574185302,0.003514551582963619,0.018678019267779122,-0.09944069750119267,0.28875035215404443,0.2758423658267597,1.7091315651621521,0.0591353329398123,0.26560718861181276,0.2538322941058522,-0.11264236763377367,1.5539525469098714,0.007017036417810955,-0.04800308349534088,-0.10383706626944411,0.21760410511647188,0.20812815156361752,1.339477039604313,0.11493520732100587,0.27230298813883147,0.2602018958382377,-0.11197217353713518,1.5871260576303392,0.001758724378832187,0.05377886366896534,-0.09724869649183498,0.3260818518077968,0.31131318954537535,1.8949267080704943,0.029997525619620168,EVALUATED,0.018678019267779122,valid,2.0,0.0,10.0,0.36404707266612935,0.34734553209611363,0.0,ALL,-0.09944069750119267,deepseek,0.28875035215404443,0.2758423658267597,new,19.0,0.041763401335336854,0.6964140436722454,,0.014118582253081158,3.0,19.0,deepseek/ALL/train_2020/M3/run_03,1.7091315651621521,9.0,2021.0,114235.0,2020.0,0.2241649989919449,0.0
M3,,,,,,,,,,,,,,,,,,,,,,,,,,,,,,,,,,,,,,,,,,,,,,MISSING,,not_started,,,,,,,ALL,,glm,,,new,19.0,,,,,3.0,,glm/ALL/train_2020/M3/run_03,,,2021.0,,2020.0,,0.0
M0,0.2700723328862653,0.2745464284251724,0.26233574509462665,-0.11184540867656945,1.5981762623730418,0.0,0.01184393373196757,-0.08107118704941563,0.28639036215714,0.27359864407096124,1.8727250661637396,0.0,0.2700723328862653,0.2580800590323502,-0.11209435465984308,1.5761129574185302,0.003514551582963619,-0.05245596594737645,-0.08567607608480998,0.21761636693888886,0.20813983516311074,1.476838792814661,0.055184685776208144,0.26560718861181276,0.2538322941058522,-0.11264236763377367,1.5539525469098714,0.007017036417810955,-0.11290331819045596,-0.09038914726786684,0.1527038704213568,0.14622172140181022,1.081572986136925,0.10739052192680812,0.27230298813883147,0.2602018958382377,-0.11197217353713518,1.5871260576303392,0.001758724378832187,-0.020771962903572083,-0.08337876937812894,0.2515310252352594,0.24043750618653914,1.6750717007233624,0.027975717809193862,EVALUATED,-0.05245596594737645,valid,3.0,0.0,10.0,0.28639036215714,0.27359864407096124,0.0,ALL,-0.08567607608480998,deepseek,0.21761636693888886,0.20813983516311074,new,10.0,0.054983880402639844,0.614269555705705,,-0.03969558495955405,3.0,10.0,deepseek/ALL/train_2020/M0/run_03,1.476838792814661,0.0,2021.0,40323.0,2020.0,0.21659259653413881,0.0
M0,,,,,,,,,,,,,,,,,,,,,,,,,,,,,,,,,,,,,,,,,,,,,,MISSING,,not_started,,,,,,,ALL,,glm,,,new,10.0,,,,,3.0,,glm/ALL/train_2020/M0/run_03,,,2021.0,,2020.0,,0.0
M2,,,,,,,,,,,,,,,,,,,,,,,,,,,,,,,,,,,,,,,,,,,,,,MISSING,,not_started,,,,,,,C26,,glm,,,new,10.0,,,,,3.0,,glm/C26/train_2020/M2/run_03,,,2021.0,,2020.0,,0.0
M2,0.579079600773025,0.5849532371882444,0.5562497417808621,-0.15498706039350596,2.1555246850301626,0.0,0.13800529194173983,-0.11956729232603813,0.7229585291299843,0.6861602200720767,2.848871705438543,0.0,0.579079600773025,0.5507109288515886,-0.1553187559394955,2.139100374882684,0.004156774068575747,0.07852000101949064,-0.12013294328730528,0.6575996017925156,0.624688567471182,2.6537931118677993,0.04605269488184836,0.5732668306060056,0.5452287075772491,-0.15564380729082594,2.1227500908193537,0.008294172319240208,0.021236078783998025,-0.12069980767675603,0.5945029093900036,0.5652533028539768,2.4565912508851473,0.09020977380472193,0.5820118838783126,0.5534761607400744,-0.15515298515362175,2.147312960910889,0.0020808434342157226,0.10799477683044345,-0.11984996627182276,0.690006660708756,0.6551799815618191,2.7516538626031184,0.023267236479085508,EVALUATED,0.07852000101949064,valid,2.0,0.0,10.0,0.7229585291299843,0.6861602200720767,0.0,C26,-0.12013294328730528,deepseek,0.6575996017925156,0.624688567471182,new,10.0,0.03873258908374956,0.2396431959810661,,0.0477056279434227,3.0,10.0,deepseek/C26/train_2020/M2/run_03,2.6537931118677993,0.0,2021.0,88205.0,2020.0,0.1531172573504014,0.0
M3,,,,,,,,,,,,,,,,,,,,,,,,,,,,,,,,,,,,,,,,,,,,,,MISSING,,not_started,,,,,,,C26,,glm,,,new,19.0,,,,,3.0,,glm/C26/train_2020/M3/run_03,,,2021.0,,2020.0,,0.0
M3,0.579079600773025,0.5849532371882444,0.5562497417808621,-0.15498706039350596,2.1555246850301626,0.0,-0.035976120266074885,-0.13449230130074452,0.5489771169221696,0.5223115190980192,2.2132768114669723,0.0,0.579079600773025,0.5507109288515886,-0.1553187559394955,2.139100374882684,0.004156774068575747,-0.11503309479693513,-0.13567793543940398,0.4640465059760899,0.44206632269994195,1.9390916902061834,0.0628913490264112,0.5732668306060056,0.5452287075772491,-0.15564380729082594,2.1227500908193537,0.008294172319240208,-0.1899165614394549,-0.13686208269358113,0.3833502691665507,0.36565064113668644,1.6623165912652076,0.12221645689673391,0.5820118838783126,0.5534761607400744,-0.15515298515362175,2.147312960910889,0.0020808434342157226,-0.07608146912111491,-0.13508530462861745,0.5059304147571977,0.481662040132278,2.0764328987375325,0.03190521951450765,EVALUATED,-0.11503309479693513,valid,7.0,0.0,10.0,0.5489771169221696,0.5223115190980192,0.0,C26,-0.13567793543940398,deepseek,0.4640465059760899,0.44206632269994195,new,19.0,0.025907567443810495,0.22354467266133232,,-0.07006115977534622,3.0,19.0,deepseek/C26/train_2020/M3/run_03,1.9390916902061834,9.0,2021.0,117338.0,2020.0,0.2248463299963206,0.0
M0,,,,,,,,,,,,,,,,,,,,,,,,,,,,,,,,,,,,,,,,,,,,,,MISSING,,not_started,,,,,,,C26,,glm,,,new,10.0,,,,,3.0,,glm/C26/train_2020/M0/run_03,,,2021.0,,2020.0,,0.0
M0,0.579079600773025,0.5849532371882444,0.5562497417808621,-0.15498706039350596,2.1555246850301626,0.0,0.2528236802904211,-0.14213891052270777,0.8377769174786656,0.7939278957869094,2.923408786141708,0.0,0.579079600773025,0.5507109288515886,-0.1553187559394955,2.139100374882684,0.004156774068575747,0.1580849079140927,-0.14299351428470186,0.7371645086871177,0.6995089262610232,2.6586097622454483,0.0705210976229114,0.5732668306060056,0.5452287075772491,-0.15564380729082594,2.1227500908193537,0.008294172319240208,0.06848595708362804,-0.14384885365423128,0.6417527876896336,0.6097699037554865,2.3917539245365655,0.13688228122394283,0.5820118838783126,0.5534761607400744,-0.15515298515362175,2.147312960910889,0.0020808434342157226,0.20474038518930393,-0.14256612657801127,0.7867522690676165,0.7460705565854817,2.791189112267571,0.03579398179549634,EVALUATED,0.1580849079140927,valid,2.0,0.0,10.0,0.8377769174786656,0.7939278957869094,0.0,C26,-0.14299351428470186,deepseek,0.7371645086871177,0.6995089262610232,new,10.0,0.030973602116383208,0.32869788910458153,,0.09595469706248227,3.0,10.0,deepseek/C26/train_2020/M0/run_03,2.6586097622454483,0.0,2021.0,40508.0,2020.0,0.2227781502914269,0.0
M1,,,,,,,,,,,,,,,,,,,,,,,,,,,,,,,,,,,,,,,,,,,,,,MISSING,,not_started,,,,,,,C26,,glm,,,new,10.0,,,,,3.0,,glm/C26/train_2020/M1/run_03,,,2021.0,,2020.0,,0.0
M1,0.579079600773025,0.5849532371882444,0.5562497417808621,-0.15498706039350596,2.1555246850301626,0.0,0.15450187709140484,-0.12206403838894553,0.7394551142796493,0.7016608966284188,2.729698678690216,0.0,0.579079600773025,0.5507109288515886,-0.1553187559394955,2.139100374882684,0.004156774068575747,0.0643922376276862,-0.12305861875857993,0.6434718384007112,0.6113885447495,2.4573413113758438,0.06737931311472276,0.5732668306060056,0.5452287075772491,-0.15564380729082594,2.1227500908193537,0.008294172319240208,-0.0202352419484344,-0.12405219555047564,0.5530315886575712,0.5261378726755797,2.1843436247027688,0.13086018524290066,0.5820118838783126,0.5534761607400744,-0.15515298515362175,2.147312960910889,0.0020808434342157226,0.10872596830838344,-0.12256145465983836,0.690737852186696,0.6558676815667919,2.5936448111212296,0.03419431032696211,EVALUATED,0.0643922376276862,valid,5.0,0.0,10.0,0.7394551142796493,0.7016608966284188,0.0,C26,-0.12305861875857993,deepseek,0.6434718384007112,0.6113885447495,new,10.0,0.023588781455733083,0.1931616669870487,,0.03912890195650287,3.0,10.0,deepseek/C26/train_2020/M1/run_03,2.4573413113758438,0.0,2021.0,65742.0,2020.0,0.22282947790168045,0.0
M3,,,,,,,,,,,,,,,,,,,,,,,,,,,,,,,,,,,,,,,,,,,,,,MISSING,,failed,,0.0,2.0,,,0.0,C35,,deepseek,,,new,19.0,,,摘要格式不合规,,3.0,4.0,deepseek/C35/train_2020/M3/run_03,,2.0,2021.0,21358.0,2020.0,,0.0
M3,,,,,,,,,,,,,,,,,,,,,,,,,,,,,,,,,,,,,,,,,,,,,,MISSING,,not_started,,,,,,,C35,,glm,,,new,19.0,,,,,3.0,,glm/C35/train_2020/M3/run_03,,,2021.0,,2020.0,,0.0
M0,0.3730153005184704,0.3780249210887643,0.36060166295795004,-0.11588780971188839,1.7998898266318517,0.0,-0.07858942715427286,-0.10684764591448381,0.2994354939344914,0.2859990533510306,1.4403337131294436,0.0,0.3730153005184704,0.3558513201819724,-0.11615898959679671,1.7803995232782253,0.0036629041814053805,-0.13534549265994533,-0.10850995326303936,0.2376698078585251,0.227241416373694,1.1902381715187276,0.050713114461980055,0.3679345214349672,0.3510327991952864,-0.11649116988184638,1.760448797951041,0.00731284778282665,-0.18922999196541213,-0.11016577326696908,0.17870452946955506,0.17103917152203674,0.9390230852884842,0.09899627246708323,0.37549280855068456,0.35820068817897566,-0.11603891038725556,1.7900582787670216,0.0018334769665410702,-0.10731044520226019,-0.10767962204693426,0.2681823633484244,0.2562821724888582,1.3154210576238283,0.025669203486906936,EVALUATED,-0.13534549265994533,valid,3.0,0.0,10.0,0.2994354939344914,0.2859990533510306,0.0,C35,-0.10850995326303936,deepseek,0.2376698078585251,0.227241416373694,new,10.0,0.030468278014079003,0.29031381669889805,,-0.09485546231648567,3.0,10.0,deepseek/C35/train_2020/M0/run_03,1.1902381715187276,0.0,2021.0,40944.0,2020.0,0.1934360469156453,0.0
M0,,,,,,,,,,,,,,,,,,,,,,,,,,,,,,,,,,,,,,,,,,,,,,MISSING,,not_started,,,,,,,C35,,glm,,,new,10.0,,,,,3.0,,glm/C35/train_2020/M0/run_03,,,2021.0,,2020.0,,0.0
M1,0.3730153005184704,0.3780249210887643,0.36060166295795004,-0.11588780971188839,1.7998898266318517,0.0,-0.05796565410490828,-0.11731452249778385,0.320059266983856,0.3055934922695318,1.5202802456165658,0.0,0.3730153005184704,0.3558513201819724,-0.11615898959679671,1.7803995232782253,0.0036629041814053805,-0.13417360634102793,-0.12387874740783233,0.2388416941774425,0.2283572960286715,1.19205021144231,0.0656173975224622,0.3679345214349672,0.3510327991952864,-0.11649116988184638,1.760448797951041,0.00731284778282665,-0.20509015797818897,-0.13048555602920275,0.16284436345677822,0.1559033673824508,0.865676369688699,0.1271347034537327,0.37549280855068456,0.35820068817897566,-0.11603891038725556,1.7900582787670216,0.0018334769665410702,-0.09685156932196848,-0.12059942235090149,0.2786412392287161,0.266230142176789,1.3555476889531595,0.03333729667760009,EVALUATED,-0.13417360634102793,valid,2.0,0.0,10.0,0.320059266983856,0.3055934922695318,0.0,C35,-0.12387874740783233,deepseek,0.2388416941774425,0.2283572960286715,new,10.0,0.03213229919399325,0.3749824907329176,,-0.09403245197724897,3.0,10.0,deepseek/C35/train_2020/M1/run_03,1.19205021144231,0.0,2021.0,63970.0,2020.0,0.25062458226623935,0.0
M1,,,,,,,,,,,,,,,,,,,,,,,,,,,,,,,,,,,,,,,,,,,,,,MISSING,,not_started,,,,,,,C35,,glm,,,new,10.0,,,,,3.0,,glm/C35/train_2020/M1/run_03,,,2021.0,,2020.0,,0.0
M2,0.3730153005184704,0.3780249210887643,0.36060166295795004,-0.11588780971188839,1.7998898266318517,0.0,0.10938488678570635,-0.08360965162608591,0.48740980787447064,0.4641587091512924,2.2697767532882835,0.0,0.3730153005184704,0.3558513201819724,-0.11615898959679671,1.7803995232782253,0.0036629041814053805,0.06634660671207238,-0.0845724428521214,0.4393619072305428,0.4187093056597204,2.090464337861679,0.03598161783937421,0.3679345214349672,0.3510327991952864,-0.11649116988184638,1.760448797951041,0.00731284778282665,0.02393033675452827,-0.08553321698262306,0.39186485818949546,0.3737217469597094,1.9065680327909416,0.07072626715020372,0.37549280855068456,0.35820068817897566,-0.11603891038725556,1.7900582787670216,0.0018334769665410702,0.08766205967369589,-0.08409157491566654,0.46315486822438046,0.44122291243090395,2.180172526546452,0.01814642783845445,EVALUATED,0.06634660671207238,valid,2.0,0.0,10.0,0.48740980787447064,0.4641587091512924,0.0,C35,-0.0845724428521214,deepseek,0.4393619072305428,0.4187093056597204,new,10.0,0.0321036011114816,0.3093888305044658,,0.04636052975875837,3.0,10.0,deepseek/C35/train_2020/M2/run_03,2.090464337861679,0.0,2021.0,86455.0,2020.0,0.13057090447560332,0.0
M2,,,,,,,,,,,,,,,,,,,,,,,,,,,,,,,,,,,,,,,,,,,,,,MISSING,,not_started,,,,,,,C35,,glm,,,new,10.0,,,,,3.0,,glm/C35/train_2020/M2/run_03,,,2021.0,,2020.0,,0.0
M0,,,,,,,,,,,,,,,,,,,,,,,,,,,,,,,,,,,,,,,,,,,,,,MISSING,,not_started,,,,,,,C39,,glm,,,new,10.0,,,,,3.0,,glm/C39/train_2020/M0/run_03,,,2021.0,,2020.0,,0.0
M0,,,,,,,,,,,,,,,,,,,,,,,,,,,,,,,,,,,,,,,,,,,,,,NO_ELIGIBLE_PORTFOLIO,,empty,0.0,0.0,10.0,,,0.0,C39,,deepseek,,,new,10.0,,,原始记录保留,,3.0,10.0,deepseek/C39/train_2020/M0/run_03,,0.0,2021.0,39588.0,2020.0,,0.0
M1,,,,,,,,,,,,,,,,,,,,,,,,,,,,,,,,,,,,,,,,,,,,,,MISSING,,not_started,,,,,,,C39,,glm,,,new,10.0,,,,,3.0,,glm/C39/train_2020/M1/run_03,,,2021.0,,2020.0,,0.0
M1,,,,,,,,,,,,,,,,,,,,,,,,,,,,,,,,,,,,,,,,,,,,,,NO_ELIGIBLE_PORTFOLIO,,empty,0.0,0.0,10.0,,,0.0,C39,,deepseek,,,new,10.0,,,原始记录保留,,3.0,10.0,deepseek/C39/train_2020/M1/run_03,,0.0,2021.0,63008.0,2020.0,,0.0
M2,,,,,,,,,,,,,,,,,,,,,,,,,,,,,,,,,,,,,,,,,,,,,,MISSING,,not_started,,,,,,,C39,,glm,,,new,10.0,,,,,3.0,,glm/C39/train_2020/M2/run_03,,,2021.0,,2020.0,,0.0
M2,,,,,,,,,,,,,,,,,,,,,,,,,,,,,,,,,,,,,,,,,,,,,,NO_ELIGIBLE_PORTFOLIO,,empty,0.0,0.0,10.0,,,0.0,C39,,deepseek,,,new,10.0,,,原始记录保留,,3.0,10.0,deepseek/C39/train_2020/M2/run_03,,0.0,2021.0,86864.0,2020.0,,0.0
M3,,,,,,,,,,,,,,,,,,,,,,,,,,,,,,,,,,,,,,,,,,,,,,MISSING,,not_started,,,,,,,C39,,glm,,,new,19.0,,,,,3.0,,glm/C39/train_2020/M3/run_03,,,2021.0,,2020.0,,0.0
M3,,,,,,,,,,,,,,,,,,,,,,,,,,,,,,,,,,,,,,,,,,,,,,NO_ELIGIBLE_PORTFOLIO,,empty,0.0,0.0,10.0,,,0.0,C39,,deepseek,,,new,19.0,,,原始记录保留,,3.0,19.0,deepseek/C39/train_2020/M3/run_03,,9.0,2021.0,112004.0,2020.0,,0.0
M2,,,,,,,,,,,,,,,,,,,,,,,,,,,,,,,,,,,,,,,,,,,,,,MISSING,,not_started,,,,,,,ALL,,glm,,,new,10.0,,,,,3.0,,glm/ALL/train_2021/M2/run_03,,,2022.0,,2021.0,,0.0
M2,-0.11464820418635624,-0.11176627596974331,-0.10715908418824571,-0.2822761690388922,-0.3811176830393837,0.0,0.13488946541046065,-0.2404671772768997,0.02312318944071734,0.02210277234389668,0.21465834364521386,0.0,-0.11464820418635624,-0.10992970616476061,-0.28346699806280573,-0.39477293456890383,0.0028640152380901974,0.09469403306067703,-0.24914750669277919,-0.01995417112567921,-0.01909152486786103,0.018785138983128297,0.039127959355197764,-0.11752376430138756,-0.11269459838712137,-0.2846568871980555,-0.40842744961851496,0.005720253299447505,0.056180904062461456,-0.25777035682384,-0.0613428602389261,-0.05874546925735147,-0.17837314449569008,0.0766246994805009,-0.11320813131543273,-0.10854520286308311,-0.282871733992231,-0.3879459964106933,0.001432985916833384,0.11451378013259994,-0.24478857652133645,0.0013056488171672154,0.0012486206441333358,0.11660722711665934,0.01977136678834359,EVALUATED,0.09469403306067703,valid,4.0,0.0,10.0,0.02312318944071734,0.02210277234389668,0.0,ALL,-0.24914750669277919,deepseek,-0.01995417112567921,-0.01909152486786103,new,10.0,0.09445578670867037,0.8166693656821288,,0.10205731156972475,3.0,10.0,deepseek/ALL/train_2021/M2/run_03,0.018785138983128297,0.0,2022.0,87178.0,2021.0,0.17275462961971158,0.0
M3,,,,,,,,,,,,,,,,,,,,,,,,,,,,,,,,,,,,,,,,,,,,,,MISSING,,not_started,,,,,,,ALL,,glm,,,new,19.0,,,,,3.0,,glm/ALL/train_2021/M3/run_03,,,2022.0,,2021.0,,0.0
M3,,,,,,,,,,,,,,,,,,,,,,,,,,,,,,,,,,,,,,,,,,,,,,MISSING,,failed,,0.0,6.0,,,0.0,ALL,,deepseek,,,new,19.0,,,摘要格式不合规,,3.0,12.0,deepseek/ALL/train_2021/M3/run_03,,6.0,2022.0,67497.0,2021.0,,0.0
M0,,,,,,,,,,,,,,,,,,,,,,,,,,,,,,,,,,,,,,,,,,,,,,MISSING,,not_started,,,,,,,ALL,,glm,,,new,10.0,,,,,3.0,,glm/ALL/train_2021/M0/run_03,,,2022.0,,2021.0,,0.0
M0,-0.11464820418635624,-0.11176627596974331,-0.10715908418824571,-0.2822761690388922,-0.3811176830393837,0.0,0.06189314169881077,-0.2320682753506318,-0.04987313427093254,-0.047748974104038444,-0.15122901401163752,0.0,-0.11464820418635624,-0.10992970616476061,-0.28346699806280573,-0.39477293456890383,0.0028640152380901974,0.041593921552016355,-0.23697894073732084,-0.07305428263433988,-0.0699797429989023,-0.27418459139566287,0.02170503503123557,-0.11752376430138756,-0.11269459838712137,-0.2846568871980555,-0.40842744961851496,0.005720253299447505,0.021897148271047717,-0.24185194618855355,-0.09562661603033984,-0.09164998688004022,-0.39716352991305254,0.04288905480844619,-0.11320813131543273,-0.10854520286308311,-0.282871733992231,-0.3879459964106933,0.001432985916833384,0.051669117781495966,-0.23453075002910406,-0.06153901353393676,-0.05893358025311812,-0.21268899513979755,0.010918345170466711,EVALUATED,0.041593921552016355,valid,1.0,0.0,10.0,-0.04987313427093254,-0.047748974104038444,0.0,ALL,-0.23697894073732084,deepseek,-0.07305428263433988,-0.0699797429989023,new,10.0,0.08083377931151886,0.5064486857964811,,0.04488405403770668,3.0,10.0,deepseek/ALL/train_2021/M0/run_03,-0.27418459139566287,0.0,2022.0,40127.0,2021.0,0.09871846621605328,0.0
M1,,,,,,,,,,,,,,,,,,,,,,,,,,,,,,,,,,,,,,,,,,,,,,MISSING,,not_started,,,,,,,ALL,,glm,,,new,10.0,,,,,3.0,,glm/ALL/train_2021/M1/run_03,,,2022.0,,2021.0,,0.0
M1,,,,,,,,,,,,,,,,,,,,,,,,,,,,,,,,,,,,,,,,,,,,,,NO_ELIGIBLE_PORTFOLIO,,empty,0.0,0.0,10.0,,,0.0,ALL,,deepseek,,,new,10.0,,,原始记录保留,,3.0,10.0,deepseek/ALL/train_2021/M1/run_03,,0.0,2022.0,63360.0,2021.0,,0.0
M3,,,,,,,,,,,,,,,,,,,,,,,,,,,,,,,,,,,,,,,,,,,,,,MISSING,,failed,,0.0,1.0,,,0.0,C26,,deepseek,,,new,19.0,,,摘要格式不合规,,3.0,2.0,deepseek/C26/train_2021/M3/run_03,,1.0,2022.0,9651.0,2021.0,,0.0
M3,,,,,,,,,,,,,,,,,,,,,,,,,,,,,,,,,,,,,,,,,,,,,,MISSING,,not_started,,,,,,,C26,,glm,,,new,19.0,,,,,3.0,,glm/C26/train_2021/M3/run_03,,,2022.0,,2021.0,,0.0
M0,,,,,,,,,,,,,,,,,,,,,,,,,,,,,,,,,,,,,,,,,,,,,,NO_ELIGIBLE_PORTFOLIO,,empty,0.0,0.0,10.0,,,0.0,C26,,deepseek,,,new,10.0,,,原始记录保留,,3.0,10.0,deepseek/C26/train_2021/M0/run_03,,0.0,2022.0,39664.0,2021.0,,0.0
M0,,,,,,,,,,,,,,,,,,,,,,,,,,,,,,,,,,,,,,,,,,,,,,MISSING,,not_started,,,,,,,C26,,glm,,,new,10.0,,,,,3.0,,glm/C26/train_2021/M0/run_03,,,2022.0,,2021.0,,0.0
M1,,,,,,,,,,,,,,,,,,,,,,,,,,,,,,,,,,,,,,,,,,,,,,NO_ELIGIBLE_PORTFOLIO,,empty,0.0,0.0,10.0,,,0.0,C26,,deepseek,,,new,10.0,,,原始记录保留,,3.0,10.0,deepseek/C26/train_2021/M1/run_03,,0.0,2022.0,63119.0,2021.0,,0.0
M1,,,,,,,,,,,,,,,,,,,,,,,,,,,,,,,,,,,,,,,,,,,,,,MISSING,,not_started,,,,,,,C26,,glm,,,new,10.0,,,,,3.0,,glm/C26/train_2021/M1/run_03,,,2022.0,,2021.0,,0.0
M2,,,,,,,,,,,,,,,,,,,,,,,,,,,,,,,,,,,,,,,,,,,,,,NO_ELIGIBLE_PORTFOLIO,,empty,0.0,0.0,10.0,,,0.0,C26,,deepseek,,,new,10.0,,,原始记录保留,,3.0,10.0,deepseek/C26/train_2021/M2/run_03,,0.0,2022.0,86689.0,2021.0,,0.0
M2,,,,,,,,,,,,,,,,,,,,,,,,,,,,,,,,,,,,,,,,,,,,,,MISSING,,not_started,,,,,,,C26,,glm,,,new,10.0,,,,,3.0,,glm/C26/train_2021/M2/run_03,,,2022.0,,2021.0,,0.0
M0,,,,,,,,,,,,,,,,,,,,,,,,,,,,,,,,,,,,,,,,,,,,,,MISSING,,not_started,,,,,,,C35,,glm,,,new,10.0,,,,,3.0,,glm/C35/train_2021/M0/run_03,,,2022.0,,2021.0,,0.0
M0,-0.138611237407544,-0.13575125096726626,-0.13022979158701387,-0.34920052274646796,-0.39650343611250105,0.0,-0.04479564843973527,-0.3574835017336311,-0.18054689940700153,-0.17339344604348728,-0.659595080245753,0.0,-0.138611237407544,-0.13298261051791527,-0.35027486734325497,-0.4085363878418405,0.0028577600980022374,-0.06639504274112384,-0.362403452608664,-0.20500628014866784,-0.19700488813641792,-0.7809542730243388,0.02401186491438672,-0.14141976696298575,-0.13568628900501767,-0.3513203651766531,-0.42038147938336606,0.005708844134412736,-0.08700143755266176,-0.3676390026094727,-0.2284212045156475,-0.2196378010234994,-0.9007691297097487,0.04734618064688649,-0.13717267271535105,-0.13159790097890212,-0.349730721462264,-0.402481282177197,0.0014300310970668496,-0.05577644358722611,-0.35994864173688224,-0.19294911630257716,-0.18536180923500245,-0.7206553480641236,0.012093237276457926,EVALUATED,-0.06639504274112384,valid,1.0,0.0,10.0,-0.18054689940700153,-0.17339344604348728,0.0,C35,-0.362403452608664,deepseek,-0.20500628014866784,-0.19700488813641792,new,10.0,0.04496932286564695,0.3949484833525499,,-0.07384197640689372,3.0,10.0,deepseek/C35/train_2021/M0/run_03,-0.7809542730243388,0.0,2022.0,40045.0,2021.0,0.11959956413471019,0.0
M1,,,,,,,,,,,,,,,,,,,,,,,,,,,,,,,,,,,,,,,,,,,,,,MISSING,,not_started,,,,,,,C35,,glm,,,new,10.0,,,,,3.0,,glm/C35/train_2021/M1/run_03,,,2022.0,,2021.0,,0.0
M1,,,,,,,,,,,,,,,,,,,,,,,,,,,,,,,,,,,,,,,,,,,,,,NO_ELIGIBLE_PORTFOLIO,,empty,0.0,0.0,10.0,,,0.0,C35,,deepseek,,,new,10.0,,,原始记录保留,,3.0,10.0,deepseek/C35/train_2021/M1/run_03,,0.0,2022.0,63196.0,2021.0,,0.0
M2,,,,,,,,,,,,,,,,,,,,,,,,,,,,,,,,,,,,,,,,,,,,,,MISSING,,not_started,,,,,,,C35,,glm,,,new,10.0,,,,,3.0,,glm/C35/train_2021/M2/run_03,,,2022.0,,2021.0,,0.0
M2,-0.138611237407544,-0.13575125096726626,-0.13022979158701387,-0.34920052274646796,-0.39650343611250105,0.0,0.06060987581505661,-0.3462238452390515,-0.07514137515220964,-0.0719824511570637,-0.13676459441983632,0.0,-0.138611237407544,-0.13298261051791527,-0.35027486734325497,-0.4085363878418405,0.0028577600980022374,0.03752793650276576,-0.35097124429905713,-0.10108330090477824,-0.09689212111415113,-0.2385330371445962,0.024038920239126148,-0.14141976696298575,-0.13568628900501767,-0.3513203651766531,-0.42038147938336606,0.005708844134412736,0.015523975340721696,-0.35553312031057893,-0.12589579162226405,-0.12074666682660207,-0.3388142543341779,0.04742608610979916,-0.13717267271535105,-0.13159790097890212,-0.349730721462264,-0.402481282177197,0.0014300310970668496,0.04893806269258305,-0.3486010228613152,-0.088234610022768,-0.08455082621646803,-0.18775457004071167,0.012104509931597339,EVALUATED,0.03752793650276576,valid,1.0,0.0,10.0,-0.07514137515220964,-0.0719824511570637,0.0,C35,-0.35097124429905713,deepseek,-0.10108330090477824,-0.09689212111415113,new,10.0,0.01876465089298401,0.21652764378222286,,0.04162602716114261,3.0,10.0,deepseek/C35/train_2021/M2/run_03,-0.2385330371445962,0.0,2022.0,85931.0,2021.0,0.11244908562450709,0.0
M3,,,,,,,,,,,,,,,,,,,,,,,,,,,,,,,,,,,,,,,,,,,,,,MISSING,,not_started,,,,,,,C35,,glm,,,new,19.0,,,,,3.0,,glm/C35/train_2021/M3/run_03,,,2022.0,,2021.0,,0.0
M3,-0.138611237407544,-0.13575125096726626,-0.13022979158701387,-0.34920052274646796,-0.39650343611250105,0.0,0.04070197920403951,-0.3304865037222213,-0.09504927176322675,-0.09109542404132875,-0.2397957224819498,0.0,-0.138611237407544,-0.13298261051791527,-0.35027486734325497,-0.4085363878418405,0.0028577600980022374,0.009114901887565252,-0.33727632748888203,-0.12949633551997874,-0.12421064001801263,-0.38652188867329795,0.032669975087260765,-0.14141976696298575,-0.13568628900501767,-0.3513203651766531,-0.42038147938336606,0.005708844134412736,-0.021178184408292555,-0.34394654433169247,-0.1625979513712783,-0.15608635242251645,-0.5334895051499468,0.0641423485646074,-0.13717267271535105,-0.13159790097890212,-0.349730721462264,-0.402481282177197,0.0014300310970668496,0.024729194288034995,-0.33389109698858643,-0.11244347842731606,-0.10781009632003402,-0.3131259906938947,0.016488161006388006,EVALUATED,0.009114901887565252,valid,3.0,0.0,10.0,-0.09504927176322675,-0.09109542404132875,0.0,C35,-0.33727632748888203,deepseek,-0.12949633551997874,-0.12421064001801263,new,19.0,0.05844182038196428,0.7976065030210402,,0.010117410107705727,3.0,19.0,deepseek/C35/train_2021/M3/run_03,-0.38652188867329795,9.0,2022.0,116947.0,2021.0,0.15470590059000308,0.0
M1,-0.22851419728322797,-0.22618130055523067,-0.21747142245997342,-0.3806510662212442,-0.7538658434512483,0.0,0.07874088598811224,-0.3776163117103115,-0.14744041456711843,-0.1414834698946752,-0.36236647472214156,0.0,-0.22851419728322797,-0.2197277472104613,-0.381636847298333,-0.7642889661717285,0.002499654324393563,0.03615836548813034,-0.387962347625987,-0.19235583179509763,-0.18478909709113667,-0.5397416599927,0.043459016272428104,-0.2308410753900243,-0.22197854757998103,-0.38262209831281424,-0.7746978306638567,0.004992701977316957,-0.0039735790768666845,-0.3981420423123101,-0.23481465446689098,-0.22582289743580908,-0.7170098754103005,0.08469457526934485,-0.22734788220242097,-0.21859967657174018,-0.3811437059202767,-0.7590766429293727,0.0012506518813339231,0.05713029063151642,-0.38280310048310806,-0.17021759157090455,-0.16343151597708494,-0.451061451682745,0.022015476196344093,EVALUATED,0.03615836548813034,valid,3.0,0.0,10.0,-0.14744041456711843,-0.1414834698946752,0.0,C39,-0.387962347625987,deepseek,-0.19235583179509763,-0.18478909709113667,new,10.0,0.061891562371506094,0.5332444775865653,,0.044777511944601445,3.0,10.0,deepseek/C39/train_2021/M1/run_03,-0.5397416599927,0.0,2022.0,64895.0,2021.0,0.21555830938002585,0.0
M1,,,,,,,,,,,,,,,,,,,,,,,,,,,,,,,,,,,,,,,,,,,,,,MISSING,,not_started,,,,,,,C39,,glm,,,new,10.0,,,,,3.0,,glm/C39/train_2021/M1/run_03,,,2022.0,,2021.0,,0.0
M2,-0.22851419728322797,-0.22618130055523067,-0.21747142245997342,-0.3806510662212442,-0.7538658434512483,0.0,0.15939285583073082,-0.34731667010105705,-0.06678844472449985,-0.06396842314713802,-0.10973210927318991,0.0,-0.22851419728322797,-0.2197277472104613,-0.381636847298333,-0.7642889661717285,0.002499654324393563,0.12181007938051192,-0.35545405040654077,-0.10670411790271606,-0.10229338660062126,-0.2682685834346982,0.036838636421471053,-0.2308410753900243,-0.22197854757998103,-0.38262209831281424,-0.7746978306638567,0.004992701977316957,0.08596774144554853,-0.36346527482741564,-0.14487333394447577,-0.13901145309006702,-0.4270606616169039,0.07211274489084042,-0.22734788220242097,-0.21859967657174018,-0.3811437059202767,-0.7590766429293727,0.0012506518813339231,0.1403711363292166,-0.3514111373540211,-0.08697674587320436,-0.08334304490564137,-0.18898407841109013,0.018619394208520275,EVALUATED,0.12181007938051192,valid,7.0,0.0,10.0,-0.06678844472449985,-0.06396842314713802,0.0,C39,-0.35545405040654077,deepseek,-0.10670411790271606,-0.10229338660062126,new,10.0,0.08632718094899562,0.8540829429699561,,0.15050434023509407,3.0,10.0,deepseek/C39/train_2021/M2/run_03,-0.2682685834346982,0.0,2022.0,88419.0,2021.0,0.17269573281891035,0.0
M2,,,,,,,,,,,,,,,,,,,,,,,,,,,,,,,,,,,,,,,,,,,,,,MISSING,,not_started,,,,,,,C39,,glm,,,new,10.0,,,,,3.0,,glm/C39/train_2021/M2/run_03,,,2022.0,,2021.0,,0.0
M3,,,,,,,,,,,,,,,,,,,,,,,,,,,,,,,,,,,,,,,,,,,,,,MISSING,,failed,,0.0,5.0,,,0.0,C39,,deepseek,,,new,19.0,,,摘要格式不合规,,3.0,10.0,deepseek/C39/train_2021/M3/run_03,,5.0,2022.0,55582.0,2021.0,,0.0
M3,,,,,,,,,,,,,,,,,,,,,,,,,,,,,,,,,,,,,,,,,,,,,,MISSING,,not_started,,,,,,,C39,,glm,,,new,19.0,,,,,3.0,,glm/C39/train_2021/M3/run_03,,,2022.0,,2021.0,,0.0
M0,-0.22851419728322797,-0.22618130055523067,-0.21747142245997342,-0.3806510662212442,-0.7538658434512483,0.0,0.16258813199330657,-0.35012913996513406,-0.0635931685619241,-0.06090361794385757,-0.08742038712024965,0.0,-0.22851419728322797,-0.2197277472104613,-0.381636847298333,-0.7642889661717285,0.002499654324393563,0.1285470764625648,-0.3578134847289556,-0.09996712082066317,-0.09581971522782617,-0.22709654762938233,0.033256451832170776,-0.2308410753900243,-0.22197854757998103,-0.38262209831281424,-0.7746978306638567,0.004992701977316957,0.09593677945106904,-0.3654171357592979,-0.13490429593895525,-0.12941464946611614,-0.3668460940681255,0.06522355391400333,-0.22734788220242097,-0.21859967657174018,-0.3811437059202767,-0.7590766429293727,0.0012506518813339231,0.1453690763338673,-0.3539840872047667,-0.08197880586855366,-0.07854481836956495,-0.15730114563952427,0.016792310674641712,EVALUATED,0.1285470764625648,valid,6.0,0.0,10.0,-0.0635931685619241,-0.06090361794385757,0.0,C39,-0.3578134847289556,deepseek,-0.09996712082066317,-0.09581971522782617,new,10.0,0.07911115176339127,0.7767880721168151,,0.1588010230270953,3.0,10.0,deepseek/C39/train_2021/M0/run_03,-0.22709654762938233,0.0,2022.0,40786.0,2021.0,0.15740163382161743,0.0
M0,,,,,,,,,,,,,,,,,,,,,,,,,,,,,,,,,,,,,,,,,,,,,,MISSING,,not_started,,,,,,,C39,,glm,,,new,10.0,,,,,3.0,,glm/C39/train_2021/M0/run_03,,,2022.0,,2021.0,,0.0
M3,0.050624110589281734,0.05353507337814989,0.051139488286024326,-0.12300973642724655,0.4324596059318199,0.0,0.06911154007640663,-0.09121050577440704,0.12264661345455652,0.11699163488091546,0.8888783226298729,0.0,0.050624110589281734,0.04836175384776076,-0.12403629291837481,0.4133631939671683,0.002746332183323716,0.028804443753986275,-0.09886434972425384,0.07942855434326801,0.07583324901012167,0.6099081319955099,0.04021097831047155,0.047725044737938704,0.04559503793972253,-0.12506116913232435,0.3942761522561154,0.005485920203859838,-0.009819296053272364,-0.12160871222612268,0.03790574868466634,0.036221529814551845,0.3323562478193771,0.07889980126664983,0.05207909382451237,0.04975018764276773,-0.12352267466982247,0.4229169197553024,0.0013740166087745126,0.04877864712271296,-0.09338436684467588,0.10085774094722533,0.09624998538938279,0.7494991673093947,0.020299608853582066,EVALUATED,0.028804443753986275,valid,7.0,0.0,10.0,0.12264661345455652,0.11699163488091546,0.0,ALL,-0.09886434972425384,deepseek,0.07942855434326801,0.07583324901012167,new,19.0,0.08217222034644592,0.6917167074115975,,0.02620421344209989,3.0,19.0,deepseek/ALL/train_2022/M3/run_03,0.6099081319955099,9.0,2023.0,114656.0,2022.0,0.1559151315458995,0.0
M3,,,,,,,,,,,,,,,,,,,,,,,,,,,,,,,,,,,,,,,,,,,,,,MISSING,,not_started,,,,,,,ALL,,glm,,,new,19.0,,,,,3.0,,glm/ALL/train_2022/M3/run_03,,,2023.0,,2022.0,,0.0
M0,0.050624110589281734,0.05353507337814989,0.051139488286024326,-0.12300973642724655,0.4324596059318199,0.0,0.03249258437262004,-0.10745189080864659,0.08602765775076993,0.08212243830515953,0.6731409419787633,0.0,0.050624110589281734,0.04836175384776076,-0.12403629291837481,0.4133631939671683,0.002746332183323716,-0.013174428980254005,-0.12610139046484992,0.03744968160902773,0.035786074011671776,0.3368304289297501,0.0462326790062134,0.047725044737938704,0.04559503793972253,-0.12506116913232435,0.3942761522561154,0.005485920203859838,-0.056624675700568616,-0.15066763424128593,-0.008899630962629912,-0.00851281333917897,0.0034789683771909974,0.09045484595827782,0.05207909382451237,0.04975018764276773,-0.12352267466982247,0.4229169197553024,0.0013740166087745126,0.00935003038572435,-0.11401116767268149,0.06142912421023672,0.05867056253907066,0.5045481664086056,0.02336836616441139,EVALUATED,-0.013174428980254005,valid,5.0,0.0,10.0,0.08602765775076993,0.08212243830515953,0.0,ALL,-0.12610139046484992,deepseek,0.03744968160902773,0.035786074011671776,new,10.0,0.0666212309678356,0.6394989422180613,,-0.011995553815210225,3.0,10.0,deepseek/ALL/train_2022/M0/run_03,0.3368304289297501,0.0,2023.0,40548.0,2022.0,0.18194132363540913,0.0
M0,,,,,,,,,,,,,,,,,,,,,,,,,,,,,,,,,,,,,,,,,,,,,,MISSING,,not_started,,,,,,,ALL,,glm,,,new,10.0,,,,,3.0,,glm/ALL/train_2022/M0/run_03,,,2023.0,,2022.0,,0.0
M1,0.050624110589281734,0.05353507337814989,0.051139488286024326,-0.12300973642724655,0.4324596059318199,0.0,0.03859299159222118,-0.10255277589563905,0.09212806497037107,0.08793486785922955,0.7225338324056835,0.0,0.050624110589281734,0.04836175384776076,-0.12403629291837481,0.4133631939671683,0.002746332183323716,-0.007496625610243113,-0.12244665921925169,0.04312748497903862,0.0412066831910487,0.3803416475547717,0.046757063157099,0.047725044737938704,0.04559503793972253,-0.12506116913232435,0.3942761522561154,0.005485920203859838,-0.05163330567744706,-0.1485340749689077,-0.003908260939508357,-0.003737981502191179,0.038552834944633574,0.0914467848651092,0.05207909382451237,0.04975018764276773,-0.12352267466982247,0.4229169197553024,0.0013740166087745126,0.01522816004804417,-0.10916330837410837,0.06730725387255654,0.06427682087703834,0.5510314224562802,0.023640305172040483,EVALUATED,-0.007496625610243113,valid,8.0,0.0,10.0,0.09212806497037107,0.08793486785922955,0.0,ALL,-0.12244665921925169,deepseek,0.04312748497903862,0.0412066831910487,new,10.0,0.0732102354377489,0.6552897891204338,,-0.006825001608892212,3.0,10.0,deepseek/ALL/train_2022/M1/run_03,0.3803416475547717,0.0,2023.0,65721.0,2022.0,0.18376838965891132,0.0
M1,,,,,,,,,,,,,,,,,,,,,,,,,,,,,,,,,,,,,,,,,,,,,,MISSING,,not_started,,,,,,,ALL,,glm,,,new,10.0,,,,,3.0,,glm/ALL/train_2022/M1/run_03,,,2023.0,,2022.0,,0.0
M2,0.050624110589281734,0.05353507337814989,0.051139488286024326,-0.12300973642724655,0.4324596059318199,0.0,0.053505676719510564,-0.09645577073978706,0.10704075009766045,0.10213763090815231,0.7758170938890718,0.0,0.050624110589281734,0.04836175384776076,-0.12403629291837481,0.4133631939671683,0.002746332183323716,0.01572846574149822,-0.11452837556969309,0.06635257633077996,0.06336639030776081,0.5158779304147343,0.038073025153497496,0.047725044737938704,0.04559503793972253,-0.12506116913232435,0.3942761522561154,0.005485920203859838,-0.02066521425059631,-0.13588866241524677,0.027059830487342396,0.025863505619215132,0.2561832266251827,0.07477147886856456,0.05207909382451237,0.04975018764276773,-0.12352267466982247,0.4229169197553024,0.0013740166087745126,0.034385526497309415,-0.10455893763206026,0.08646462032182178,0.08253882078141483,0.6455065338015566,0.01920935001626612,EVALUATED,0.01572846574149822,valid,6.0,0.0,10.0,0.10704075009766045,0.10213763090815231,0.0,ALL,-0.11452837556969309,deepseek,0.06635257633077996,0.06336639030776081,new,10.0,0.06770862683590274,0.6506941271373236,,0.014312460755964374,3.0,10.0,deepseek/ALL/train_2022/M2/run_03,0.5158779304147343,0.0,2023.0,90578.0,2022.0,0.14872578405711953,0.0
M2,,,,,,,,,,,,,,,,,,,,,,,,,,,,,,,,,,,,,,,,,,,,,,MISSING,,not_started,,,,,,,ALL,,glm,,,new,10.0,,,,,3.0,,glm/ALL/train_2022/M2/run_03,,,2023.0,,2022.0,,0.0
M0,,,,,,,,,,,,,,,,,,,,,,,,,,,,,,,,,,,,,,,,,,,,,,MISSING,,not_started,,,,,,,C26,,glm,,,new,10.0,,,,,3.0,,glm/C26/train_2022/M0/run_03,,,2023.0,,2022.0,,0.0
M0,-0.06703718199431896,-0.0647915665624812,-0.06205302883366581,-0.2214382526808708,-0.3737976725308925,0.0,0.09931083144379182,-0.15820362042978864,0.03451926488131063,0.03298789360189591,0.29541736385376477,0.0,-0.06703718199431896,-0.06420702306163584,-0.22214665817577695,-0.38989724770528716,0.002225770295068979,0.06182282126481975,-0.17969577588137375,-0.005214360729499212,-0.004987318297010268,0.0441237090900383,0.03836394184385677,-0.06930328098693894,-0.06638089455225804,-0.22285527543844807,-0.4061593812223955,0.004445996145572619,0.025883556247524697,-0.20062385733422938,-0.043419724739414245,-0.041564377961465615,-0.20556097968707823,0.07531120988988624,-0.06591458780513326,-0.06313020250747114,-0.22179243711441854,-0.38184725504411426,0.0011135524015252406,0.08038260166236078,-0.16901955510838973,0.014468013857227513,0.013832126254141208,0.1696813378974551,0.019362749035671235,EVALUATED,0.06182282126481975,valid,3.0,0.0,10.0,0.03451926488131063,0.03298789360189591,0.0,C26,-0.17969577588137375,deepseek,-0.005214360729499212,-0.004987318297010268,new,10.0,0.07618094407743993,0.7030709349611571,,0.06328291216543946,3.0,10.0,deepseek/C26/train_2022/M0/run_03,0.0441237090900383,0.0,2023.0,40534.0,2022.0,0.15520043029873642,0.0
M1,,,,,,,,,,,,,,,,,,,,,,,,,,,,,,,,,,,,,,,,,,,,,,MISSING,,not_started,,,,,,,C26,,glm,,,new,10.0,,,,,3.0,,glm/C26/train_2022/M1/run_03,,,2023.0,,2022.0,,0.0
M1,-0.06703718199431896,-0.0647915665624812,-0.06205302883366581,-0.2214382526808708,-0.3737976725308925,0.0,0.008542858039425671,-0.2186097406988604,-0.056248708523055524,-0.05386077797206201,-0.305700691554163,0.0,-0.06703718199431896,-0.06420702306163584,-0.22214665817577695,-0.38989724770528716,0.002225770295068979,-0.030245698452377345,-0.2412462400225618,-0.09728288044669631,-0.09324098254934676,-0.5963295130635625,0.04213357778823811,-0.06930328098693894,-0.06638089455225804,-0.22285527543844807,-0.4061593812223955,0.004445996145572619,-0.06719626987778671,-0.2631948733529701,-0.13649955086472565,-0.1309500132255783,-0.8836358496306473,0.08254975008924847,-0.06591458780513326,-0.06313020250747114,-0.22179243711441854,-0.38184725504411426,0.0011135524015252406,-0.011072215947754538,-0.23000813188744096,-0.0769868037528878,-0.07375343057046213,-0.45127163246532953,0.021286978558449673,EVALUATED,-0.030245698452377345,valid,3.0,0.0,10.0,-0.056248708523055524,-0.05386077797206201,0.0,C26,-0.2412462400225618,deepseek,-0.09728288044669631,-0.09324098254934676,new,10.0,0.052989504587788644,0.4912573911958883,,-0.031026049781546106,3.0,10.0,deepseek/C26/train_2022/M1/run_03,-0.5963295130635625,0.0,2023.0,64206.0,2022.0,0.17677037181216554,0.0
M2,,,,,,,,,,,,,,,,,,,,,,,,,,,,,,,,,,,,,,,,,,,,,,MISSING,,not_started,,,,,,,C26,,glm,,,new,10.0,,,,,3.0,,glm/C26/train_2022/M2/run_03,,,2023.0,,2022.0,,0.0
M2,-0.06703718199431896,-0.0647915665624812,-0.06205302883366581,-0.2214382526808708,-0.3737976725308925,0.0,0.03426020716142286,-0.2020979285702189,-0.030531359401058333,-0.029218308052637365,-0.12360326208263621,0.0,-0.06703718199431896,-0.06420702306163584,-0.22214665817577695,-0.38989724770528716,0.002225770295068979,-0.011897702546140754,-0.22895932495278992,-0.07893488454045972,-0.07562308863415157,-0.4529142083158764,0.048988175029683,-0.06930328098693894,-0.06638089455225804,-0.22285527543844807,-0.4061593812223955,0.004445996145572619,-0.05564861047020975,-0.25493254207102634,-0.12495189145714869,-0.1198386724804652,-0.7787974152534648,0.09569478910551538,-0.06591458780513326,-0.06313020250747114,-0.22179243711441854,-0.38184725504411426,0.0011135524015252406,0.010881625059144917,-0.21563948569082225,-0.055032962745988345,-0.0526951913509478,-0.2885442061637214,0.024786436951175217,EVALUATED,-0.011897702546140754,valid,5.0,0.0,10.0,-0.030531359401058333,-0.029218308052637365,0.0,C26,-0.22895932495278992,deepseek,-0.07893488454045972,-0.07562308863415157,new,10.0,0.04708415509574496,0.4487751765301259,,-0.012199349486320843,3.0,10.0,deepseek/C26/train_2022/M2/run_03,-0.4529142083158764,0.0,2023.0,89549.0,2022.0,0.20284180971295007,0.0
M3,,,,,,,,,,,,,,,,,,,,,,,,,,,,,,,,,,,,,,,,,,,,,,MISSING,,not_started,,,,,,,C26,,glm,,,new,19.0,,,,,3.0,,glm/C26/train_2022/M3/run_03,,,2023.0,,2022.0,,0.0
M3,,,,,,,,,,,,,,,,,,,,,,,,,,,,,,,,,,,,,,,,,,,,,,MISSING,,failed,,0.0,2.0,,,0.0,C26,,deepseek,,,new,19.0,,,摘要格式不合规,,3.0,4.0,deepseek/C26/train_2022/M3/run_03,,2.0,2023.0,21513.0,2022.0,,0.0
M1,0.06469363262568906,0.06756623339185364,0.06452379119734974,-0.15437683564500537,0.4777711374471539,0.0,0.032463443980173645,-0.14011607721546648,0.10002967737202728,0.09546136915214598,0.6651517831813696,0.0,0.06469363262568906,0.06178424994044307,-0.1553326187281543,0.461458891776912,0.0026734681360190958,-0.014740045672619217,-0.16556716787922443,0.04995358695306984,0.047721871028513885,0.3793880716212593,0.047206103903400735,0.06183544890347048,0.059058137692117096,-0.1563190467083353,0.44517509551089113,0.005339411394901237,-0.059594849738932254,-0.19014663368471796,0.002240599164538226,0.002142690527437985,0.09516593565887023,0.09233923763653758,0.06612901981099939,0.06315318994654673,-0.15485490825908976,0.4696166651591298,0.0013376916259892726,0.008572170004406798,-0.1529419761745574,0.07470118981540619,0.07132686469187144,0.5222227875708978,0.023868438953011887,EVALUATED,-0.014740045672619217,valid,5.0,0.0,10.0,0.10002967737202728,0.09546136915214598,0.0,C35,-0.16556716787922443,deepseek,0.04995358695306984,0.047721871028513885,new,10.0,0.06963148865160923,0.6220886233158771,,-0.013244102003507785,3.0,10.0,deepseek/C35/train_2022/M1/run_03,0.3793880716212593,0.0,2023.0,64726.0,2022.0,0.184168920089523,0.0
M1,,,,,,,,,,,,,,,,,,,,,,,,,,,,,,,,,,,,,,,,,,,,,,MISSING,,not_started,,,,,,,C35,,glm,,,new,10.0,,,,,3.0,,glm/C35/train_2022/M1/run_03,,,2023.0,,2022.0,,0.0
M2,0.06469363262568906,0.06756623339185364,0.06452379119734974,-0.15437683564500537,0.4777711374471539,0.0,0.10592792816639252,-0.1323255906822417,0.17349416155824615,0.16532760747086184,1.003347604242471,0.0,0.06469363262568906,0.06178424994044307,-0.1553326187281543,0.461458891776912,0.0026734681360190958,0.050140325159542254,-0.1451284459071076,0.11483395778523131,0.10955651193651494,0.7090561797167472,0.053858578602443516,0.06183544890347048,0.059058137692117096,-0.1563190467083353,0.44517509551089113,0.005339411394901237,-0.0029209892404684634,-0.15784602017357952,0.05891445966300202,0.05627179108395319,0.41393598496179096,0.1050788524449211,0.06612901981099939,0.06315318994654673,-0.15485490825908976,0.4696166651591298,0.0013376916259892726,0.07774583043540129,-0.1387146255982149,0.14387485024640068,0.1371826974107595,0.8566841242648606,0.02726749295122481,EVALUATED,0.050140325159542254,valid,3.0,0.0,10.0,0.17349416155824615,0.16532760747086184,0.0,C35,-0.1451284459071076,deepseek,0.11483395778523131,0.10955651193651494,new,10.0,0.0510743032793355,0.533149794176687,,0.04499243796350472,3.0,10.0,deepseek/C35/train_2022/M2/run_03,0.7090561797167472,0.0,2023.0,88502.0,2022.0,0.2032396776893961,0.0
M2,,,,,,,,,,,,,,,,,,,,,,,,,,,,,,,,,,,,,,,,,,,,,,MISSING,,not_started,,,,,,,C35,,glm,,,new,10.0,,,,,3.0,,glm/C35/train_2022/M2/run_03,,,2023.0,,2022.0,,0.0
M3,,,,,,,,,,,,,,,,,,,,,,,,,,,,,,,,,,,,,,,,,,,,,,MISSING,,failed,,0.0,7.0,,,0.0,C35,,deepseek,,,new,19.0,,,摘要格式不合规,,3.0,14.0,deepseek/C35/train_2022/M3/run_03,,7.0,2023.0,83442.0,2022.0,,0.0
M3,,,,,,,,,,,,,,,,,,,,,,,,,,,,,,,,,,,,,,,,,,,,,,MISSING,,not_started,,,,,,,C35,,glm,,,new,19.0,,,,,3.0,,glm/C35/train_2022/M3/run_03,,,2023.0,,2022.0,,0.0
M0,0.06469363262568906,0.06756623339185364,0.06452379119734974,-0.15437683564500537,0.4777711374471539,0.0,0.07206190539456658,-0.13048833436748364,0.13962813878642022,0.1331447912509942,0.886604575898696,0.0,0.06469363262568906,0.06178424994044307,-0.1553326187281543,0.461458891776912,0.0026734681360190958,0.023711893281330054,-0.14226740075338096,0.08840552590701911,0.08438822515215438,0.6020382859626715,0.047747082010134854,0.06183544890347048,0.059058137692117096,-0.1563190467083353,0.44517509551089113,0.005339411394901237,-0.0223856437249621,-0.1539485582386424,0.03944980517850838,0.03769574298938605,0.31830321407479534,0.09338696030766937,0.06612901981099939,0.06315318994654673,-0.15485490825908976,0.4696166651591298,0.0013376916259892726,0.04762750583847186,-0.13637314279943025,0.11375652564947125,0.10853096668522122,0.7444470187741122,0.02414394056240236,EVALUATED,0.023711893281330054,valid,3.0,0.0,10.0,0.13962813878642022,0.1331447912509942,0.0,C35,-0.14226740075338096,deepseek,0.08840552590701911,0.08438822515215438,new,10.0,0.061750220265750125,0.6031830593641556,,0.021288670662593878,3.0,10.0,deepseek/C35/train_2022/M0/run_03,0.6020382859626715,0.0,2023.0,40194.0,2022.0,0.1827206679613038,0.0
M0,,,,,,,,,,,,,,,,,,,,,,,,,,,,,,,,,,,,,,,,,,,,,,MISSING,,not_started,,,,,,,C35,,glm,,,new,10.0,,,,,3.0,,glm/C35/train_2022/M0/run_03,,,2023.0,,2022.0,,0.0
M2,,,,,,,,,,,,,,,,,,,,,,,,,,,,,,,,,,,,,,,,,,,,,,MISSING,,not_started,,,,,,,C39,,glm,,,new,10.0,,,,,3.0,,glm/C39/train_2022/M2/run_03,,,2023.0,,2022.0,,0.0
M2,0.21629298803120478,0.2197264453626515,0.20919687478605686,-0.1600901746540756,0.9970605239851097,0.0,0.03071241272989167,-0.1323622603555744,0.2504388580925432,0.23829924377827982,1.1590905463451344,0.0,0.21629298803120478,0.20594143670310316,-0.16069791453078708,0.984481786752338,0.0029772147374514057,-0.01987389445024257,-0.1382106137914525,0.1964190935809622,0.1870900529599282,0.9515559803919749,0.04690666071477634,0.212861254687428,0.20268723235972375,-0.16129771508372515,0.9718671503753105,0.005945732872985749,-0.06803990048922248,-0.1442732589304755,0.14482135419820552,0.1380825737315874,0.7436752328728747,0.09181396071696407,0.21800875186558644,0.20756829100992746,-0.16039413271811154,0.9907741076700011,0.0014896435190760765,0.005226055991196521,-0.1352702037130652,0.22323480785678296,0.21252292115772708,1.055822782058805,0.023712211289219194,EVALUATED,-0.01987389445024257,valid,3.0,0.0,10.0,0.2504388580925432,0.23829924377827982,0.0,C39,-0.1382106137914525,deepseek,0.1964190935809622,0.1870900529599282,new,10.0,0.06844207677899826,0.6311914508374736,,-0.015632088897046592,3.0,10.0,deepseek/C39/train_2022/M2/run_03,0.9515559803919749,0.0,2023.0,89207.0,2022.0,0.17446483362924572,0.0
M3,,,,,,,,,,,,,,,,,,,,,,,,,,,,,,,,,,,,,,,,,,,,,,MISSING,,not_started,,,,,,,C39,,glm,,,new,19.0,,,,,3.0,,glm/C39/train_2022/M3/run_03,,,2023.0,,2022.0,,0.0
M3,0.21629298803120478,0.2197264453626515,0.20919687478605686,-0.1600901746540756,0.9970605239851097,0.0,-0.01564260061237821,-0.12283956617406278,0.2040838447502733,0.19436206014483393,1.0265129639624255,0.0,0.21629298803120478,0.20594143670310316,-0.16069791453078708,0.984481786752338,0.0029772147374514057,-0.05176381955944631,-0.12718197603771653,0.16452916847175847,0.1568121857133331,0.8601062998636319,0.03565530967211923,0.212861254687428,0.20268723235972375,-0.16129771508372515,0.9718671503753105,0.005945732872985749,-0.08633316340275288,-0.13200434478929945,0.12652809128467513,0.12068470648467278,0.6945529493756893,0.07014201875956964,0.21800875186558644,0.20756829100992746,-0.16039413271811154,0.9907741076700011,0.0014896435190760765,-0.03389488359183712,-0.12501538447794402,0.18411386827374931,0.17541109136329758,0.9432460837615446,0.017977362738524145,EVALUATED,-0.05176381955944631,valid,6.0,0.0,10.0,0.2040838447502733,0.19436206014483393,0.0,C39,-0.12718197603771653,deepseek,0.16452916847175847,0.1568121857133331,new,19.0,0.06288194809166527,0.4996871063777706,,-0.04073933401283847,3.0,19.0,deepseek/C39/train_2022/M3/run_03,0.8601062998636319,9.0,2023.0,115800.0,2022.0,0.13264065040223805,0.0
M0,,,,,,,,,,,,,,,,,,,,,,,,,,,,,,,,,,,,,,,,,,,,,,MISSING,,not_started,,,,,,,C39,,glm,,,new,10.0,,,,,3.0,,glm/C39/train_2022/M0/run_03,,,2023.0,,2022.0,,0.0
M0,0.21629298803120478,0.2197264453626515,0.20919687478605686,-0.1600901746540756,0.9970605239851097,0.0,0.051728750008220636,-0.12183789095056419,0.27145519537087215,0.25819581602850694,1.2683040728106871,0.0,0.21629298803120478,0.20594143670310316,-0.16069791453078708,0.984481786752338,0.0029772147374514057,0.014229708730583601,-0.12529435364546193,0.23052269676178838,0.21943075706150506,1.1102468062793935,0.035929418811302134,0.212861254687428,0.20268723235972375,-0.16129771508372515,0.9718671503753105,0.005945732872985749,-0.021881250328946056,-0.12870098035744904,0.19098000435848195,0.18192843124433367,0.9519403327683407,0.07070916168484792,0.21800875186558644,0.20756829100992746,-0.16039413271811154,0.9907741076700011,0.0014896435190760765,0.032816880562651196,-0.12356960339487832,0.25082563242823763,0.23866554162498854,1.1893838922127768,0.018110317692635946,EVALUATED,0.014229708730583601,valid,4.0,0.0,10.0,0.27145519537087215,0.25819581602850694,0.0,C39,-0.12529435364546193,deepseek,0.23052269676178838,0.21943075706150506,new,10.0,0.056825175972191236,0.5764767875787703,,0.011185717604397238,3.0,10.0,deepseek/C39/train_2022/M0/run_03,1.1102468062793935,0.0,2023.0,41836.0,2022.0,0.1297515950541998,0.0
M1,,,,,,,,,,,,,,,,,,,,,,,,,,,,,,,,,,,,,,,,,,,,,,MISSING,,not_started,,,,,,,C39,,glm,,,new,10.0,,,,,3.0,,glm/C39/train_2022/M1/run_03,,,2023.0,,2022.0,,0.0
M1,0.21629298803120478,0.2197264453626515,0.20919687478605686,-0.1600901746540756,0.9970605239851097,0.0,0.19851159412087283,-0.12274384844895103,0.41823803948352434,0.3967708397827536,1.8099674425383108,0.0,0.21629298803120478,0.20594143670310316,-0.16069791453078708,0.984481786752338,0.0029772147374514057,0.1481857095471335,-0.12656106765492203,0.3644786975783383,0.34609389200119356,1.621593283453944,0.04527350604341558,0.212861254687428,0.20268723235972375,-0.16129771508372515,0.9718671503753105,0.005945732872985749,0.09987045464745647,-0.13135196596137644,0.3127317093348845,0.2972315443247391,1.4323623252991708,0.08881643980206687,0.21800875186558644,0.20756829100992746,-0.16039413271811154,0.9907741076700011,0.0014896435190760765,0.17308721313342001,-0.1245997540925945,0.39109596499900645,0.37119569197123536,1.7159031259699213,0.02285661572120083,EVALUATED,0.1481857095471335,valid,6.0,0.0,10.0,0.41823803948352434,0.3967708397827536,0.0,C39,-0.12656106765492203,deepseek,0.3644786975783383,0.34609389200119356,new,10.0,0.07944260924139893,0.5998401400054311,,0.11621829305513387,3.0,10.0,deepseek/C39/train_2022/M1/run_03,1.621593283453944,0.0,2023.0,66122.0,2022.0,0.15442302291968688,0.0
M0,,,,,,,,,,,,,,,,,,,,,,,,,,,,,,,,,,,,,,,,,,,,,,MISSING,,not_started,,,,,,,ALL,,glm,,,new,10.0,,,,,3.0,,glm/ALL/train_2023/M0/run_03,,,2024.0,,2023.0,,0.0
M0,0.04475563222196133,0.048145047812569786,0.04599588745283745,-0.2942456860165513,0.3090175333372384,0.0,0.16537853836039917,-0.32872106831184567,0.21352358617296896,0.2033153316538252,0.6983392957771146,0.0,0.04475563222196133,0.04276084041543471,-0.29508568168513527,0.2998634188432436,0.0028758041429818326,0.11714516717734846,-0.33246310918787303,0.1619007993993098,0.15431508106147618,0.5836900998463863,0.038812614227834066,0.04139923538598289,0.03955685683770693,-0.29590980842469294,0.29077078997659933,0.005743362535119994,0.07072886596061911,-0.33615700223381273,0.112128101346602,0.1069808816963489,0.4682041973450527,0.07591631947436625,0.04644844879808252,0.04437661602192655,-0.2946653047915937,0.30443875366832646,0.001438906310002572,0.14095872353449068,-0.3306086727023225,0.1874071723325732,0.17853730253235556,0.6409635963267301,0.019620341748083237,EVALUATED,0.11714516717734846,valid,9.0,0.0,10.0,0.21352358617296896,0.2033153316538252,0.0,ALL,-0.33246310918787303,deepseek,0.1619007993993098,0.15431508106147618,new,10.0,0.08847909719806352,0.6021409962751121,,0.10697969881722669,3.0,10.0,deepseek/ALL/train_2023/M0/run_03,0.5836900998463863,0.0,2024.0,41396.0,2023.0,0.17306849409285668,0.0
M1,,,,,,,,,,,,,,,,,,,,,,,,,,,,,,,,,,,,,,,,,,,,,,MISSING,,not_started,,,,,,,ALL,,glm,,,new,10.0,,,,,3.0,,glm/ALL/train_2023/M1/run_03,,,2024.0,,2023.0,,0.0
M1,0.04475563222196133,0.048145047812569786,0.04599588745283745,-0.2942456860165513,0.3090175333372384,0.0,0.11145520155465904,-0.3788641293357029,0.15960024936722883,0.1521292213581793,0.5710946833186203,0.0,0.04475563222196133,0.04276084041543471,-0.29508568168513527,0.2998634188432436,0.0028758041429818326,0.06059147666116682,-0.38266591881398404,0.10534710888312815,0.10052503836361248,0.4503821531452078,0.04129581369991267,0.04139923538598289,0.03955685683770693,-0.29590980842469294,0.29077078997659933,0.005743362535119994,0.012217158296338626,-0.38633463464070805,0.05361639368232152,0.05121708192464336,0.3297985326082413,0.08061817788298895,0.04644844879808252,0.04437661602192655,-0.2946653047915937,0.30443875366832646,0.001438906310002572,0.08570869127582426,-0.38076438063500206,0.13215714007390678,0.12603953602699947,0.510741045398422,0.02090258035406222,EVALUATED,0.06059147666116682,valid,10.0,0.0,10.0,0.15960024936722883,0.1521292213581793,0.0,ALL,-0.38266591881398404,deepseek,0.10534710888312815,0.10052503836361248,new,10.0,0.08655976605364284,0.4739844020821335,,0.055395442281055196,3.0,10.0,deepseek/ALL/train_2023/M1/run_03,0.4503821531452078,0.0,2024.0,66979.0,2023.0,0.19030503338758925,0.0
M2,,,,,,,,,,,,,,,,,,,,,,,,,,,,,,,,,,,,,,,,,,,,,,MISSING,,not_started,,,,,,,ALL,,glm,,,new,10.0,,,,,3.0,,glm/ALL/train_2023/M2/run_03,,,2024.0,,2023.0,,0.0
M2,0.04475563222196133,0.048145047812569786,0.04599588745283745,-0.2942456860165513,0.3090175333372384,0.0,0.18319440659952835,-0.27054631795110495,0.23133945441209813,0.22020481049079854,0.7983393005564279,0.0,0.04475563222196133,0.04276084041543471,-0.29508568168513527,0.2998634188432436,0.0028758041429818326,0.13196213132806234,-0.27404588279487685,0.17671776355002367,0.16838885893229616,0.6599985337326482,0.041381055352605986,0.04139923538598289,0.03955685683770693,-0.29590980842469294,0.29077078997659933,0.005743362535119994,0.08316043619829872,-0.27754848963544876,0.1245596715842816,0.1188119030536825,0.5215996997587541,0.0808796087912796,0.04644844879808252,0.04437661602192655,-0.2946653047915937,0.30443875366832646,0.001438906310002572,0.15727106670555546,-0.27229991938460674,0.20371951550363798,0.19401644507111615,0.7291947418378174,0.02093240887473592,EVALUATED,0.13196213132806234,valid,8.0,0.0,10.0,0.23133945441209813,0.22020481049079854,0.0,ALL,-0.27404588279487685,deepseek,0.17671776355002367,0.16838885893229616,new,10.0,0.09162296305188299,0.6934039769253467,,0.12047634860052026,3.0,10.0,deepseek/ALL/train_2023/M2/run_03,0.6599985337326482,0.0,2024.0,88309.0,2023.0,0.17973947447030983,0.0
M3,,,,,,,,,,,,,,,,,,,,,,,,,,,,,,,,,,,,,,,,,,,,,,MISSING,,not_started,,,,,,,ALL,,glm,,,new,19.0,,,,,3.0,,glm/ALL/train_2023/M3/run_03,,,2024.0,,2023.0,,0.0
M3,,,,,,,,,,,,,,,,,,,,,,,,,,,,,,,,,,,,,,,,,,,,,,MISSING,,failed,,0.0,1.0,,,0.0,ALL,,deepseek,,,new,19.0,,,摘要格式不合规,,3.0,2.0,deepseek/ALL/train_2023/M3/run_03,,1.0,2024.0,9769.0,2023.0,,0.0
M1,-0.03457841241676285,-0.03168212508392554,-0.030320361028436604,-0.3113429836471765,0.0888516045153662,0.0,0.14097384602726482,-0.31947293387893694,0.10929172094333928,0.10428071560641272,0.4644984686273709,0.0,-0.03457841241676285,-0.03309429969286137,-0.3114646499380863,0.08048865497196477,0.0025721956505460053,0.09751392025991701,-0.3233227557679954,0.06293550784315416,0.06010740277727411,0.34878795113668454,0.03773179356487495,-0.03745334242530818,-0.03584814250624602,-0.3115869103742953,0.07216240841934976,0.0051372016894954495,0.055886369799047375,-0.32716704035002464,0.018433027373739197,0.0176213641008387,0.23291530267147698,0.0738861476727763,-0.03313266408115134,-0.031709579165821955,-0.31140370513374405,0.08466610375158802,0.0012870298334480812,0.11902185963374445,-0.32139142203151894,0.08588919555259311,0.08199049588397544,0.40669830175647015,0.019068346651088034,EVALUATED,0.09751392025991701,valid,5.0,0.0,10.0,0.10929172094333928,0.10428071560641272,0.0,C26,-0.3233227557679954,deepseek,0.06293550784315416,0.06010740277727411,new,10.0,0.08487115462886871,0.5619233902414721,,0.09639171890343579,3.0,10.0,deepseek/C26/train_2023/M1/run_03,0.34878795113668454,0.0,2024.0,65030.0,2023.0,0.17149039370151414,0.0
M1,,,,,,,,,,,,,,,,,,,,,,,,,,,,,,,,,,,,,,,,,,,,,,MISSING,,not_started,,,,,,,C26,,glm,,,new,10.0,,,,,3.0,,glm/C26/train_2023/M1/run_03,,,2024.0,,2023.0,,0.0
M2,-0.03457841241676285,-0.03168212508392554,-0.030320361028436604,-0.3113429836471765,0.0888516045153662,0.0,0.06676587364404074,-0.32506910556255586,0.0350837485601152,0.0335269315858977,0.27296352547196834,0.0,-0.03457841241676285,-0.03309429969286137,-0.3114646499380863,0.08048865497196477,0.0025721956505460053,0.020628100259553084,-0.3283809013383938,-0.013950312157209765,-0.013345451876680459,0.13456093658088514,0.040637617728701426,-0.03745334242530818,-0.03584814250624602,-0.3115869103742953,0.07216240841934976,0.0051372016894954495,-0.02317910880028362,-0.331659372550582,-0.0606324512255918,-0.05806420142284496,-0.0035489641967326336,0.07938503096002698,-0.03313266408115134,-0.031709579165821955,-0.31140370513374405,0.08466610375158802,0.0012870298334480812,0.04338259286512458,-0.32673512141835814,0.010249928783973239,0.009800326128755366,0.20369009977066033,0.020560848098290212,EVALUATED,0.020628100259553084,valid,6.0,0.0,10.0,0.0350837485601152,0.0335269315858977,0.0,C26,-0.3283809013383938,deepseek,-0.013950312157209765,-0.013345451876680459,new,10.0,0.07619865516645785,0.555932354532832,,0.02042479200392311,3.0,10.0,deepseek/C26/train_2023/M2/run_03,0.13456093658088514,0.0,2024.0,93141.0,2023.0,0.1934428573025822,0.0
M2,,,,,,,,,,,,,,,,,,,,,,,,,,,,,,,,,,,,,,,,,,,,,,MISSING,,not_started,,,,,,,C26,,glm,,,new,10.0,,,,,3.0,,glm/C26/train_2023/M2/run_03,,,2024.0,,2023.0,,0.0
M3,-0.03457841241676285,-0.03168212508392554,-0.030320361028436604,-0.3113429836471765,0.0888516045153662,0.0,0.13607037240924902,-0.2875491778708201,0.10438824732532348,0.09961201501827954,0.46044596313618263,0.0,-0.03457841241676285,-0.03309429969286137,-0.3114646499380863,0.08048865497196477,0.0025721956505460053,0.0931277071426343,-0.2897353765388767,0.05854929472587145,0.05592343480410067,0.3368985926217915,0.03729645468906115,-0.03745334242530818,-0.03584814250624602,-0.3115869103742953,0.07216240841934976,0.0051372016894954495,0.05207469761531425,-0.29191209497368764,0.014621355190006069,0.013978681710947072,0.2134266119134701,0.07304733241415359,-0.03313266408115134,-0.031709579165821955,-0.31140370513374405,0.08466610375158802,0.0012870298334480812,0.11431675087476134,-0.28866363799362094,0.08118408679361,0.07750649971280987,0.3985581102388681,0.01884466710178912,EVALUATED,0.0931277071426343,valid,8.0,0.0,10.0,0.10438824732532348,0.09961201501827954,0.0,C26,-0.2897353765388767,deepseek,0.05854929472587145,0.05592343480410067,new,19.0,0.09136076761420088,0.6603374618523232,,0.09206454617930726,3.0,19.0,deepseek/C26/train_2023/M3/run_03,0.3368985926217915,9.0,2024.0,122610.0,2023.0,0.16934112803481138,0.0
M3,,,,,,,,,,,,,,,,,,,,,,,,,,,,,,,,,,,,,,,,,,,,,,MISSING,,not_started,,,,,,,C26,,glm,,,new,19.0,,,,,3.0,,glm/C26/train_2023/M3/run_03,,,2024.0,,2023.0,,0.0
M0,-0.03457841241676285,-0.03168212508392554,-0.030320361028436604,-0.3113429836471765,0.0888516045153662,0.0,0.1439049593767202,-0.33016219955922166,0.11222283429279467,0.10707105999640176,0.4685953946863261,0.0,-0.03457841241676285,-0.03309429969286137,-0.3114646499380863,0.08048865497196477,0.0025721956505460053,0.10133094039627821,-0.3337100595288518,0.06675252797951536,0.06374780950302483,0.35868103022145786,0.036767024470457293,-0.03745334242530818,-0.03584814250624602,-0.3115869103742953,0.07216240841934976,0.0051372016894954495,0.06061472908798271,-0.3372383329732205,0.023161386662674532,0.022139265763800875,0.2488289412626052,0.07203000250234269,-0.03313266408115134,-0.031709579165821955,-0.31140370513374405,0.08466610375158802,0.0012870298334480812,0.12236467996698841,-0.33193859026202377,0.08923201588583707,0.08517570772791894,0.4135963701506853,0.018575817889116532,EVALUATED,0.10133094039627821,valid,8.0,0.0,10.0,0.11222283429279467,0.10707105999640176,0.0,C26,-0.3337100595288518,deepseek,0.06675252797951536,0.06374780950302483,new,10.0,0.08946621980428641,0.5629695347668361,,0.10015672589904501,3.0,10.0,deepseek/C26/train_2023/M0/run_03,0.35868103022145786,0.0,2024.0,41601.0,2023.0,0.16719472396175453,0.0
M0,,,,,,,,,,,,,,,,,,,,,,,,,,,,,,,,,,,,,,,,,,,,,,MISSING,,not_started,,,,,,,C26,,glm,,,new,10.0,,,,,3.0,,glm/C26/train_2023/M0/run_03,,,2024.0,,2023.0,,0.0
M2,,,,,,,,,,,,,,,,,,,,,,,,,,,,,,,,,,,,,,,,,,,,,,MISSING,,not_started,,,,,,,C35,,glm,,,new,10.0,,,,,3.0,,glm/C35/train_2023/M2/run_03,,,2024.0,,2023.0,,0.0
M2,-0.027529377776255526,-0.024367861990122197,-0.023316685926521696,-0.3243047642047604,0.13586845531955397,0.0,0.03166435360209152,-0.3927426906329283,0.007296491611969325,0.006976885535120214,0.2285096852516021,0.0,-0.027529377776255526,-0.026343670974760647,-0.3251067110997441,0.12774881677714575,0.002775523127229104,-0.002871665328044948,-0.39550477931166217,-0.030401043104300474,-0.02909351173536856,0.13899283092311415,0.02978825383046291,-0.030695668841164148,-0.029375658664476112,-0.3259083276899264,0.11959347132860795,0.005541438779367032,-0.03596920453557573,-0.3982592831100673,-0.06666487337673987,-0.06384988901555055,0.04954241273880249,0.05844538364089292,-0.025940454955317604,-0.02482230735575164,-0.32470582869872555,0.13183220369532356,0.0013890038487469971,0.014213760267574371,-0.39412898483318415,-0.011726694687743233,-0.011217697255068937,0.18376506818312177,0.015038469651553482,EVALUATED,-0.002871665328044948,valid,5.0,0.0,10.0,0.007296491611969325,0.006976885535120214,0.0,C35,-0.39550477931166217,deepseek,-0.030401043104300474,-0.02909351173536856,new,10.0,0.06654507180149605,0.45027449836650296,,-0.002824241653480386,3.0,10.0,deepseek/C35/train_2023/M2/run_03,0.13899283092311415,0.0,2024.0,88332.0,2023.0,0.14933136680249762,0.0
M3,,,,,,,,,,,,,,,,,,,,,,,,,,,,,,,,,,,,,,,,,,,,,,MISSING,,not_started,,,,,,,C35,,glm,,,new,19.0,,,,,3.0,,glm/C35/train_2023/M3/run_03,,,2024.0,,2023.0,,0.0
M3,,,,,,,,,,,,,,,,,,,,,,,,,,,,,,,,,,,,,,,,,,,,,,MISSING,,failed,,0.0,4.0,,,0.0,C35,,deepseek,,,new,19.0,,,摘要格式不合规,,3.0,8.0,deepseek/C35/train_2023/M3/run_03,,4.0,2024.0,45008.0,2023.0,,0.0
M0,,,,,,,,,,,,,,,,,,,,,,,,,,,,,,,,,,,,,,,,,,,,,,MISSING,,not_started,,,,,,,C35,,glm,,,new,10.0,,,,,3.0,,glm/C35/train_2023/M0/run_03,,,2024.0,,2023.0,,0.0
M0,-0.027529377776255526,-0.024367861990122197,-0.023316685926521696,-0.3243047642047604,0.13586845531955397,0.0,0.12757553177915826,-0.36644101386865724,0.10320766978903606,0.09848782725536531,0.4423760654629918,0.0,-0.027529377776255526,-0.026343670974760647,-0.3251067110997441,0.12774881677714575,0.002775523127229104,0.08406899408277879,-0.3697523490575656,0.056539616306523266,0.05400616859062368,0.34036209960548425,0.036709092445208535,-0.030695668841164148,-0.029375658664476112,-0.3259083276899264,0.11959347132860795,0.005541438779367032,0.04257511067140274,-0.3730277265200945,0.01187944183023859,0.011357961286641238,0.23846906942210888,0.07184584747169666,-0.025940454955317604,-0.02482230735575164,-0.32470582869872555,0.13183220369532356,0.0013890038487469971,0.10556215887997211,-0.3681045536098204,0.07962170392465451,0.07601735148929434,0.3913674253976155,0.01855567295981122,EVALUATED,0.08406899408277879,valid,6.0,0.0,10.0,0.10320766978903606,0.09848782725536531,0.0,C35,-0.3697523490575656,deepseek,0.056539616306523266,0.05400616859062368,new,10.0,0.10034299686921795,0.5623714590800238,,0.08252381992507085,3.0,10.0,deepseek/C35/train_2023/M0/run_03,0.34036209960548425,0.0,2024.0,40588.0,2023.0,0.17023477916822086,0.0
M1,,,,,,,,,,,,,,,,,,,,,,,,,,,,,,,,,,,,,,,,,,,,,,MISSING,,not_started,,,,,,,C35,,glm,,,new,10.0,,,,,3.0,,glm/C35/train_2023/M1/run_03,,,2024.0,,2023.0,,0.0
M1,-0.027529377776255526,-0.024367861990122197,-0.023316685926521696,-0.3243047642047604,0.13586845531955397,0.0,0.2331443352971314,-0.3692326452405471,0.2087764733070092,0.19881323913421234,0.6732508904740166,0.0,-0.027529377776255526,-0.026343670974760647,-0.3251067110997441,0.12774881677714575,0.002775523127229104,0.1839620111073832,-0.37313141318984366,0.15643263333112767,0.14911921202272138,0.5625064051399149,0.039216466266973844,-0.030695668841164148,-0.029375658664476112,-0.3259083276899264,0.11959347132860795,0.005541438779367032,0.1371129519821519,-0.377002144561694,0.10641728314098775,0.10154401230094301,0.4519203948592152,0.0766809338750203,-0.025940454955317604,-0.02482230735575164,-0.32470582869872555,0.13183220369532356,0.0013890038487469971,0.20826514008047659,-0.37118555626923777,0.18232468512515898,0.1737125272381741,0.617901247466056,0.019832727454479452,EVALUATED,0.1839620111073832,valid,6.0,0.0,10.0,0.2087764733070092,0.19881323913421234,0.0,C35,-0.37313141318984366,deepseek,0.15643263333112767,0.14911921202272138,new,10.0,0.11149197472332822,0.5974917815535973,,0.18021028340990086,3.0,10.0,deepseek/C35/train_2023/M1/run_03,0.5625064051399149,0.0,2024.0,66060.0,2023.0,0.17652014992872608,0.0
M3,,,,,,,,,,,,,,,,,,,,,,,,,,,,,,,,,,,,,,,,,,,,,,MISSING,,failed,,0.0,3.0,,,0.0,C39,,deepseek,,,new,19.0,,,摘要格式不合规,,3.0,6.0,deepseek/C39/train_2023/M3/run_03,,3.0,2024.0,33409.0,2023.0,,0.0
M3,,,,,,,,,,,,,,,,,,,,,,,,,,,,,,,,,,,,,,,,,,,,,,MISSING,,not_started,,,,,,,C39,,glm,,,new,19.0,,,,,3.0,,glm/C39/train_2023/M3/run_03,,,2024.0,,2023.0,,0.0
M0,0.11321048986334126,0.11709047007242135,0.11170421516413231,-0.3553829060778264,0.46862472422463153,0.0,0.20036871659505584,-0.37463552232822805,0.3174591866674772,0.30169892939163523,0.8211357348077554,0.0,0.11321048986334126,0.10801121031118077,-0.3562753557535553,0.4607750927456991,0.002909912298388036,0.14818656682580356,-0.37839187303104527,0.2613970566891448,0.24867538785605037,0.7278223142109436,0.03964483835233,0.10938443095321038,0.10436897807161083,-0.3571441420442978,0.4530091672135949,0.00580907659777047,0.09844140739829665,-0.3821319155420093,0.20782583835150703,0.19791157816693428,0.6345979420486023,0.07750161028283858,0.11513526723105438,0.10984330320487867,-0.3558372290231391,0.46467237481601986,0.001456184452872725,0.1740011553777887,-0.3765137591870876,0.2891364226088431,0.27492384931238156,0.7745147580931593,0.020051383329074093,EVALUATED,0.14818656682580356,valid,5.0,0.0,10.0,0.3174591866674772,0.30169892939163523,0.0,C39,-0.37839187303104527,deepseek,0.2613970566891448,0.24867538785605037,new,10.0,0.08882724713477562,0.5888629875866972,,0.12695194438092794,3.0,10.0,deepseek/C39/train_2023/M0/run_03,0.7278223142109436,0.0,2024.0,41632.0,2023.0,0.17611754819559292,0.0
M0,,,,,,,,,,,,,,,,,,,,,,,,,,,,,,,,,,,,,,,,,,,,,,MISSING,,not_started,,,,,,,C39,,glm,,,new,10.0,,,,,3.0,,glm/C39/train_2023/M0/run_03,,,2024.0,,2023.0,,0.0
M1,0.11321048986334126,0.11709047007242135,0.11170421516413231,-0.3553829060778264,0.46862472422463153,0.0,0.15657623441363255,-0.36846356457579366,0.2736667044860539,0.26028865558079994,0.7490919706472262,0.0,0.11321048986334126,0.10801121031118077,-0.3562753557535553,0.4607750927456991,0.002909912298388036,0.10248343751298239,-0.3722214699020525,0.21569392737632365,0.20537339531116272,0.6490000957031004,0.04196701678620534,0.10938443095321038,0.10436897807161083,-0.3571441420442978,0.4530091672135949,0.00580907659777047,0.05107545967292726,-0.3759543320849772,0.16045989062613764,0.15294602867596518,0.5489238765260508,0.08195376098917456,0.11513526723105438,0.10984330320487867,-0.3558372290231391,0.46467237481601986,0.001456184452872725,0.12916347156513286,-0.3703456610458038,0.24429873879618724,0.23248352927845928,0.6989934031913497,0.02123692530845149,EVALUATED,0.10248343751298239,valid,5.0,0.0,10.0,0.2736667044860539,0.26028865558079994,0.0,C39,-0.3722214699020525,deepseek,0.21569392737632365,0.20537339531116272,new,10.0,0.07574753519332841,0.5041822193602146,,0.08787111907706979,3.0,10.0,deepseek/C39/train_2023/M1/run_03,0.6490000957031004,0.0,2024.0,66086.0,2023.0,0.1872007591668674,0.0
M1,,,,,,,,,,,,,,,,,,,,,,,,,,,,,,,,,,,,,,,,,,,,,,MISSING,,not_started,,,,,,,C39,,glm,,,new,10.0,,,,,3.0,,glm/C39/train_2023/M1/run_03,,,2024.0,,2023.0,,0.0
M2,0.11321048986334126,0.11709047007242135,0.11170421516413231,-0.3553829060778264,0.46862472422463153,0.0,0.08969726523579391,-0.35052887833990676,0.20678773530821526,0.1969269198316752,0.6497552381549994,0.0,0.11321048986334126,0.10801121031118077,-0.3562753557535553,0.4607750927456991,0.002909912298388036,0.030901994260705612,-0.35520798715978796,0.14411248412404687,0.1374086277836979,0.5251580838951186,0.045459729777101755,0.10938443095321038,0.10436897807161083,-0.3571441420442978,0.4530091672135949,0.00580907659777047,-0.024721803140092424,-0.3598557180900692,0.08466262781311795,0.08082165152713561,0.40036108210626625,0.08850343666839733,0.11513526723105438,0.10984330320487867,-0.3558372290231391,0.46467237481601986,0.001456184452872725,0.05989332033748429,-0.3528723729506018,0.17502858756853867,0.16678480077527125,0.5874712991515179,0.023039619308798272,EVALUATED,0.030901994260705612,valid,4.0,0.0,10.0,0.20678773530821526,0.1969269198316752,0.0,C39,-0.35520798715978796,deepseek,0.14411248412404687,0.1374086277836979,new,10.0,0.07544382609191091,0.4923646216154334,,0.026531696790559556,3.0,10.0,deepseek/C39/train_2023/M2/run_03,0.5251580838951186,0.0,2024.0,88283.0,2023.0,0.21351430730467763,0.0
M2,,,,,,,,,,,,,,,,,,,,,,,,,,,,,,,,,,,,,,,,,,,,,,MISSING,,not_started,,,,,,,C39,,glm,,,new,10.0,,,,,3.0,,glm/C39/train_2023/M2/run_03,,,2024.0,,2023.0,,0.0
